{
  "results": [
    {
      "command": "change_picorv32_signals_10_pos_50_window_4000_trigger_posedge_clk",
      "mean": 0.09248581455555555,
      "stddev": 0.003801205319267402,
      "median": 0.091999091,
      "user": 0.07080966666666666,
      "system": 0.021442999999999997,
      "min": 0.08819718500000001,
      "max": 0.09908390800000001,
      "times": [
        0.092557867,
        0.09262824,
        0.089659025,
        0.091999091,
        0.091179825,
        0.088977736,
        0.08819718500000001,
        0.09908390800000001,
        0.098089454
      ],
      "exit_codes": [
        0,
        0,
        0,
        0,
        0,
        0,
        0,
        0,
        0
      ]
    }
  ]
}
