{
  "results": [
    {
      "command": "change_chipyard_clusteredrocketconfig_dhrystone_signals_10_pos_50_window_2000_trigger_posedge_clk",
      "mean": 0.20044957266666666,
      "stddev": 0.004256721427025526,
      "median": 0.19901811800000002,
      "user": 0.13606044444444446,
      "system": 0.06413722222222223,
      "min": 0.196318557,
      "max": 0.209267799,
      "times": [
        0.19800378500000002,
        0.209267799,
        0.19901638900000002,
        0.196318557,
        0.19980439000000003,
        0.199850312,
        0.205715065,
        0.197051739,
        0.19901811800000002
      ],
      "exit_codes": [
        0,
        0,
        0,
        0,
        0,
        0,
        0,
        0,
        0
      ]
    }
  ]
}
