{
  "results": [
    {
      "command": "change_scr1_signals_1_pos_50_window_4000_trigger_signal",
      "mean": 0.031026852083333334,
      "stddev": 0.0027415535408502646,
      "median": 0.030633274500000002,
      "user": 0.020174499999999998,
      "system": 0.010659083333333333,
      "min": 0.028016014000000002,
      "max": 0.038417924,
      "times": [
        0.029646764000000003,
        0.031017105000000003,
        0.031213464000000003,
        0.031164202000000002,
        0.028915401,
        0.030249444,
        0.028687364000000003,
        0.032078086,
        0.028016014000000002,
        0.038417924,
        0.033041374000000005,
        0.029875083
      ],
      "exit_codes": [
        0,
        0,
        0,
        0,
        0,
        0,
        0,
        0,
        0,
        0,
        0,
        0
      ]
    }
  ]
}
