{
  "results": [
    {
      "command": "change_chipyard_dualrocketconfig_dhrystone_signals_100_pos_50_window_2000_trigger_posedge_clk",
      "mean": 0.18080386283333336,
      "stddev": 0.0018499292192164954,
      "median": 0.1808609965,
      "user": 0.12380866666666666,
      "system": 0.05615599999999999,
      "min": 0.17820063500000002,
      "max": 0.18287746600000002,
      "times": [
        0.17820063500000002,
        0.18287746600000002,
        0.182365609,
        0.17979451200000002,
        0.179657474,
        0.181927481
      ],
      "exit_codes": [
        0,
        0,
        0,
        0,
        0,
        0
      ]
    }
  ]
}
