{
  "results": [
    {
      "command": "change_chipyard_dualrocketconfig_dhrystone_signals_1_pos_50_window_2000_trigger_any",
      "mean": 0.15320456291666665,
      "stddev": 0.008367807128258738,
      "median": 0.15073021350000002,
      "user": 0.10693325,
      "system": 0.04585733333333333,
      "min": 0.146272496,
      "max": 0.17797948100000002,
      "times": [
        0.15008449000000001,
        0.14993493700000002,
        0.17797948100000002,
        0.153374902,
        0.146272496,
        0.15320055000000002,
        0.149497702,
        0.14748639700000002,
        0.15093978400000002,
        0.151021218,
        0.158142155,
        0.150520643
      ],
      "exit_codes": [
        0,
        0,
        0,
        0,
        0,
        0,
        0,
        0,
        0,
        0,
        0,
        0
      ]
    }
  ]
}
