{
  "results": [
    {
      "command": "change_picorv32_signals_1_pos_50_window_8000_trigger_any",
      "mean": 0.047578646583333335,
      "stddev": 0.0017987582616172887,
      "median": 0.04761736,
      "user": 0.031711416666666666,
      "system": 0.015681166666666666,
      "min": 0.045062615,
      "max": 0.051881062000000006,
      "times": [
        0.047781229,
        0.046458878,
        0.048641139,
        0.046110341000000006,
        0.047453491,
        0.048352886000000005,
        0.045835263,
        0.051881062000000006,
        0.048088237000000006,
        0.046579031,
        0.048699587,
        0.045062615
      ],
      "exit_codes": [
        0,
        0,
        0,
        0,
        0,
        0,
        0,
        0,
        0,
        0,
        0,
        0
      ]
    }
  ]
}
