{
  "results": [
    {
      "command": "change_chipyard_dualrocketconfig_dhrystone_signals_1_pos_50_window_2000_trigger_signal",
      "mean": 0.18606193358333334,
      "stddev": 0.005446084808568618,
      "median": 0.18554073750000002,
      "user": 0.12453241666666666,
      "system": 0.06097641666666668,
      "min": 0.17831486600000002,
      "max": 0.19962871000000001,
      "times": [
        0.18579978100000002,
        0.18528169400000002,
        0.19101653000000002,
        0.18289544900000002,
        0.18772891,
        0.18402163400000002,
        0.18154714600000002,
        0.188336325,
        0.18226594000000002,
        0.185906218,
        0.17831486600000002,
        0.19962871000000001
      ],
      "exit_codes": [
        0,
        0,
        0,
        0,
        0,
        0,
        0,
        0,
        0,
        0,
        0,
        0
      ]
    }
  ]
}
