{
  "results": [
    {
      "command": "change_picorv32_signals_10_pos_50_window_2000_trigger_any",
      "mean": 0.08469380244444444,
      "stddev": 0.0016993324213931105,
      "median": 0.084783463,
      "user": 0.06688022222222222,
      "system": 0.017546888888888886,
      "min": 0.082292127,
      "max": 0.087381839,
      "times": [
        0.08453933300000001,
        0.08230443100000001,
        0.082292127,
        0.084783463,
        0.086654719,
        0.08479964300000001,
        0.087381839,
        0.085247206,
        0.084241461
      ],
      "exit_codes": [
        0,
        0,
        0,
        0,
        0,
        0,
        0,
        0,
        0
      ]
    }
  ]
}
