{
  "results": [
    {
      "command": "change_scr1_signals_1_pos_50_window_2000_trigger_posedge_clk",
      "mean": 0.020807211083333336,
      "stddev": 0.0012170835587607448,
      "median": 0.0207376415,
      "user": 0.011557083333333334,
      "system": 0.008995583333333333,
      "min": 0.018719179000000002,
      "max": 0.02247139,
      "times": [
        0.020529746,
        0.021342421,
        0.019778907000000002,
        0.021296144000000003,
        0.018719179000000002,
        0.019670484000000002,
        0.020545125,
        0.020930158,
        0.019675032000000002,
        0.022372464,
        0.02247139,
        0.022355483000000002
      ],
      "exit_codes": [
        0,
        0,
        0,
        0,
        0,
        0,
        0,
        0,
        0,
        0,
        0,
        0
      ]
    }
  ]
}
