{
  "results": [
    {
      "command": "change_chipyard_dualrocketconfig_dhrystone_signals_1_pos_50_window_4000_trigger_signal",
      "mean": 0.18868009158333335,
      "stddev": 0.009433949384295258,
      "median": 0.186164361,
      "user": 0.12691775000000002,
      "system": 0.06150100000000001,
      "min": 0.180172252,
      "max": 0.21715045500000002,
      "times": [
        0.188507473,
        0.185778819,
        0.180172252,
        0.183480644,
        0.186364364,
        0.190329042,
        0.18596435800000002,
        0.190001273,
        0.184863891,
        0.188214923,
        0.183333605,
        0.21715045500000002
      ],
      "exit_codes": [
        0,
        0,
        0,
        0,
        0,
        0,
        0,
        0,
        0,
        0,
        0,
        0
      ]
    }
  ]
}
