{
  "results": [
    {
      "command": "change_picorv32_signals_10_pos_50_window_4000_trigger_any",
      "mean": 0.085822954,
      "stddev": 0.0038877269973751068,
      "median": 0.083814181,
      "user": 0.06728777777777778,
      "system": 0.018350888888888885,
      "min": 0.08230723100000001,
      "max": 0.09218256500000001,
      "times": [
        0.09218256500000001,
        0.088808066,
        0.08521165400000001,
        0.082794029,
        0.083050712,
        0.082961485,
        0.083814181,
        0.08230723100000001,
        0.09127666300000001
      ],
      "exit_codes": [
        0,
        0,
        0,
        0,
        0,
        0,
        0,
        0,
        0
      ]
    }
  ]
}
