{
  "results": [
    {
      "command": "change_chipyard_dualrocketconfig_dhrystone_signals_1_pos_50_window_8000_trigger_posedge_clk",
      "mean": 0.15147592791666667,
      "stddev": 0.0037891991124203205,
      "median": 0.1506574125,
      "user": 0.103985,
      "system": 0.047174833333333326,
      "min": 0.147303285,
      "max": 0.159620233,
      "times": [
        0.152350771,
        0.14790345200000002,
        0.159620233,
        0.14892306500000002,
        0.154435019,
        0.153699045,
        0.154357417,
        0.148964054,
        0.153661013,
        0.14792000400000002,
        0.14857377700000002,
        0.147303285
      ],
      "exit_codes": [
        0,
        0,
        0,
        0,
        0,
        0,
        0,
        0,
        0,
        0,
        0,
        0
      ]
    }
  ]
}
