{
  "results": [
    {
      "command": "change_scr1_signals_10_pos_50_window_2000_trigger_posedge_clk",
      "mean": 0.027511186666666666,
      "stddev": 0.0009839711233459796,
      "median": 0.027759708,
      "user": 0.018272444444444442,
      "system": 0.008857555555555556,
      "min": 0.02633339,
      "max": 0.029293757,
      "times": [
        0.027904088,
        0.027246334,
        0.027759708,
        0.028122558000000002,
        0.029293757,
        0.028036868000000003,
        0.02633339,
        0.026469777000000003,
        0.0264342
      ],
      "exit_codes": [
        0,
        0,
        0,
        0,
        0,
        0,
        0,
        0,
        0
      ]
    }
  ]
}
