{
  "results": [
    {
      "command": "change_chipyard_clusteredrocketconfig_dhrystone_signals_100_pos_50_window_4000_trigger_any",
      "mean": 0.20748779316666668,
      "stddev": 0.003772712759115033,
      "median": 0.2069136485,
      "user": 0.15199366666666667,
      "system": 0.054919666666666665,
      "min": 0.203899391,
      "max": 0.21418167300000002,
      "times": [
        0.21418167300000002,
        0.207667126,
        0.206160171,
        0.208719642,
        0.203899391,
        0.20429875600000003
      ],
      "exit_codes": [
        0,
        0,
        0,
        0,
        0,
        0
      ]
    }
  ]
}
