{
  "results": [
    {
      "command": "change_chipyard_clusteredrocketconfig_dhrystone_signals_1_pos_50_window_2000_trigger_any",
      "mean": 0.1670042635,
      "stddev": 0.0022851563149248653,
      "median": 0.1666402395,
      "user": 0.11532124999999999,
      "system": 0.05122591666666668,
      "min": 0.16329769400000002,
      "max": 0.172639694,
      "times": [
        0.172639694,
        0.16329769400000002,
        0.167701854,
        0.16910181300000002,
        0.167738366,
        0.166458827,
        0.16581994900000002,
        0.16646438800000002,
        0.165466777,
        0.16554532900000002,
        0.16700038,
        0.166816091
      ],
      "exit_codes": [
        0,
        0,
        0,
        0,
        0,
        0,
        0,
        0,
        0,
        0,
        0,
        0
      ]
    }
  ]
}
