{
  "results": [
    {
      "command": "change_chipyard_dualrocketconfig_dhrystone_signals_100_pos_50_window_8000_trigger_signal",
      "mean": 0.1815761376666667,
      "stddev": 0.003970349647879974,
      "median": 0.1799216445,
      "user": 0.12386166666666665,
      "system": 0.057506166666666664,
      "min": 0.17853480700000002,
      "max": 0.188767349,
      "times": [
        0.188767349,
        0.18352742500000002,
        0.17853480700000002,
        0.179298478,
        0.17878395600000002,
        0.180544811
      ],
      "exit_codes": [
        0,
        0,
        0,
        0,
        0,
        0
      ]
    }
  ]
}
