{
  "results": [
    {
      "command": "change_chipyard_dualrocketconfig_dhrystone_signals_100_pos_50_window_2000_trigger_any",
      "mean": 0.15234010750000002,
      "stddev": 0.004942893118015913,
      "median": 0.1501594585,
      "user": 0.1057395,
      "system": 0.04638499999999999,
      "min": 0.149500193,
      "max": 0.162175174,
      "times": [
        0.14956027800000002,
        0.15248608300000002,
        0.14992697900000002,
        0.149500193,
        0.162175174,
        0.150391938
      ],
      "exit_codes": [
        0,
        0,
        0,
        0,
        0,
        0
      ]
    }
  ]
}
