{
  "results": [
    {
      "command": "change_picorv32_signals_1_pos_50_window_8000_trigger_posedge_clk",
      "mean": 0.04590880408333334,
      "stddev": 0.0012613815155251185,
      "median": 0.04557515050000001,
      "user": 0.031019166666666667,
      "system": 0.014714166666666665,
      "min": 0.044483364000000004,
      "max": 0.048511362,
      "times": [
        0.044799088,
        0.044665036000000005,
        0.044483364000000004,
        0.045071622000000006,
        0.045050121000000005,
        0.047244375000000005,
        0.045978040000000005,
        0.046843159,
        0.045296786000000006,
        0.047109181,
        0.048511362,
        0.045853515000000004
      ],
      "exit_codes": [
        0,
        0,
        0,
        0,
        0,
        0,
        0,
        0,
        0,
        0,
        0,
        0
      ]
    }
  ]
}
