{
  "results": [
    {
      "command": "change_chipyard_clusteredrocketconfig_dhrystone_signals_10_pos_50_window_2000_trigger_signal",
      "mean": 0.20503661533333334,
      "stddev": 0.003553537591546416,
      "median": 0.204498869,
      "user": 0.13596133333333332,
      "system": 0.06875922222222222,
      "min": 0.20039246900000002,
      "max": 0.210893624,
      "times": [
        0.203001708,
        0.210893624,
        0.204498869,
        0.20919504200000003,
        0.205362601,
        0.207480724,
        0.201292941,
        0.20039246900000002,
        0.20321156
      ],
      "exit_codes": [
        0,
        0,
        0,
        0,
        0,
        0,
        0,
        0,
        0
      ]
    }
  ]
}
