{
  "results": [
    {
      "command": "change_chipyard_dualrocketconfig_dhrystone_signals_10_pos_50_window_4000_trigger_posedge_clk",
      "mean": 0.18934676044444443,
      "stddev": 0.0038916244381959936,
      "median": 0.188391254,
      "user": 0.13175844444444443,
      "system": 0.056953999999999984,
      "min": 0.184019217,
      "max": 0.197438508,
      "times": [
        0.197438508,
        0.184019217,
        0.188391254,
        0.187770715,
        0.188107571,
        0.19069100800000002,
        0.192509952,
        0.18610879700000002,
        0.189083822
      ],
      "exit_codes": [
        0,
        0,
        0,
        0,
        0,
        0,
        0,
        0,
        0
      ]
    }
  ]
}
