{
  "results": [
    {
      "command": "change_chipyard_clusteredrocketconfig_dhrystone_signals_100_pos_50_window_8000_trigger_posedge_clk",
      "mean": 0.2524305393333333,
      "stddev": 0.004244629328335169,
      "median": 0.252640462,
      "user": 0.18022799999999997,
      "system": 0.071455,
      "min": 0.24638458400000002,
      "max": 0.25816409900000004,
      "times": [
        0.251615336,
        0.25816409900000004,
        0.24638458400000002,
        0.253665588,
        0.255415024,
        0.24933860500000002
      ],
      "exit_codes": [
        0,
        0,
        0,
        0,
        0,
        0
      ]
    }
  ]
}
