{
  "results": [
    {
      "command": "change_scr1_signals_1_pos_50_window_8000_trigger_signal",
      "mean": 0.028971507083333334,
      "stddev": 0.0012887722301797347,
      "median": 0.028815142000000002,
      "user": 0.018966416666666666,
      "system": 0.009740666666666663,
      "min": 0.027519540000000002,
      "max": 0.031759257,
      "times": [
        0.027799376,
        0.027519540000000002,
        0.027695641,
        0.028657556,
        0.028972728000000003,
        0.028351452000000003,
        0.031759257,
        0.030150498,
        0.029456355000000004,
        0.029982623000000003,
        0.029671389000000003,
        0.02764167
      ],
      "exit_codes": [
        0,
        0,
        0,
        0,
        0,
        0,
        0,
        0,
        0,
        0,
        0,
        0
      ]
    }
  ]
}
