{
  "results": [
    {
      "command": "change_chipyard_clusteredrocketconfig_dhrystone_signals_10_pos_50_window_2000_trigger_any",
      "mean": 0.16417548044444447,
      "stddev": 0.0016640344000370128,
      "median": 0.164372704,
      "user": 0.11497566666666668,
      "system": 0.04844966666666667,
      "min": 0.161484593,
      "max": 0.16643052700000002,
      "times": [
        0.16554987300000001,
        0.164223965,
        0.161484593,
        0.163155705,
        0.162078057,
        0.164599494,
        0.16643052700000002,
        0.165684406,
        0.164372704
      ],
      "exit_codes": [
        0,
        0,
        0,
        0,
        0,
        0,
        0,
        0,
        0
      ]
    }
  ]
}
