{
  "results": [
    {
      "command": "change_chipyard_dualrocketconfig_dhrystone_signals_10_pos_50_window_4000_trigger_signal",
      "mean": 0.18486718322222223,
      "stddev": 0.0034215667107609414,
      "median": 0.184116686,
      "user": 0.12835222222222223,
      "system": 0.056027,
      "min": 0.181106865,
      "max": 0.190656779,
      "times": [
        0.184116686,
        0.18550280200000002,
        0.19012203200000002,
        0.181106865,
        0.18146925700000002,
        0.18324613,
        0.190656779,
        0.183109663,
        0.18447443500000002
      ],
      "exit_codes": [
        0,
        0,
        0,
        0,
        0,
        0,
        0,
        0,
        0
      ]
    }
  ]
}
