{
  "results": [
    {
      "command": "change_chipyard_clusteredrocketconfig_dhrystone_signals_1_pos_50_window_8000_trigger_signal",
      "mean": 0.20694412408333338,
      "stddev": 0.00534381958216806,
      "median": 0.2063800905,
      "user": 0.14513383333333332,
      "system": 0.06140558333333334,
      "min": 0.201348879,
      "max": 0.220292545,
      "times": [
        0.206789456,
        0.201424191,
        0.201348879,
        0.201696064,
        0.20562342900000002,
        0.20597072500000002,
        0.207167867,
        0.210976972,
        0.21012665600000002,
        0.208741321,
        0.203171384,
        0.220292545
      ],
      "exit_codes": [
        0,
        0,
        0,
        0,
        0,
        0,
        0,
        0,
        0,
        0,
        0,
        0
      ]
    }
  ]
}
