{
  "results": [
    {
      "command": "change_chipyard_dualrocketconfig_dhrystone_signals_1_pos_50_window_4000_trigger_posedge_clk",
      "mean": 0.1525133245,
      "stddev": 0.0036940973234777085,
      "median": 0.15267109350000002,
      "user": 0.107498,
      "system": 0.044629749999999996,
      "min": 0.144484188,
      "max": 0.15688387,
      "times": [
        0.15595768000000002,
        0.154930706,
        0.14897305600000002,
        0.152196097,
        0.156304628,
        0.150460051,
        0.15688387,
        0.15074188600000002,
        0.15314609,
        0.144484188,
        0.15564033500000002,
        0.150441307
      ],
      "exit_codes": [
        0,
        0,
        0,
        0,
        0,
        0,
        0,
        0,
        0,
        0,
        0,
        0
      ]
    }
  ]
}
