{
  "results": [
    {
      "command": "change_picorv32_signals_10_pos_50_window_8000_trigger_posedge_clk",
      "mean": 0.09003451555555557,
      "stddev": 0.002673422808434773,
      "median": 0.08876566100000001,
      "user": 0.06773777777777777,
      "system": 0.02205722222222222,
      "min": 0.08783726600000001,
      "max": 0.095973586,
      "times": [
        0.09107983500000001,
        0.08783726600000001,
        0.088286192,
        0.088031121,
        0.08827369800000001,
        0.095973586,
        0.09208405400000001,
        0.08997922700000001,
        0.08876566100000001
      ],
      "exit_codes": [
        0,
        0,
        0,
        0,
        0,
        0,
        0,
        0,
        0
      ]
    }
  ]
}
