{
  "results": [
    {
      "command": "change_picorv32_signals_100_pos_50_window_8000_trigger_posedge_clk",
      "mean": 0.3725220676666667,
      "stddev": 0.00402100699962537,
      "median": 0.372306693,
      "user": 0.32688616666666664,
      "system": 0.04505133333333333,
      "min": 0.366510498,
      "max": 0.378882353,
      "times": [
        0.37120208200000004,
        0.37278076800000004,
        0.373924087,
        0.366510498,
        0.371832618,
        0.378882353
      ],
      "exit_codes": [
        0,
        0,
        0,
        0,
        0,
        0
      ]
    }
  ]
}
