{
  "results": [
    {
      "command": "change_chipyard_clusteredrocketconfig_dhrystone_signals_10_pos_50_window_8000_trigger_posedge_clk",
      "mean": 0.20032458866666666,
      "stddev": 0.0032725112953990703,
      "median": 0.199847248,
      "user": 0.13839855555555555,
      "system": 0.061388,
      "min": 0.196110675,
      "max": 0.20822849400000001,
      "times": [
        0.20026654600000002,
        0.19915854100000002,
        0.199426337,
        0.20097077200000002,
        0.20020562600000003,
        0.20822849400000001,
        0.199847248,
        0.196110675,
        0.19870705900000002
      ],
      "exit_codes": [
        0,
        0,
        0,
        0,
        0,
        0,
        0,
        0,
        0
      ]
    }
  ]
}
