{
  "results": [
    {
      "command": "change_chipyard_clusteredrocketconfig_dhrystone_signals_10_pos_50_window_4000_trigger_signal",
      "mean": 0.20613505733333332,
      "stddev": 0.004132923013722611,
      "median": 0.205753924,
      "user": 0.13986066666666666,
      "system": 0.06580522222222224,
      "min": 0.199683342,
      "max": 0.213289213,
      "times": [
        0.204453149,
        0.208092608,
        0.205753924,
        0.213289213,
        0.206155774,
        0.202326883,
        0.21068357000000001,
        0.20477705300000001,
        0.199683342
      ],
      "exit_codes": [
        0,
        0,
        0,
        0,
        0,
        0,
        0,
        0,
        0
      ]
    }
  ]
}
