{
  "results": [
    {
      "command": "change_picorv32_signals_1_pos_50_window_8000_trigger_signal",
      "mean": 0.06762633841666667,
      "stddev": 0.0025622959262815797,
      "median": 0.0673015035,
      "user": 0.04886541666666667,
      "system": 0.018532416666666666,
      "min": 0.06446083300000001,
      "max": 0.072344426,
      "times": [
        0.072344426,
        0.064684067,
        0.066648926,
        0.069799238,
        0.064618549,
        0.068939278,
        0.07108974900000001,
        0.067257591,
        0.067345416,
        0.06611610000000001,
        0.06446083300000001,
        0.068211888
      ],
      "exit_codes": [
        0,
        0,
        0,
        0,
        0,
        0,
        0,
        0,
        0,
        0,
        0,
        0
      ]
    }
  ]
}
