{
  "results": [
    {
      "command": "change_picorv32_signals_100_pos_50_window_2000_trigger_signal",
      "mean": 0.37080624133333345,
      "stddev": 0.007627563589552351,
      "median": 0.36990039950000003,
      "user": 0.3265466666666666,
      "system": 0.043103166666666665,
      "min": 0.36320202,
      "max": 0.38424684400000003,
      "times": [
        0.37277977900000003,
        0.36320202,
        0.36756481900000004,
        0.364808006,
        0.37223598,
        0.38424684400000003
      ],
      "exit_codes": [
        0,
        0,
        0,
        0,
        0,
        0
      ]
    }
  ]
}
