{
  "results": [
    {
      "command": "change_chipyard_clusteredrocketconfig_dhrystone_signals_10_pos_50_window_4000_trigger_posedge_clk",
      "mean": 0.2022019156666667,
      "stddev": 0.003331693511239668,
      "median": 0.20293596500000002,
      "user": 0.141758,
      "system": 0.05987377777777777,
      "min": 0.197197592,
      "max": 0.20631465000000002,
      "times": [
        0.20631465000000002,
        0.20398796700000002,
        0.200296934,
        0.20523275900000001,
        0.20293596500000002,
        0.200945281,
        0.197197592,
        0.19773827200000002,
        0.205167821
      ],
      "exit_codes": [
        0,
        0,
        0,
        0,
        0,
        0,
        0,
        0,
        0
      ]
    }
  ]
}
