{
  "results": [
    {
      "command": "change_chipyard_dualrocketconfig_dhrystone_signals_1_pos_50_window_8000_trigger_any",
      "mean": 0.15163198675,
      "stddev": 0.003688554505832167,
      "median": 0.150740255,
      "user": 0.10530025,
      "system": 0.045990916666666666,
      "min": 0.147386908,
      "max": 0.15864160600000002,
      "times": [
        0.15585158400000002,
        0.150635355,
        0.147995024,
        0.148317091,
        0.150845155,
        0.15864160600000002,
        0.151436115,
        0.15703355300000002,
        0.14898386,
        0.15015224400000002,
        0.147386908,
        0.152305346
      ],
      "exit_codes": [
        0,
        0,
        0,
        0,
        0,
        0,
        0,
        0,
        0,
        0,
        0,
        0
      ]
    }
  ]
}
