{
  "results": [
    {
      "command": "change_chipyard_dualrocketconfig_dhrystone_signals_100_pos_50_window_4000_trigger_signal",
      "mean": 0.18831108650000003,
      "stddev": 0.005845047923478194,
      "median": 0.18748621000000001,
      "user": 0.12696783333333334,
      "system": 0.060824333333333334,
      "min": 0.180736313,
      "max": 0.19731778400000002,
      "times": [
        0.180736313,
        0.188368789,
        0.19225292900000002,
        0.18458707300000002,
        0.19731778400000002,
        0.18660363100000002
      ],
      "exit_codes": [
        0,
        0,
        0,
        0,
        0,
        0
      ]
    }
  ]
}
