{
  "results": [
    {
      "command": "change_scr1_signals_100_pos_50_window_4000_trigger_signal",
      "mean": 0.14367366833333334,
      "stddev": 0.002128454958939904,
      "median": 0.144015048,
      "user": 0.1257515,
      "system": 0.017655333333333332,
      "min": 0.139860482,
      "max": 0.145773286,
      "times": [
        0.14303576,
        0.139860482,
        0.145773286,
        0.14534238600000002,
        0.14438800400000001,
        0.143642092
      ],
      "exit_codes": [
        0,
        0,
        0,
        0,
        0,
        0
      ]
    }
  ]
}
