{
  "results": [
    {
      "command": "change_chipyard_clusteredrocketconfig_dhrystone_signals_100_pos_50_window_4000_trigger_signal",
      "mean": 0.23962220733333336,
      "stddev": 0.003942226871623427,
      "median": 0.2399265975,
      "user": 0.17527866666666667,
      "system": 0.063941,
      "min": 0.23490479900000003,
      "max": 0.244848165,
      "times": [
        0.23980848200000002,
        0.24275838800000002,
        0.23490479900000003,
        0.24004471300000002,
        0.23536869700000002,
        0.244848165
      ],
      "exit_codes": [
        0,
        0,
        0,
        0,
        0,
        0
      ]
    }
  ]
}
