{
  "results": [
    {
      "command": "change_scr1_signals_100_pos_50_window_4000_trigger_posedge_clk",
      "mean": 0.1370830265,
      "stddev": 0.0019570963062502337,
      "median": 0.13768627500000002,
      "user": 0.11812283333333333,
      "system": 0.018655666666666664,
      "min": 0.13413429000000002,
      "max": 0.13914267300000002,
      "times": [
        0.13914267300000002,
        0.13413429000000002,
        0.135283245,
        0.138565401,
        0.137843555,
        0.13752899500000001
      ],
      "exit_codes": [
        0,
        0,
        0,
        0,
        0,
        0
      ]
    }
  ]
}
