{
  "results": [
    {
      "command": "change_picorv32_signals_1_pos_50_window_4000_trigger_posedge_clk",
      "mean": 0.04747554291666667,
      "stddev": 0.00109524551209551,
      "median": 0.047354954000000005,
      "user": 0.03165383333333333,
      "system": 0.015614166666666665,
      "min": 0.046048027000000005,
      "max": 0.049958243000000006,
      "times": [
        0.049958243000000006,
        0.046924969000000004,
        0.048173962,
        0.046400391000000006,
        0.047894135000000004,
        0.046394830000000005,
        0.046048027000000005,
        0.047020449000000006,
        0.048005475000000006,
        0.047689459000000003,
        0.046843395,
        0.04835318
      ],
      "exit_codes": [
        0,
        0,
        0,
        0,
        0,
        0,
        0,
        0,
        0,
        0,
        0,
        0
      ]
    }
  ]
}
