{
  "results": [
    {
      "command": "change_chipyard_clusteredrocketconfig_dhrystone_signals_100_pos_50_window_8000_trigger_any",
      "mean": 0.20679209483333336,
      "stddev": 0.0025919223253770027,
      "median": 0.20601623000000002,
      "user": 0.1503845,
      "system": 0.05584583333333334,
      "min": 0.20469867200000003,
      "max": 0.211337359,
      "times": [
        0.20792601900000002,
        0.20469867200000003,
        0.211337359,
        0.206996394,
        0.20475805900000002,
        0.20503606600000002
      ],
      "exit_codes": [
        0,
        0,
        0,
        0,
        0,
        0
      ]
    }
  ]
}
