{
  "results": [
    {
      "command": "change_picorv32_signals_10_pos_50_window_8000_trigger_any",
      "mean": 0.08712856622222223,
      "stddev": 0.004325118814461341,
      "median": 0.086300977,
      "user": 0.06719522222222221,
      "system": 0.019709777777777777,
      "min": 0.081949092,
      "max": 0.09379883400000001,
      "times": [
        0.091489002,
        0.086300977,
        0.09153899700000001,
        0.09379883400000001,
        0.08810023700000001,
        0.083286942,
        0.084830772,
        0.082862243,
        0.081949092
      ],
      "exit_codes": [
        0,
        0,
        0,
        0,
        0,
        0,
        0,
        0,
        0
      ]
    }
  ]
}
