{
  "results": [
    {
      "command": "change_scr1_signals_100_pos_50_window_8000_trigger_posedge_clk",
      "mean": 0.13916500099999998,
      "stddev": 0.003105622302489924,
      "median": 0.1384311655,
      "user": 0.11994049999999999,
      "system": 0.018569666666666665,
      "min": 0.135327856,
      "max": 0.14354941100000002,
      "times": [
        0.135327856,
        0.13800741500000002,
        0.142116989,
        0.138854916,
        0.14354941100000002,
        0.137133419
      ],
      "exit_codes": [
        0,
        0,
        0,
        0,
        0,
        0
      ]
    }
  ]
}
