{
  "results": [
    {
      "command": "change_chipyard_clusteredrocketconfig_dhrystone_signals_1_pos_50_window_2000_trigger_signal",
      "mean": 0.20768886066666667,
      "stddev": 0.0034963093558852357,
      "median": 0.20821069600000003,
      "user": 0.14132874999999998,
      "system": 0.06604,
      "min": 0.199990897,
      "max": 0.21226851700000002,
      "times": [
        0.21112246,
        0.2099974,
        0.199990897,
        0.209933438,
        0.206486684,
        0.21027092300000003,
        0.20626180400000002,
        0.21226851700000002,
        0.20899083300000001,
        0.20597456,
        0.20743055900000001,
        0.203538253
      ],
      "exit_codes": [
        0,
        0,
        0,
        0,
        0,
        0,
        0,
        0,
        0,
        0,
        0,
        0
      ]
    }
  ]
}
