{
  "results": [
    {
      "command": "change_picorv32_signals_100_pos_50_window_4000_trigger_signal",
      "mean": 0.3679491575,
      "stddev": 0.004524663816577219,
      "median": 0.36650327800000004,
      "user": 0.32626700000000003,
      "system": 0.04039983333333333,
      "min": 0.36343810800000004,
      "max": 0.37495221100000004,
      "times": [
        0.36343810800000004,
        0.36511829500000004,
        0.36788826100000005,
        0.37495221100000004,
        0.364622479,
        0.371675591
      ],
      "exit_codes": [
        0,
        0,
        0,
        0,
        0,
        0
      ]
    }
  ]
}
