{
  "results": [
    {
      "command": "change_chipyard_dualrocketconfig_dhrystone_signals_10_pos_50_window_4000_trigger_any",
      "mean": 0.15352390544444444,
      "stddev": 0.003836350932595648,
      "median": 0.152508272,
      "user": 0.10615288888888888,
      "system": 0.04639055555555555,
      "min": 0.14657166500000002,
      "max": 0.159969216,
      "times": [
        0.15534819700000002,
        0.15157340800000002,
        0.152452697,
        0.14657166500000002,
        0.152508272,
        0.157003158,
        0.159969216,
        0.154899276,
        0.15138926
      ],
      "exit_codes": [
        0,
        0,
        0,
        0,
        0,
        0,
        0,
        0,
        0
      ]
    }
  ]
}
