{
  "results": [
    {
      "command": "change_scr1_signals_1_pos_50_window_4000_trigger_any",
      "mean": 0.020329609083333335,
      "stddev": 0.001242017451978211,
      "median": 0.0206906985,
      "user": 0.011655416666666666,
      "system": 0.008489583333333335,
      "min": 0.018505577000000002,
      "max": 0.021820889000000003,
      "times": [
        0.021213169,
        0.021820889000000003,
        0.020905061000000003,
        0.021495619,
        0.021684533000000002,
        0.020476336,
        0.018990428,
        0.018638407000000003,
        0.019015996,
        0.021133079000000003,
        0.020076215,
        0.018505577000000002
      ],
      "exit_codes": [
        0,
        0,
        0,
        0,
        0,
        0,
        0,
        0,
        0,
        0,
        0,
        0
      ]
    }
  ]
}
