{
  "results": [
    {
      "command": "change_scr1_signals_100_pos_50_window_2000_trigger_posedge_clk",
      "mean": 0.14433945716666668,
      "stddev": 0.0033987994725481188,
      "median": 0.14462950800000002,
      "user": 0.12426,
      "system": 0.019432999999999995,
      "min": 0.13997874300000002,
      "max": 0.14988320300000002,
      "times": [
        0.14449530600000002,
        0.14522589,
        0.14476371000000002,
        0.14988320300000002,
        0.141689891,
        0.13997874300000002
      ],
      "exit_codes": [
        0,
        0,
        0,
        0,
        0,
        0
      ]
    }
  ]
}
