{
  "results": [
    {
      "command": "change_scr1_signals_100_pos_50_window_8000_trigger_any",
      "mean": 5.813760862666666,
      "stddev": 0.030137584388499845,
      "median": 5.805548115000001,
      "user": 4.853794833333333,
      "system": 0.9530594999999998,
      "min": 5.779186881,
      "max": 5.854131312,
      "times": [
        5.800606499,
        5.791909121,
        5.779186881,
        5.8104897310000005,
        5.854131312,
        5.846241632
      ],
      "exit_codes": [
        0,
        0,
        0,
        0,
        0,
        0
      ]
    }
  ]
}
