{
  "results": [
    {
      "command": "change_scr1_signals_10_pos_50_window_8000_trigger_any",
      "mean": 0.027008849333333335,
      "stddev": 0.0010842082913069568,
      "median": 0.02699446,
      "user": 0.018120999999999998,
      "system": 0.008614666666666666,
      "min": 0.025514772,
      "max": 0.029308451000000003,
      "times": [
        0.02699446,
        0.029308451000000003,
        0.025514772,
        0.027159939,
        0.027016901000000003,
        0.026785607000000003,
        0.025907419,
        0.027709591000000002,
        0.026682504000000003
      ],
      "exit_codes": [
        0,
        0,
        0,
        0,
        0,
        0,
        0,
        0,
        0
      ]
    }
  ]
}
