{
  "results": [
    {
      "command": "change_chipyard_clusteredrocketconfig_dhrystone_signals_1_pos_50_window_2000_trigger_posedge_clk",
      "mean": 0.16633433258333336,
      "stddev": 0.0046536165758985495,
      "median": 0.1647662195,
      "user": 0.11542383333333334,
      "system": 0.050684416666666655,
      "min": 0.161280897,
      "max": 0.17606941,
      "times": [
        0.165609941,
        0.162383258,
        0.163342113,
        0.16299808300000002,
        0.161789117,
        0.161280897,
        0.17606941,
        0.170006866,
        0.167037225,
        0.16989420500000002,
        0.17167837800000002,
        0.163922498
      ],
      "exit_codes": [
        0,
        0,
        0,
        0,
        0,
        0,
        0,
        0,
        0,
        0,
        0,
        0
      ]
    }
  ]
}
