{
  "results": [
    {
      "command": "change_chipyard_dualrocketconfig_dhrystone_signals_10_pos_50_window_2000_trigger_posedge_clk",
      "mean": 0.18753087544444444,
      "stddev": 0.00462720416909871,
      "median": 0.18853793800000002,
      "user": 0.12951888888888888,
      "system": 0.05774722222222222,
      "min": 0.182661912,
      "max": 0.196490149,
      "times": [
        0.18853793800000002,
        0.18440166900000002,
        0.190351292,
        0.190125335,
        0.189040074,
        0.18302547800000002,
        0.182661912,
        0.196490149,
        0.183144032
      ],
      "exit_codes": [
        0,
        0,
        0,
        0,
        0,
        0,
        0,
        0,
        0
      ]
    }
  ]
}
