{
  "results": [
    {
      "command": "change_scr1_coremark_imem_axi_1sig_to_1000ps",
      "mean": 0.03349741455555556,
      "stddev": 0.0012714969079437542,
      "median": 0.033863037000000006,
      "user": 0.017389666666666668,
      "system": 0.01594077777777778,
      "min": 0.031459178000000004,
      "max": 0.034993236000000004,
      "times": [
        0.034993236000000004,
        0.033863037000000006,
        0.034261256000000004,
        0.033740185,
        0.032546446,
        0.031744166000000004,
        0.034558647000000005,
        0.03431058,
        0.031459178000000004
      ],
      "exit_codes": [
        0,
        0,
        0,
        0,
        0,
        0,
        0,
        0,
        0
      ]
    }
  ]
}
