{
  "results": [
    {
      "command": "change_picorv32_signals_100_pos_50_window_4000_trigger_posedge_clk",
      "mean": 0.3731863773333333,
      "stddev": 0.005273466521223087,
      "median": 0.3738116845,
      "user": 0.33031799999999994,
      "system": 0.0419735,
      "min": 0.363917504,
      "max": 0.379526605,
      "times": [
        0.373458966,
        0.376316464,
        0.371734322,
        0.37416440300000003,
        0.379526605,
        0.363917504
      ],
      "exit_codes": [
        0,
        0,
        0,
        0,
        0,
        0
      ]
    }
  ]
}
