{
  "results": [
    {
      "command": "change_picorv32_signals_100_pos_50_window_2000_trigger_any",
      "mean": 0.37137594916666666,
      "stddev": 0.0064047706511615645,
      "median": 0.37042294750000004,
      "user": 0.3263568333333333,
      "system": 0.043957833333333335,
      "min": 0.36375619400000003,
      "max": 0.380811979,
      "times": [
        0.366316801,
        0.37652482600000003,
        0.380811979,
        0.36899400200000004,
        0.36375619400000003,
        0.37185189300000004
      ],
      "exit_codes": [
        0,
        0,
        0,
        0,
        0,
        0
      ]
    }
  ]
}
