{
  "results": [
    {
      "command": "change_chipyard_clusteredrocketconfig_dhrystone_signals_100_pos_50_window_2000_trigger_signal",
      "mean": 0.23905695733333332,
      "stddev": 0.003149365814752094,
      "median": 0.23845755600000001,
      "user": 0.168856,
      "system": 0.07000383333333333,
      "min": 0.234869409,
      "max": 0.24454660400000003,
      "times": [
        0.23977501,
        0.23823560900000001,
        0.238380203,
        0.234869409,
        0.23853490900000002,
        0.24454660400000003
      ],
      "exit_codes": [
        0,
        0,
        0,
        0,
        0,
        0
      ]
    }
  ]
}
