{
  "results": [
    {
      "command": "change_chipyard_dualrocketconfig_dhrystone_signals_1_pos_50_window_8000_trigger_signal",
      "mean": 0.1865360850833333,
      "stddev": 0.0025053440665233754,
      "median": 0.1868330245,
      "user": 0.1245715,
      "system": 0.06153483333333334,
      "min": 0.18292685900000002,
      "max": 0.190260179,
      "times": [
        0.188299513,
        0.185686716,
        0.18502879500000002,
        0.187046347,
        0.183293701,
        0.190260179,
        0.183428956,
        0.189130439,
        0.18292685900000002,
        0.189418211,
        0.187293603,
        0.186619702
      ],
      "exit_codes": [
        0,
        0,
        0,
        0,
        0,
        0,
        0,
        0,
        0,
        0,
        0,
        0
      ]
    }
  ]
}
