{
  "results": [
    {
      "command": "change_chipyard_clusteredrocketconfig_dhrystone_signals_100_pos_50_window_8000_trigger_signal",
      "mean": 0.2409076661666667,
      "stddev": 0.004466953464432264,
      "median": 0.241029818,
      "user": 0.17400166666666664,
      "system": 0.06660866666666666,
      "min": 0.234974915,
      "max": 0.24725010500000003,
      "times": [
        0.23759532900000002,
        0.24356601200000003,
        0.234974915,
        0.23925836700000003,
        0.24725010500000003,
        0.24280126900000001
      ],
      "exit_codes": [
        0,
        0,
        0,
        0,
        0,
        0
      ]
    }
  ]
}
