{
  "results": [
    {
      "command": "change_picorv32_signals_100_pos_50_window_8000_trigger_any",
      "mean": 0.3655142273333334,
      "stddev": 0.005582828029657075,
      "median": 0.36567020250000004,
      "user": 0.3213975,
      "system": 0.043746499999999994,
      "min": 0.359988168,
      "max": 0.375191824,
      "times": [
        0.36605348400000004,
        0.36528692100000004,
        0.360015772,
        0.36654919500000005,
        0.359988168,
        0.375191824
      ],
      "exit_codes": [
        0,
        0,
        0,
        0,
        0,
        0
      ]
    }
  ]
}
