{
  "results": [
    {
      "command": "change_scr1_signals_10_pos_50_window_8000_trigger_signal",
      "mean": 0.029003988111111115,
      "stddev": 0.0013598532819953822,
      "median": 0.028456893,
      "user": 0.01880711111111111,
      "system": 0.009893111111111111,
      "min": 0.027552757,
      "max": 0.032033335,
      "times": [
        0.029805334000000003,
        0.028556991,
        0.027552757,
        0.032033335,
        0.028363048000000002,
        0.028456893,
        0.029843285,
        0.028211534000000003,
        0.028212716000000002
      ],
      "exit_codes": [
        0,
        0,
        0,
        0,
        0,
        0,
        0,
        0,
        0
      ]
    }
  ]
}
