{
  "results": [
    {
      "command": "change_chipyard_dualrocketconfig_dhrystone_signals_1_pos_50_window_4000_trigger_any",
      "mean": 0.15249639666666667,
      "stddev": 0.004862511580537598,
      "median": 0.152069387,
      "user": 0.1066555,
      "system": 0.04550699999999999,
      "min": 0.14700881000000002,
      "max": 0.16507838100000002,
      "times": [
        0.147580283,
        0.14700881000000002,
        0.153917293,
        0.16507838100000002,
        0.155438674,
        0.150777179,
        0.152311323,
        0.155137317,
        0.152755271,
        0.150236359,
        0.14788841900000002,
        0.151827451
      ],
      "exit_codes": [
        0,
        0,
        0,
        0,
        0,
        0,
        0,
        0,
        0,
        0,
        0,
        0
      ]
    }
  ]
}
