{
  "results": [
    {
      "command": "change_picorv32_signals_10_pos_50_window_2000_trigger_signal",
      "mean": 0.09458381522222224,
      "stddev": 0.002666890601089674,
      "median": 0.094284568,
      "user": 0.07213244444444446,
      "system": 0.022265555555555556,
      "min": 0.091474441,
      "max": 0.100932904,
      "times": [
        0.094706356,
        0.094284568,
        0.094568711,
        0.095612479,
        0.09307480700000001,
        0.100932904,
        0.09360259,
        0.092997481,
        0.091474441
      ],
      "exit_codes": [
        0,
        0,
        0,
        0,
        0,
        0,
        0,
        0,
        0
      ]
    }
  ]
}
