{
  "results": [
    {
      "command": "change_picorv32_signals_10_pos_50_window_2000_trigger_posedge_clk",
      "mean": 0.09131343955555556,
      "stddev": 0.0014925602132054073,
      "median": 0.090907207,
      "user": 0.06893188888888888,
      "system": 0.02220177777777778,
      "min": 0.08947076000000001,
      "max": 0.093879458,
      "times": [
        0.09045104100000001,
        0.09067986800000001,
        0.09322416300000001,
        0.08947076000000001,
        0.090907207,
        0.093879458,
        0.092263123,
        0.08994104600000001,
        0.09100429
      ],
      "exit_codes": [
        0,
        0,
        0,
        0,
        0,
        0,
        0,
        0,
        0
      ]
    }
  ]
}
