{
  "results": [
    {
      "command": "change_chipyard_clusteredrocketconfig_dhrystone_signals_10_pos_50_window_4000_trigger_any",
      "mean": 0.16812409866666667,
      "stddev": 0.0031148027085771022,
      "median": 0.168955451,
      "user": 0.11576122222222221,
      "system": 0.05199022222222222,
      "min": 0.163647382,
      "max": 0.173377905,
      "times": [
        0.173377905,
        0.164429723,
        0.169656156,
        0.16729981100000002,
        0.168955451,
        0.16939795700000002,
        0.165833376,
        0.17051912700000002,
        0.163647382
      ],
      "exit_codes": [
        0,
        0,
        0,
        0,
        0,
        0,
        0,
        0,
        0
      ]
    }
  ]
}
