{
  "results": [
    {
      "command": "change_picorv32_signals_1_pos_50_window_2000_trigger_any",
      "mean": 0.04862398883333333,
      "stddev": 0.0016099198286704064,
      "median": 0.049051995,
      "user": 0.0319665,
      "system": 0.016383,
      "min": 0.046107658,
      "max": 0.050839542,
      "times": [
        0.050839542,
        0.049200515,
        0.050247366,
        0.049222986,
        0.048903475,
        0.046107658,
        0.048325906,
        0.046514644,
        0.047259978,
        0.050112753,
        0.049977678000000005,
        0.046775365000000006
      ],
      "exit_codes": [
        0,
        0,
        0,
        0,
        0,
        0,
        0,
        0,
        0,
        0,
        0,
        0
      ]
    }
  ]
}
