{
  "results": [
    {
      "command": "change_scr1_signals_1_pos_50_window_4000_trigger_posedge_clk",
      "mean": 0.020050228833333333,
      "stddev": 0.0012542948340439838,
      "median": 0.0199911495,
      "user": 0.011355333333333334,
      "system": 0.008511833333333331,
      "min": 0.018425887000000002,
      "max": 0.022578249,
      "times": [
        0.021848009,
        0.020335842,
        0.018425887000000002,
        0.019973561,
        0.019028559,
        0.019102928,
        0.019194269,
        0.020008738,
        0.021036737,
        0.018911589,
        0.022578249,
        0.020158378
      ],
      "exit_codes": [
        0,
        0,
        0,
        0,
        0,
        0,
        0,
        0,
        0,
        0,
        0,
        0
      ]
    }
  ]
}
