{
  "results": [
    {
      "command": "change_picorv32_signals_10_pos_50_window_8000_trigger_signal",
      "mean": 0.09740276188888888,
      "stddev": 0.0024642854793888247,
      "median": 0.09703284100000001,
      "user": 0.07467111111111109,
      "system": 0.02223488888888889,
      "min": 0.09319527600000001,
      "max": 0.10056948,
      "times": [
        0.095150179,
        0.09319527600000001,
        0.09652458900000001,
        0.09888975500000001,
        0.10056948,
        0.095943974,
        0.09924432200000001,
        0.100074441,
        0.09703284100000001
      ],
      "exit_codes": [
        0,
        0,
        0,
        0,
        0,
        0,
        0,
        0,
        0
      ]
    }
  ]
}
