{
  "results": [
    {
      "command": "change_picorv32_signals_1_pos_50_window_2000_trigger_signal",
      "mean": 0.07039364283333334,
      "stddev": 0.003071113481011047,
      "median": 0.07026027500000001,
      "user": 0.049157833333333324,
      "system": 0.020884833333333335,
      "min": 0.066576457,
      "max": 0.07544801000000001,
      "times": [
        0.066576457,
        0.070107289,
        0.07544801000000001,
        0.074620791,
        0.067237873,
        0.073222548,
        0.07245747400000001,
        0.069976288,
        0.070658883,
        0.066675228,
        0.070413261,
        0.06732961200000001
      ],
      "exit_codes": [
        0,
        0,
        0,
        0,
        0,
        0,
        0,
        0,
        0,
        0,
        0,
        0
      ]
    }
  ]
}
