{
  "results": [
    {
      "command": "change_chipyard_dualrocketconfig_dhrystone_signals_100_pos_50_window_8000_trigger_any",
      "mean": 0.15265773400000002,
      "stddev": 0.003978100276365338,
      "median": 0.15283768050000002,
      "user": 0.10907516666666665,
      "system": 0.04307816666666667,
      "min": 0.147784934,
      "max": 0.157003902,
      "times": [
        0.15607268400000002,
        0.15550372,
        0.15017164100000002,
        0.147784934,
        0.14940952300000002,
        0.157003902
      ],
      "exit_codes": [
        0,
        0,
        0,
        0,
        0,
        0
      ]
    }
  ]
}
