{
  "results": [
    {
      "command": "change_scr1_signals_10_pos_50_window_2000_trigger_signal",
      "mean": 0.028752871111111116,
      "stddev": 0.0009999408573706302,
      "median": 0.028673473,
      "user": 0.018099666666666667,
      "system": 0.010306222222222222,
      "min": 0.026808723000000003,
      "max": 0.030151817,
      "times": [
        0.029479926000000004,
        0.030151817,
        0.026808723000000003,
        0.029563282000000003,
        0.028673473,
        0.029251828,
        0.027983126,
        0.028324556,
        0.028539109000000003
      ],
      "exit_codes": [
        0,
        0,
        0,
        0,
        0,
        0,
        0,
        0,
        0
      ]
    }
  ]
}
