{
  "results": [
    {
      "command": "change_chipyard_dualrocketconfig_dhrystone_signals_100_pos_50_window_4000_trigger_any",
      "mean": 0.152802539,
      "stddev": 0.0034066269191054084,
      "median": 0.1522535235,
      "user": 0.10667883333333332,
      "system": 0.04571016666666666,
      "min": 0.149690182,
      "max": 0.15928901,
      "times": [
        0.15928901,
        0.150436743,
        0.152421731,
        0.152085316,
        0.152892252,
        0.149690182
      ],
      "exit_codes": [
        0,
        0,
        0,
        0,
        0,
        0
      ]
    }
  ]
}
