{
  "results": [
    {
      "command": "change_chipyard_dualrocketconfig_dhrystone_signals_10_pos_50_window_8000_trigger_posedge_clk",
      "mean": 0.18723220522222225,
      "stddev": 0.004206256767409112,
      "median": 0.18678935300000002,
      "user": 0.13050355555555554,
      "system": 0.05630966666666667,
      "min": 0.18297058700000002,
      "max": 0.19558693600000002,
      "times": [
        0.18306575600000002,
        0.18297058700000002,
        0.183955333,
        0.19558693600000002,
        0.18678935300000002,
        0.18733728700000002,
        0.19168506600000002,
        0.188454914,
        0.185244615
      ],
      "exit_codes": [
        0,
        0,
        0,
        0,
        0,
        0,
        0,
        0,
        0
      ]
    }
  ]
}
