{
  "results": [
    {
      "command": "change_scr1_signals_100_pos_50_window_4000_trigger_any",
      "mean": 6.1308779745,
      "stddev": 0.20697740558098157,
      "median": 6.1187114505,
      "user": 5.147323999999999,
      "system": 0.9739555000000001,
      "min": 5.865417732,
      "max": 6.451288128,
      "times": [
        6.451288128,
        6.233065659,
        6.198370116,
        5.998073427,
        5.865417732,
        6.039052785
      ],
      "exit_codes": [
        0,
        0,
        0,
        0,
        0,
        0
      ]
    }
  ]
}
