{
  "results": [
    {
      "command": "change_picorv32_signals_1_pos_50_window_4000_trigger_any",
      "mean": 0.04894997791666667,
      "stddev": 0.002284693527165134,
      "median": 0.0483816455,
      "user": 0.03191558333333333,
      "system": 0.016657166666666667,
      "min": 0.046327175000000005,
      "max": 0.055053996,
      "times": [
        0.04748668,
        0.049767998,
        0.048237624,
        0.048525667,
        0.047151969,
        0.046327175000000005,
        0.047330095,
        0.048198922000000005,
        0.049773678,
        0.050587831,
        0.055053996,
        0.048958100000000004
      ],
      "exit_codes": [
        0,
        0,
        0,
        0,
        0,
        0,
        0,
        0,
        0,
        0,
        0,
        0
      ]
    }
  ]
}
