{
  "results": [
    {
      "command": "change_chipyard_clusteredrocketconfig_dhrystone_signals_1_pos_50_window_8000_trigger_posedge_clk",
      "mean": 0.16620220100000002,
      "stddev": 0.003964276908203239,
      "median": 0.16694450300000002,
      "user": 0.11570041666666668,
      "system": 0.05022716666666666,
      "min": 0.15940267200000002,
      "max": 0.172558807,
      "times": [
        0.166710196,
        0.172558807,
        0.167206515,
        0.163916219,
        0.169888371,
        0.170359592,
        0.16717881,
        0.16796401400000002,
        0.165895918,
        0.15940267200000002,
        0.16302929200000002,
        0.160316006
      ],
      "exit_codes": [
        0,
        0,
        0,
        0,
        0,
        0,
        0,
        0,
        0,
        0,
        0,
        0
      ]
    }
  ]
}
