{
  "results": [
    {
      "command": "change_scr1_signals_10_pos_50_window_4000_trigger_any",
      "mean": 0.02694176677777778,
      "stddev": 0.001093919919617265,
      "median": 0.027103214,
      "user": 0.018487999999999997,
      "system": 0.008089222222222223,
      "min": 0.025774881000000003,
      "max": 0.029297092,
      "times": [
        0.027141666000000002,
        0.027108935,
        0.02651987,
        0.029297092,
        0.027103214,
        0.027615315,
        0.025977071,
        0.025937857,
        0.025774881000000003
      ],
      "exit_codes": [
        0,
        0,
        0,
        0,
        0,
        0,
        0,
        0,
        0
      ]
    }
  ]
}
