{
  "results": [
    {
      "command": "change_scr1_coremark_imem_axi_2sig_to_1000ps",
      "mean": 0.034179061000000004,
      "stddev": 0.0017214427317745714,
      "median": 0.03408357,
      "user": 0.01780588888888889,
      "system": 0.016145777777777776,
      "min": 0.031701924,
      "max": 0.036613185,
      "times": [
        0.035448771000000004,
        0.031701924,
        0.032637416,
        0.032542918000000004,
        0.033458343,
        0.036120577,
        0.035004845,
        0.03408357,
        0.036613185
      ],
      "exit_codes": [
        0,
        0,
        0,
        0,
        0,
        0,
        0,
        0,
        0
      ]
    }
  ]
}
