{
  "results": [
    {
      "command": "change_scr1_signals_100_pos_50_window_8000_trigger_signal",
      "mean": 0.14042667650000004,
      "stddev": 0.0017576713286175814,
      "median": 0.140796111,
      "user": 0.12237483333333334,
      "system": 0.017293,
      "min": 0.13804095200000002,
      "max": 0.142394072,
      "times": [
        0.142394072,
        0.14183531400000002,
        0.141360663,
        0.13804095200000002,
        0.140231559,
        0.138697499
      ],
      "exit_codes": [
        0,
        0,
        0,
        0,
        0,
        0
      ]
    }
  ]
}
