{
  "results": [
    {
      "command": "change_chipyard_clusteredrocketconfig_dhrystone_signals_1_pos_50_window_4000_trigger_any",
      "mean": 0.16502953458333336,
      "stddev": 0.002701355829879928,
      "median": 0.16444037300000003,
      "user": 0.114371,
      "system": 0.050145749999999996,
      "min": 0.16092630900000002,
      "max": 0.17013350400000002,
      "times": [
        0.16679812800000002,
        0.16651558500000002,
        0.17013350400000002,
        0.165245854,
        0.16879633300000002,
        0.164023053,
        0.16425018200000002,
        0.163420104,
        0.164630564,
        0.16092630900000002,
        0.16147208100000002,
        0.16414271800000002
      ],
      "exit_codes": [
        0,
        0,
        0,
        0,
        0,
        0,
        0,
        0,
        0,
        0,
        0,
        0
      ]
    }
  ]
}
