{
  "results": [
    {
      "command": "change_chipyard_dualrocketconfig_dhrystone_signals_10_pos_50_window_8000_trigger_any",
      "mean": 0.1528644037777778,
      "stddev": 0.0025687568689217012,
      "median": 0.152264282,
      "user": 0.10500066666666667,
      "system": 0.04738188888888889,
      "min": 0.14995866000000002,
      "max": 0.15713236,
      "times": [
        0.15713236,
        0.153264841,
        0.155806207,
        0.150935284,
        0.14995866000000002,
        0.15044937700000002,
        0.151064418,
        0.152264282,
        0.15490420500000002
      ],
      "exit_codes": [
        0,
        0,
        0,
        0,
        0,
        0,
        0,
        0,
        0
      ]
    }
  ]
}
