{
  "results": [
    {
      "command": "change_chipyard_dualrocketconfig_dhrystone_signals_10_pos_50_window_2000_trigger_any",
      "mean": 0.15156414555555556,
      "stddev": 0.001953329979562472,
      "median": 0.15096005,
      "user": 0.10602299999999999,
      "system": 0.044776666666666666,
      "min": 0.149425743,
      "max": 0.155146474,
      "times": [
        0.15096005,
        0.14994902000000002,
        0.154086454,
        0.152550383,
        0.149425743,
        0.150290746,
        0.15058648400000002,
        0.155146474,
        0.15108195600000002
      ],
      "exit_codes": [
        0,
        0,
        0,
        0,
        0,
        0,
        0,
        0,
        0
      ]
    }
  ]
}
