{
  "results": [
    {
      "command": "change_picorv32_signals_100_pos_50_window_8000_trigger_signal",
      "mean": 0.3697894208333334,
      "stddev": 0.00454173154358254,
      "median": 0.37066311150000003,
      "user": 0.326323,
      "system": 0.041855166666666666,
      "min": 0.36238137200000003,
      "max": 0.37426937000000005,
      "times": [
        0.37426937000000005,
        0.367178583,
        0.36238137200000003,
        0.37231666100000005,
        0.369009562,
        0.37358097700000004
      ],
      "exit_codes": [
        0,
        0,
        0,
        0,
        0,
        0
      ]
    }
  ]
}
