{
  "results": [
    {
      "command": "change_scr1_signals_100_pos_50_window_2000_trigger_any",
      "mean": 6.147393659833333,
      "stddev": 0.1961318578009198,
      "median": 6.217507616000001,
      "user": 5.185273666666666,
      "system": 0.9553355,
      "min": 5.8414039980000005,
      "max": 6.33638989,
      "times": [
        5.8414039980000005,
        5.973931417,
        6.233316097,
        6.297621422,
        6.33638989,
        6.201699135
      ],
      "exit_codes": [
        0,
        0,
        0,
        0,
        0,
        0
      ]
    }
  ]
}
