{
  "results": [
    {
      "command": "change_chipyard_dualrocketconfig_dhrystone_signals_10_pos_50_window_2000_trigger_signal",
      "mean": 0.18700776011111112,
      "stddev": 0.004861380714850215,
      "median": 0.18541748000000002,
      "user": 0.12635744444444444,
      "system": 0.06018244444444444,
      "min": 0.18154371700000002,
      "max": 0.195545921,
      "times": [
        0.18251373,
        0.18375287,
        0.185011096,
        0.193938289,
        0.187468863,
        0.18541748000000002,
        0.195545921,
        0.18154371700000002,
        0.187877875
      ],
      "exit_codes": [
        0,
        0,
        0,
        0,
        0,
        0,
        0,
        0,
        0
      ]
    }
  ]
}
