{
  "results": [
    {
      "command": "change_scr1_signals_10_pos_50_window_2000_trigger_any",
      "mean": 0.026201457666666667,
      "stddev": 0.0009712299468860349,
      "median": 0.026151209,
      "user": 0.017236666666666664,
      "system": 0.00865888888888889,
      "min": 0.025006762000000002,
      "max": 0.027931090000000002,
      "times": [
        0.027003508000000002,
        0.025125904,
        0.025402293000000003,
        0.026790108,
        0.027931090000000002,
        0.026151209,
        0.026613176000000002,
        0.025789069,
        0.025006762000000002
      ],
      "exit_codes": [
        0,
        0,
        0,
        0,
        0,
        0,
        0,
        0,
        0
      ]
    }
  ]
}
