{
  "results": [
    {
      "command": "change_scr1_signals_1_pos_50_window_8000_trigger_any",
      "mean": 0.020145163333333334,
      "stddev": 0.0007803493720163057,
      "median": 0.020296512500000002,
      "user": 0.01154525,
      "system": 0.008394416666666666,
      "min": 0.018918130000000002,
      "max": 0.021118821000000003,
      "times": [
        0.020661031,
        0.020238218000000002,
        0.020977024,
        0.020277742,
        0.019037024,
        0.019241217,
        0.020454825000000003,
        0.021118821000000003,
        0.018918130000000002,
        0.020982064,
        0.019520581000000002,
        0.020315283
      ],
      "exit_codes": [
        0,
        0,
        0,
        0,
        0,
        0,
        0,
        0,
        0,
        0,
        0,
        0
      ]
    }
  ]
}
