{
  "results": [
    {
      "command": "change_scr1_signals_10_pos_50_window_8000_trigger_posedge_clk",
      "mean": 0.029468715888888893,
      "stddev": 0.001609313334816937,
      "median": 0.029071347,
      "user": 0.019392,
      "system": 0.009768777777777777,
      "min": 0.027600006000000003,
      "max": 0.033280837,
      "times": [
        0.029845449000000003,
        0.029783153000000003,
        0.027600006000000003,
        0.028675424,
        0.033280837,
        0.029044677,
        0.029071347,
        0.02965407,
        0.02826348
      ],
      "exit_codes": [
        0,
        0,
        0,
        0,
        0,
        0,
        0,
        0,
        0
      ]
    }
  ]
}
