{
  "results": [
    {
      "command": "change_chipyard_clusteredrocketconfig_dhrystone_signals_100_pos_50_window_2000_trigger_posedge_clk",
      "mean": 0.24764591783333334,
      "stddev": 0.004740256728115647,
      "median": 0.247315864,
      "user": 0.1791581666666667,
      "system": 0.067966,
      "min": 0.24245965100000003,
      "max": 0.253156033,
      "times": [
        0.252823894,
        0.24280420100000003,
        0.253156033,
        0.245796011,
        0.24245965100000003,
        0.248835717
      ],
      "exit_codes": [
        0,
        0,
        0,
        0,
        0,
        0
      ]
    }
  ]
}
