{
  "results": [
    {
      "command": "change_picorv32_signals_100_pos_50_window_2000_trigger_posedge_clk",
      "mean": 0.37935377666666675,
      "stddev": 0.008822804836914082,
      "median": 0.37884073500000004,
      "user": 0.3365641666666666,
      "system": 0.042397333333333335,
      "min": 0.36990097400000005,
      "max": 0.391717935,
      "times": [
        0.374405523,
        0.36990097400000005,
        0.383275947,
        0.391717935,
        0.37115387600000005,
        0.38566840500000005
      ],
      "exit_codes": [
        0,
        0,
        0,
        0,
        0,
        0
      ]
    }
  ]
}
