{
  "results": [
    {
      "command": "change_chipyard_clusteredrocketconfig_dhrystone_signals_100_pos_50_window_4000_trigger_posedge_clk",
      "mean": 0.24921482533333336,
      "stddev": 0.003719110810007551,
      "median": 0.2495233945,
      "user": 0.1781768333333333,
      "system": 0.0701055,
      "min": 0.24315773000000002,
      "max": 0.253378746,
      "times": [
        0.24724553400000002,
        0.24315773000000002,
        0.249007838,
        0.253378746,
        0.252460153,
        0.250038951
      ],
      "exit_codes": [
        0,
        0,
        0,
        0,
        0,
        0
      ]
    }
  ]
}
