{
  "results": [
    {
      "command": "change_picorv32_signals_1_pos_50_window_2000_trigger_posedge_clk",
      "mean": 0.04815482258333333,
      "stddev": 0.0015459023457060732,
      "median": 0.047998652,
      "user": 0.03179716666666666,
      "system": 0.016143749999999995,
      "min": 0.045842365,
      "max": 0.050894493000000006,
      "times": [
        0.047772574000000005,
        0.049133999000000005,
        0.047989420000000005,
        0.047402263,
        0.046287834,
        0.047170527000000004,
        0.048033703000000004,
        0.045842365,
        0.048498268000000004,
        0.048007884,
        0.050894493000000006,
        0.050824541
      ],
      "exit_codes": [
        0,
        0,
        0,
        0,
        0,
        0,
        0,
        0,
        0,
        0,
        0,
        0
      ]
    }
  ]
}
