{
  "results": [
    {
      "command": "change_chipyard_clusteredrocketconfig_dhrystone_signals_10_pos_50_window_8000_trigger_any",
      "mean": 0.1707558432222222,
      "stddev": 0.008821523484966785,
      "median": 0.16810913900000002,
      "user": 0.12093344444444444,
      "system": 0.04933922222222223,
      "min": 0.164764778,
      "max": 0.19311592600000002,
      "times": [
        0.171150351,
        0.164764778,
        0.17122125300000002,
        0.16595176,
        0.171494009,
        0.165939407,
        0.165055966,
        0.16810913900000002,
        0.19311592600000002
      ],
      "exit_codes": [
        0,
        0,
        0,
        0,
        0,
        0,
        0,
        0,
        0
      ]
    }
  ]
}
