{
  "results": [
    {
      "command": "change_picorv32_signals_10_pos_50_window_4000_trigger_signal",
      "mean": 0.09466445211111113,
      "stddev": 0.0015943784508173115,
      "median": 0.09472551600000001,
      "user": 0.0737901111111111,
      "system": 0.02067111111111111,
      "min": 0.092108489,
      "max": 0.096834504,
      "times": [
        0.09676823500000001,
        0.09472551600000001,
        0.094070361,
        0.095791685,
        0.09329999500000001,
        0.096834504,
        0.092108489,
        0.093586364,
        0.09479492
      ],
      "exit_codes": [
        0,
        0,
        0,
        0,
        0,
        0,
        0,
        0,
        0
      ]
    }
  ]
}
