{
  "results": [
    {
      "command": "change_picorv32_signals_100_pos_50_window_4000_trigger_any",
      "mean": 0.37318331150000006,
      "stddev": 0.006756938838673739,
      "median": 0.3760471725,
      "user": 0.32823983333333334,
      "system": 0.044031999999999995,
      "min": 0.363484796,
      "max": 0.379496818,
      "times": [
        0.379496818,
        0.363484796,
        0.366002152,
        0.37802175800000004,
        0.374827228,
        0.37726711700000004
      ],
      "exit_codes": [
        0,
        0,
        0,
        0,
        0,
        0
      ]
    }
  ]
}
