{
  "results": [
    {
      "command": "change_chipyard_dualrocketconfig_dhrystone_signals_100_pos_50_window_2000_trigger_signal",
      "mean": 0.18611634033333332,
      "stddev": 0.005687694636255349,
      "median": 0.1861358975,
      "user": 0.12422466666666665,
      "system": 0.06153133333333333,
      "min": 0.178497401,
      "max": 0.195785019,
      "times": [
        0.18556730300000002,
        0.178497401,
        0.186993989,
        0.186704492,
        0.183149838,
        0.195785019
      ],
      "exit_codes": [
        0,
        0,
        0,
        0,
        0,
        0
      ]
    }
  ]
}
