{
  "results": [
    {
      "command": "change_picorv32_signals_1_pos_50_window_4000_trigger_signal",
      "mean": 0.06717156575,
      "stddev": 0.00206079479250247,
      "median": 0.0677697105,
      "user": 0.04737233333333333,
      "system": 0.019615916666666667,
      "min": 0.063942257,
      "max": 0.070163482,
      "times": [
        0.06959238000000001,
        0.063942257,
        0.067901716,
        0.068657269,
        0.068205975,
        0.068290403,
        0.070163482,
        0.066869357,
        0.065024551,
        0.06561310000000001,
        0.067637705,
        0.064160594
      ],
      "exit_codes": [
        0,
        0,
        0,
        0,
        0,
        0,
        0,
        0,
        0,
        0,
        0,
        0
      ]
    }
  ]
}
