{
  "results": [
    {
      "command": "change_scr1_signals_10_pos_50_window_4000_trigger_posedge_clk",
      "mean": 0.028806770111111116,
      "stddev": 0.0023232930558010996,
      "median": 0.028423903,
      "user": 0.02005533333333333,
      "system": 0.008447222222222222,
      "min": 0.026176605000000002,
      "max": 0.032600912,
      "times": [
        0.029266674000000003,
        0.031152614000000002,
        0.026176605000000002,
        0.030957417,
        0.027047540000000002,
        0.026385397,
        0.027249869000000003,
        0.028423903,
        0.032600912
      ],
      "exit_codes": [
        0,
        0,
        0,
        0,
        0,
        0,
        0,
        0,
        0
      ]
    }
  ]
}
