{
  "results": [
    {
      "command": "change_chipyard_clusteredrocketconfig_dhrystone_signals_100_pos_50_window_2000_trigger_any",
      "mean": 0.2062462491666667,
      "stddev": 0.003461957040116728,
      "median": 0.20775494700000002,
      "user": 0.1504365,
      "system": 0.054580333333333335,
      "min": 0.200406416,
      "max": 0.209065194,
      "times": [
        0.20834565800000002,
        0.208760505,
        0.209065194,
        0.200406416,
        0.20373548600000002,
        0.207164236
      ],
      "exit_codes": [
        0,
        0,
        0,
        0,
        0,
        0
      ]
    }
  ]
}
