{
  "results": [
    {
      "command": "change_scr1_signals_100_pos_50_window_2000_trigger_signal",
      "mean": 0.1467231965,
      "stddev": 0.005794914844002383,
      "median": 0.14489959000000002,
      "user": 0.12853499999999998,
      "system": 0.017642666666666668,
      "min": 0.14155873200000002,
      "max": 0.15467354600000002,
      "times": [
        0.15249716000000002,
        0.147536038,
        0.14155873200000002,
        0.141810561,
        0.142263142,
        0.15467354600000002
      ],
      "exit_codes": [
        0,
        0,
        0,
        0,
        0,
        0
      ]
    }
  ]
}
