{
  "results": [
    {
      "command": "change_chipyard_clusteredrocketconfig_dhrystone_signals_1_pos_50_window_4000_trigger_posedge_clk",
      "mean": 0.16714436533333332,
      "stddev": 0.004482455109791007,
      "median": 0.16704402950000002,
      "user": 0.11731575,
      "system": 0.049400083333333324,
      "min": 0.160667198,
      "max": 0.17395764700000002,
      "times": [
        0.16687121400000002,
        0.166546734,
        0.16237289200000002,
        0.16416028900000001,
        0.172626377,
        0.167216845,
        0.169891549,
        0.17395764700000002,
        0.160667198,
        0.160692375,
        0.169832957,
        0.170896307
      ],
      "exit_codes": [
        0,
        0,
        0,
        0,
        0,
        0,
        0,
        0,
        0,
        0,
        0,
        0
      ]
    }
  ]
}
