{
  "results": [
    {
      "command": "change_chipyard_dualrocketconfig_dhrystone_signals_10_pos_50_window_8000_trigger_signal",
      "mean": 0.18393536255555556,
      "stddev": 0.0033322531893303525,
      "median": 0.18363621600000002,
      "user": 0.1253172222222222,
      "system": 0.058384000000000005,
      "min": 0.177961969,
      "max": 0.190609187,
      "times": [
        0.182907004,
        0.18290513900000002,
        0.190609187,
        0.18507821900000002,
        0.177961969,
        0.18565694100000002,
        0.184169354,
        0.182494234,
        0.18363621600000002
      ],
      "exit_codes": [
        0,
        0,
        0,
        0,
        0,
        0,
        0,
        0,
        0
      ]
    }
  ]
}
