{
  "results": [
    {
      "command": "change_chipyard_dualrocketconfig_dhrystone_signals_100_pos_50_window_8000_trigger_posedge_clk",
      "mean": 0.18475868633333337,
      "stddev": 0.002202762753958825,
      "median": 0.18475558050000002,
      "user": 0.12999816666666666,
      "system": 0.05456833333333333,
      "min": 0.18179598800000002,
      "max": 0.187666663,
      "times": [
        0.18179598800000002,
        0.183049976,
        0.187666663,
        0.18405716800000002,
        0.18652833000000002,
        0.185453993
      ],
      "exit_codes": [
        0,
        0,
        0,
        0,
        0,
        0
      ]
    }
  ]
}
