{
  "results": [
    {
      "command": "change_scr1_signals_1_pos_50_window_2000_trigger_signal",
      "mean": 0.028781371333333333,
      "stddev": 0.001215362753125497,
      "median": 0.028922411000000002,
      "user": 0.018553833333333332,
      "system": 0.009927749999999999,
      "min": 0.026944454000000003,
      "max": 0.030572893,
      "times": [
        0.028955468,
        0.028938727,
        0.030572893,
        0.027740458000000003,
        0.028861472000000003,
        0.027074077000000002,
        0.026944454000000003,
        0.028906095000000003,
        0.030049401000000003,
        0.029103366000000002,
        0.030466824000000003,
        0.027763221
      ],
      "exit_codes": [
        0,
        0,
        0,
        0,
        0,
        0,
        0,
        0,
        0,
        0,
        0,
        0
      ]
    }
  ]
}
