{
  "results": [
    {
      "command": "change_scr1_signals_1_pos_50_window_8000_trigger_posedge_clk",
      "mean": 0.02000594491666667,
      "stddev": 0.0009289120267153645,
      "median": 0.019895199000000002,
      "user": 0.011562999999999999,
      "system": 0.008175166666666666,
      "min": 0.018622416000000003,
      "max": 0.021370472,
      "times": [
        0.019801118000000003,
        0.018732382000000002,
        0.018622416000000003,
        0.021370472,
        0.019076898000000002,
        0.020679065,
        0.020787568000000003,
        0.021289189,
        0.019724223000000003,
        0.020445486000000002,
        0.01998928,
        0.019553242000000002
      ],
      "exit_codes": [
        0,
        0,
        0,
        0,
        0,
        0,
        0,
        0,
        0,
        0,
        0,
        0
      ]
    }
  ]
}
