{
  "results": [
    {
      "command": "change_scr1_signals_10_pos_50_window_4000_trigger_signal",
      "mean": 0.02952913377777778,
      "stddev": 0.0008055554417210806,
      "median": 0.029524979000000003,
      "user": 0.019876555555555554,
      "system": 0.009474,
      "min": 0.028116867,
      "max": 0.030856307000000003,
      "times": [
        0.029454096000000003,
        0.028116867,
        0.029830733,
        0.029673929,
        0.030298161,
        0.029298565000000002,
        0.028708567,
        0.030856307000000003,
        0.029524979000000003
      ],
      "exit_codes": [
        0,
        0,
        0,
        0,
        0,
        0,
        0,
        0,
        0
      ]
    }
  ]
}
