{
  "results": [
    {
      "command": "change_chipyard_clusteredrocketconfig_dhrystone_signals_1_pos_50_window_8000_trigger_any",
      "mean": 0.16721141083333332,
      "stddev": 0.0036975295991157446,
      "median": 0.167398375,
      "user": 0.11311591666666665,
      "system": 0.05316091666666666,
      "min": 0.161880665,
      "max": 0.172318054,
      "times": [
        0.169086121,
        0.16913825700000001,
        0.167978387,
        0.162372224,
        0.163993157,
        0.161880665,
        0.172096096,
        0.166818363,
        0.16556416300000001,
        0.16395799900000002,
        0.172318054,
        0.171333444
      ],
      "exit_codes": [
        0,
        0,
        0,
        0,
        0,
        0,
        0,
        0,
        0,
        0,
        0,
        0
      ]
    }
  ]
}
