{
  "results": [
    {
      "command": "change_chipyard_dualrocketconfig_dhrystone_signals_1_pos_50_window_2000_trigger_posedge_clk",
      "mean": 0.15439300250000002,
      "stddev": 0.005921076782655217,
      "median": 0.15341575200000002,
      "user": 0.10905316666666665,
      "system": 0.044985,
      "min": 0.147985891,
      "max": 0.16630761700000002,
      "times": [
        0.155595339,
        0.152026235,
        0.15636828800000002,
        0.16630761700000002,
        0.16443117200000001,
        0.15609008300000002,
        0.15480526900000002,
        0.14841473000000002,
        0.15012064900000002,
        0.15002099900000002,
        0.147985891,
        0.150549758
      ],
      "exit_codes": [
        0,
        0,
        0,
        0,
        0,
        0,
        0,
        0,
        0,
        0,
        0,
        0
      ]
    }
  ]
}
