{
  "results": [
    {
      "command": "change_chipyard_clusteredrocketconfig_dhrystone_signals_10_pos_50_window_8000_trigger_signal",
      "mean": 0.20532295855555555,
      "stddev": 0.003538867366815304,
      "median": 0.20401116800000002,
      "user": 0.1387058888888889,
      "system": 0.06639966666666668,
      "min": 0.200094227,
      "max": 0.21125992100000002,
      "times": [
        0.21125992100000002,
        0.20880837500000002,
        0.20871040800000001,
        0.203979241,
        0.203810131,
        0.20469826000000002,
        0.200094227,
        0.20401116800000002,
        0.20253489600000002
      ],
      "exit_codes": [
        0,
        0,
        0,
        0,
        0,
        0,
        0,
        0,
        0
      ]
    }
  ]
}
