{
  "results": [
    {
      "command": "change_scr1_signals_1_pos_50_window_2000_trigger_any",
      "mean": 0.020534835333333334,
      "stddev": 0.001424037901628154,
      "median": 0.020045573,
      "user": 0.012145583333333333,
      "system": 0.008207833333333333,
      "min": 0.019170867,
      "max": 0.024104385000000002,
      "times": [
        0.019974815,
        0.020979641,
        0.019243673000000003,
        0.024104385000000002,
        0.020116331,
        0.021179015000000002,
        0.019170867,
        0.019868637,
        0.019388755,
        0.020502284000000003,
        0.022136742,
        0.019752879
      ],
      "exit_codes": [
        0,
        0,
        0,
        0,
        0,
        0,
        0,
        0,
        0,
        0,
        0,
        0
      ]
    }
  ]
}
