{
  "results": [
    {
      "command": "change_chipyard_clusteredrocketconfig_dhrystone_signals_1_pos_50_window_4000_trigger_signal",
      "mean": 0.21132606066666668,
      "stddev": 0.005839541686512942,
      "median": 0.2119919805,
      "user": 0.14643875000000003,
      "system": 0.06433883333333333,
      "min": 0.201729561,
      "max": 0.221567919,
      "times": [
        0.21158045,
        0.21266147200000002,
        0.212110039,
        0.214403322,
        0.211916872,
        0.20541821100000002,
        0.20331739100000001,
        0.201729561,
        0.219323805,
        0.20981659700000002,
        0.221567919,
        0.21206708900000001
      ],
      "exit_codes": [
        0,
        0,
        0,
        0,
        0,
        0,
        0,
        0,
        0,
        0,
        0,
        0
      ]
    }
  ]
}
