{
  "results": [
    {
      "command": "change_chipyard_clusteredrocketconfig_dhrystone_signals_100_window_2us_trigger_any",
      "mean": 0.3014194502,
      "stddev": 0.022854791143930752,
      "median": 0.291661491,
      "user": 0.2403888,
      "system": 0.0947528,
      "min": 0.289482048,
      "max": 0.34224278700000005,
      "times": [
        0.34224278700000005,
        0.290815745,
        0.29289518000000003,
        0.289482048,
        0.291661491
      ],
      "exit_codes": [
        0,
        0,
        0,
        0,
        0
      ]
    }
  ]
}
