{
  "results": [
    {
      "command": "change_chipyard_dualrocketconfig_dhrystone_signals_10_window_32us_trigger_signal",
      "mean": 0.1619298434,
      "stddev": 0.02720914630077376,
      "median": 0.14398644000000002,
      "user": 0.11475500000000001,
      "system": 0.045472799999999994,
      "min": 0.13906638300000002,
      "max": 0.193051773,
      "times": [
        0.13906638300000002,
        0.14398644000000002,
        0.193051773,
        0.19023689600000002,
        0.143307725
      ],
      "exit_codes": [
        0,
        0,
        0,
        0,
        0
      ]
    }
  ]
}
