{
  "results": [
    {
      "command": "change_scr1_signals_10_window_2ns_trigger_posedge_clk",
      "mean": 0.05717021611111112,
      "stddev": 0.0015988158169595746,
      "median": 0.056893907,
      "user": 0.03283,
      "system": 0.020851999999999996,
      "min": 0.05521219,
      "max": 0.060142706000000004,
      "times": [
        0.05521219,
        0.060142706000000004,
        0.05561374400000001,
        0.057801993,
        0.056706055000000005,
        0.058594179,
        0.057865241000000005,
        0.055701930000000004,
        0.056893907
      ],
      "exit_codes": [
        0,
        0,
        0,
        0,
        0,
        0,
        0,
        0,
        0
      ]
    }
  ]
}
