{
  "results": [
    {
      "command": "change_chipyard_dualrocketconfig_dhrystone_signals_10_window_32us_trigger_any",
      "mean": 0.18175550140000002,
      "stddev": 0.023935988072547314,
      "median": 0.19181394100000002,
      "user": 0.1142522,
      "system": 0.0494692,
      "min": 0.13899909800000002,
      "max": 0.19385886000000002,
      "times": [
        0.19385886000000002,
        0.19181394100000002,
        0.190659303,
        0.193446305,
        0.13899909800000002
      ],
      "exit_codes": [
        0,
        0,
        0,
        0,
        0
      ]
    }
  ]
}
