{
  "results": [
    {
      "command": "change_picorv32_signals_1_window_32us_trigger_any",
      "mean": 0.061741855400000004,
      "stddev": 0.006831363801062514,
      "median": 0.059100823000000004,
      "user": 0.03304239999999999,
      "system": 0.017985199999999996,
      "min": 0.057037369000000004,
      "max": 0.07337926,
      "times": [
        0.07337926,
        0.062137915,
        0.057053910000000006,
        0.057037369000000004,
        0.059100823000000004
      ],
      "exit_codes": [
        0,
        0,
        0,
        0,
        0
      ]
    }
  ]
}
