{
  "results": [
    {
      "command": "change_chipyard_clusteredrocketconfig_dhrystone_signals_1_window_8us_trigger_posedge_clk",
      "mean": 0.5215481034,
      "stddev": 0.028564333234900128,
      "median": 0.54003418,
      "user": 0.2771478,
      "system": 0.22535279999999996,
      "min": 0.49021531900000004,
      "max": 0.54513234,
      "times": [
        0.49021531900000004,
        0.49042722600000005,
        0.541931452,
        0.54003418,
        0.54513234
      ],
      "exit_codes": [
        0,
        0,
        0,
        0,
        0
      ]
    }
  ]
}
