{
  "results": [
    {
      "command": "change_scr1_signals_10_window_4ns_trigger_any",
      "mean": 0.059243924222222216,
      "stddev": 0.0014852936694985423,
      "median": 0.05903462600000001,
      "user": 0.030940444444444444,
      "system": 0.02025288888888889,
      "min": 0.056948700000000005,
      "max": 0.061513489000000005,
      "times": [
        0.059914598000000006,
        0.061513489000000005,
        0.05903462600000001,
        0.058346614000000005,
        0.059709482,
        0.058596223,
        0.061160717,
        0.057970869,
        0.056948700000000005
      ],
      "exit_codes": [
        0,
        0,
        0,
        0,
        0,
        0,
        0,
        0,
        0
      ]
    }
  ]
}
