{
  "results": [
    {
      "command": "change_chipyard_clusteredrocketconfig_dhrystone_signals_1_window_32us_trigger_any",
      "mean": 0.2918843446,
      "stddev": 0.0014601286844063898,
      "median": 0.291437176,
      "user": 0.1906482,
      "system": 0.075462,
      "min": 0.290142024,
      "max": 0.29358083900000004,
      "times": [
        0.291437176,
        0.290142024,
        0.29358083900000004,
        0.29320150700000003,
        0.29106017700000003
      ],
      "exit_codes": [
        0,
        0,
        0,
        0,
        0
      ]
    }
  ]
}
