{
  "results": [
    {
      "command": "change_chipyard_dualrocketconfig_dhrystone_signals_1_window_32us_trigger_signal",
      "mean": 0.14053356160000002,
      "stddev": 0.0025983450786243385,
      "median": 0.14055779100000002,
      "user": 0.0884808,
      "system": 0.037231799999999995,
      "min": 0.137814962,
      "max": 0.14465460200000002,
      "times": [
        0.137814962,
        0.13892202,
        0.14465460200000002,
        0.140718433,
        0.14055779100000002
      ],
      "exit_codes": [
        0,
        0,
        0,
        0,
        0
      ]
    }
  ]
}
