{
  "results": [
    {
      "command": "change_scr1_signals_10_window_8ns_trigger_posedge_clk",
      "mean": 0.058189042555555556,
      "stddev": 0.0017278008561338967,
      "median": 0.05766277,
      "user": 0.03467833333333333,
      "system": 0.020164444444444443,
      "min": 0.056336300000000006,
      "max": 0.061687426000000004,
      "times": [
        0.056512942000000004,
        0.057239917,
        0.061687426000000004,
        0.056336300000000006,
        0.05766277,
        0.059398749,
        0.057477361000000005,
        0.059627348000000004,
        0.05775857
      ],
      "exit_codes": [
        0,
        0,
        0,
        0,
        0,
        0,
        0,
        0,
        0
      ]
    }
  ]
}
