{
  "results": [
    {
      "command": "change_chipyard_dualrocketconfig_dhrystone_signals_100_window_8us_trigger_posedge_clk",
      "mean": 0.19071947160000002,
      "stddev": 0.0010220575292148664,
      "median": 0.19090779500000002,
      "user": 0.14193059999999996,
      "system": 0.06304639999999999,
      "min": 0.189200309,
      "max": 0.191763071,
      "times": [
        0.19026948700000001,
        0.189200309,
        0.19090779500000002,
        0.191763071,
        0.191456696
      ],
      "exit_codes": [
        0,
        0,
        0,
        0,
        0
      ]
    }
  ]
}
