{
  "results": [
    {
      "command": "change_scr1_signals_1_window_4ns_trigger_signal",
      "mean": 0.05932308533333333,
      "stddev": 0.003535005177943883,
      "median": 0.058345751,
      "user": 0.03411008333333333,
      "system": 0.01997241666666667,
      "min": 0.056545942,
      "max": 0.069806375,
      "times": [
        0.058185009,
        0.057493551000000004,
        0.05811845400000001,
        0.069806375,
        0.060653362,
        0.05850649300000001,
        0.05688556,
        0.057831365,
        0.060731729000000005,
        0.056545942,
        0.058566685,
        0.058552499
      ],
      "exit_codes": [
        0,
        0,
        0,
        0,
        0,
        0,
        0,
        0,
        0,
        0,
        0,
        0
      ]
    }
  ]
}
