{
  "results": [
    {
      "command": "change_scr1_signals_10_window_2ns_trigger_any",
      "mean": 0.05873848288888888,
      "stddev": 0.0024394088402640932,
      "median": 0.057855092000000004,
      "user": 0.030745333333333333,
      "system": 0.019943555555555558,
      "min": 0.056374773,
      "max": 0.064498183,
      "times": [
        0.057215171,
        0.064498183,
        0.057615994000000004,
        0.057855092000000004,
        0.058088190000000005,
        0.05906821,
        0.060352641000000005,
        0.056374773,
        0.057578092000000004
      ],
      "exit_codes": [
        0,
        0,
        0,
        0,
        0,
        0,
        0,
        0,
        0
      ]
    }
  ]
}
