{
  "results": [
    {
      "command": "change_chipyard_dualrocketconfig_dhrystone_signals_100_window_8us_trigger_signal",
      "mean": 0.1814005272,
      "stddev": 0.02371520917740274,
      "median": 0.19158116900000002,
      "user": 0.1227788,
      "system": 0.051530999999999993,
      "min": 0.139011094,
      "max": 0.19355855000000002,
      "times": [
        0.19181378500000001,
        0.139011094,
        0.19158116900000002,
        0.19103803800000002,
        0.19355855000000002
      ],
      "exit_codes": [
        0,
        0,
        0,
        0,
        0
      ]
    }
  ]
}
