{
  "results": [
    {
      "command": "change_scr1_signals_100_window_8ns_trigger_any",
      "mean": 0.09061552266666667,
      "stddev": 0.0024872399760373473,
      "median": 0.0901345265,
      "user": 0.10224233333333332,
      "system": 0.032545,
      "min": 0.088312712,
      "max": 0.095453887,
      "times": [
        0.08934045,
        0.09027855200000001,
        0.089990501,
        0.090317034,
        0.095453887,
        0.088312712
      ],
      "exit_codes": [
        0,
        0,
        0,
        0,
        0,
        0
      ]
    }
  ]
}
