{
  "results": [
    {
      "command": "change_scr1_signals_100_window_2ns_trigger_posedge_clk",
      "mean": 0.09029717483333334,
      "stddev": 0.0012755104989564607,
      "median": 0.090872488,
      "user": 0.10519866666666665,
      "system": 0.03412983333333333,
      "min": 0.088676295,
      "max": 0.091673432,
      "times": [
        0.090969591,
        0.091673432,
        0.088676295,
        0.090810131,
        0.08871875500000001,
        0.090934845
      ],
      "exit_codes": [
        0,
        0,
        0,
        0,
        0,
        0
      ]
    }
  ]
}
