{
  "results": [
    {
      "command": "change_scr1_coremark_imem_axi_1sig_to_1000ps",
      "mean": 0.059407138,
      "stddev": 0.002700320045239823,
      "median": 0.058823663000000005,
      "user": 0.027991555555555554,
      "system": 0.018277333333333333,
      "min": 0.056645864000000004,
      "max": 0.06502789,
      "times": [
        0.057175308,
        0.056645864000000004,
        0.061388006,
        0.06502789,
        0.057989957,
        0.05695118800000001,
        0.060579359000000006,
        0.058823663000000005,
        0.060083007
      ],
      "exit_codes": [
        0,
        0,
        0,
        0,
        0,
        0,
        0,
        0,
        0
      ]
    }
  ]
}
