{
  "results": [
    {
      "command": "change_chipyard_clusteredrocketconfig_dhrystone_signals_100_window_2us_trigger_signal",
      "mean": 0.30101288119999997,
      "stddev": 0.021904847891755043,
      "median": 0.291946449,
      "user": 0.2416202,
      "system": 0.08742559999999999,
      "min": 0.289496497,
      "max": 0.340153872,
      "times": [
        0.291946449,
        0.29208169300000003,
        0.289496497,
        0.340153872,
        0.291385895
      ],
      "exit_codes": [
        0,
        0,
        0,
        0,
        0
      ]
    }
  ]
}
