{
  "results": [
    {
      "command": "change_picorv32_signals_10_window_32us_trigger_posedge_clk",
      "mean": 0.08457262300000001,
      "stddev": 0.015530536721475486,
      "median": 0.09237642600000001,
      "user": 0.05995219999999999,
      "system": 0.030401399999999995,
      "min": 0.056985433,
      "max": 0.092694123,
      "times": [
        0.09237642600000001,
        0.092694123,
        0.092510617,
        0.056985433,
        0.088296516
      ],
      "exit_codes": [
        0,
        0,
        0,
        0,
        0
      ]
    }
  ]
}
