{
  "results": [
    {
      "command": "change_picorv32_signals_10_window_2us_trigger_posedge_clk",
      "mean": 0.07319621300000001,
      "stddev": 0.01790334142186278,
      "median": 0.061094898,
      "user": 0.0553568,
      "system": 0.031554,
      "min": 0.059635398000000006,
      "max": 0.09334434300000001,
      "times": [
        0.09334434300000001,
        0.059664693000000005,
        0.059635398000000006,
        0.092241733,
        0.061094898
      ],
      "exit_codes": [
        0,
        0,
        0,
        0,
        0
      ]
    }
  ]
}
