{
  "results": [
    {
      "command": "change_picorv32_signals_1_window_2us_trigger_posedge_clk",
      "mean": 0.06451230520000001,
      "stddev": 0.01595128015667886,
      "median": 0.058975268000000004,
      "user": 0.037506599999999994,
      "system": 0.026015999999999994,
      "min": 0.054761437,
      "max": 0.09272878600000001,
      "times": [
        0.060527062000000006,
        0.09272878600000001,
        0.058975268000000004,
        0.054761437,
        0.055568973
      ],
      "exit_codes": [
        0,
        0,
        0,
        0,
        0
      ]
    }
  ]
}
