{
  "results": [
    {
      "command": "change_chipyard_clusteredrocketconfig_dhrystone_signals_1_window_2us_trigger_signal",
      "mean": 0.3020065672,
      "stddev": 0.024745159520956482,
      "median": 0.291324066,
      "user": 0.20562439999999998,
      "system": 0.0834552,
      "min": 0.290235,
      "max": 0.346260283,
      "times": [
        0.29165555000000004,
        0.29055793700000004,
        0.291324066,
        0.346260283,
        0.290235
      ],
      "exit_codes": [
        0,
        0,
        0,
        0,
        0
      ]
    }
  ]
}
