{
  "results": [
    {
      "command": "change_picorv32_signals_100_window_8us_trigger_any",
      "mean": 0.1421574582,
      "stddev": 0.001437243859497128,
      "median": 0.142458842,
      "user": 0.251474,
      "system": 0.060145000000000004,
      "min": 0.13999717,
      "max": 0.143627116,
      "times": [
        0.143627116,
        0.14155541600000002,
        0.14314874700000002,
        0.13999717,
        0.142458842
      ],
      "exit_codes": [
        0,
        0,
        0,
        0,
        0
      ]
    }
  ]
}
