{
  "results": [
    {
      "command": "change_chipyard_clusteredrocketconfig_dhrystone_signals_1_window_32us_trigger_posedge_clk",
      "mean": 1.1646000083999999,
      "stddev": 0.15779247942843566,
      "median": 1.096534599,
      "user": 0.5065074,
      "system": 0.6469682,
      "min": 1.090259004,
      "max": 1.44680663,
      "times": [
        1.096534599,
        1.091401796,
        1.090259004,
        1.44680663,
        1.097998013
      ],
      "exit_codes": [
        0,
        0,
        0,
        0,
        0
      ]
    }
  ]
}
