{
  "results": [
    {
      "command": "change_picorv32_signals_100_window_2us_trigger_any",
      "mean": 0.1411355782,
      "stddev": 0.0008651005956480994,
      "median": 0.14113442,
      "user": 0.256981,
      "system": 0.05955459999999999,
      "min": 0.14004676800000002,
      "max": 0.142328271,
      "times": [
        0.14004676800000002,
        0.141520275,
        0.14113442,
        0.140648157,
        0.142328271
      ],
      "exit_codes": [
        0,
        0,
        0,
        0,
        0
      ]
    }
  ]
}
