{
  "results": [
    {
      "command": "change_picorv32_signals_1_window_8us_trigger_signal",
      "mean": 0.057614192200000004,
      "stddev": 0.0007723879787941414,
      "median": 0.057424346,
      "user": 0.034405399999999996,
      "system": 0.018894599999999998,
      "min": 0.056874493000000005,
      "max": 0.058439552000000006,
      "times": [
        0.058439552000000006,
        0.056874493000000005,
        0.058413443,
        0.057424346,
        0.05691912700000001
      ],
      "exit_codes": [
        0,
        0,
        0,
        0,
        0
      ]
    }
  ]
}
