{
  "results": [
    {
      "command": "change_scr1_signals_100_window_8ns_trigger_signal",
      "mean": 0.09121740233333335,
      "stddev": 0.0018873770751249147,
      "median": 0.09152004200000001,
      "user": 0.10104,
      "system": 0.0331225,
      "min": 0.08805143,
      "max": 0.09386823100000001,
      "times": [
        0.09149702900000001,
        0.09154305500000001,
        0.09063736500000001,
        0.091707304,
        0.09386823100000001,
        0.08805143
      ],
      "exit_codes": [
        0,
        0,
        0,
        0,
        0,
        0
      ]
    }
  ]
}
