{
  "results": [
    {
      "command": "change_chipyard_clusteredrocketconfig_dhrystone_signals_100_window_32us_trigger_any",
      "mean": 0.3427786272000001,
      "stddev": 0.0013608130603889634,
      "median": 0.343025372,
      "user": 0.26777180000000006,
      "system": 0.0966096,
      "min": 0.340735942,
      "max": 0.344151716,
      "times": [
        0.343025372,
        0.340735942,
        0.344151716,
        0.34221577000000003,
        0.343764336
      ],
      "exit_codes": [
        0,
        0,
        0,
        0,
        0
      ]
    }
  ]
}
