{
  "results": [
    {
      "command": "change_scr1_signals_100_window_2ns_trigger_signal",
      "mean": 0.09048432616666668,
      "stddev": 0.002004901889296474,
      "median": 0.08982926000000001,
      "user": 0.10122066666666667,
      "system": 0.03281066666666666,
      "min": 0.08891877000000001,
      "max": 0.09417971700000001,
      "times": [
        0.09417971700000001,
        0.089056539,
        0.09043122,
        0.09109241100000001,
        0.08922730000000001,
        0.08891877000000001
      ],
      "exit_codes": [
        0,
        0,
        0,
        0,
        0,
        0
      ]
    }
  ]
}
