{
  "results": [
    {
      "command": "change_picorv32_signals_100_window_2us_trigger_posedge_clk",
      "mean": 0.14026570640000002,
      "stddev": 0.0009727303038135935,
      "median": 0.14037824000000002,
      "user": 0.27520219999999995,
      "system": 0.06730939999999999,
      "min": 0.13901697400000002,
      "max": 0.141542586,
      "times": [
        0.140730391,
        0.14037824000000002,
        0.141542586,
        0.13901697400000002,
        0.13966034100000002
      ],
      "exit_codes": [
        0,
        0,
        0,
        0,
        0
      ]
    }
  ]
}
