{
  "results": [
    {
      "command": "change_scr1_signals_10_window_8ns_trigger_any",
      "mean": 0.05790518177777778,
      "stddev": 0.0015115186332616607,
      "median": 0.058344560000000004,
      "user": 0.030392777777777776,
      "system": 0.019698444444444446,
      "min": 0.055500541,
      "max": 0.060130903000000006,
      "times": [
        0.058714244000000006,
        0.057018952000000005,
        0.058932043,
        0.058344560000000004,
        0.055931169,
        0.055500541,
        0.060130903000000006,
        0.058863925000000004,
        0.05771029900000001
      ],
      "exit_codes": [
        0,
        0,
        0,
        0,
        0,
        0,
        0,
        0,
        0
      ]
    }
  ]
}
