{
  "results": [
    {
      "command": "change_chipyard_clusteredrocketconfig_dhrystone_signals_10_window_8us_trigger_any",
      "mean": 0.2892250864,
      "stddev": 0.0022027664745837964,
      "median": 0.288879325,
      "user": 0.22200000000000003,
      "system": 0.0820182,
      "min": 0.287170126,
      "max": 0.29289171,
      "times": [
        0.29289171,
        0.287170126,
        0.28923280900000004,
        0.287951462,
        0.288879325
      ],
      "exit_codes": [
        0,
        0,
        0,
        0,
        0
      ]
    }
  ]
}
