{
  "results": [
    {
      "command": "change_chipyard_clusteredrocketconfig_dhrystone_signals_10_window_2us_trigger_any",
      "mean": 0.3004281484,
      "stddev": 0.022775594452187454,
      "median": 0.29020475700000004,
      "user": 0.2174198,
      "system": 0.0850484,
      "min": 0.288751719,
      "max": 0.341094555,
      "times": [
        0.341094555,
        0.292494869,
        0.289594842,
        0.29020475700000004,
        0.288751719
      ],
      "exit_codes": [
        0,
        0,
        0,
        0,
        0
      ]
    }
  ]
}
