{
  "results": [
    {
      "command": "change_picorv32_signals_10_window_8us_trigger_posedge_clk",
      "mean": 0.08537484020000001,
      "stddev": 0.01336383311368339,
      "median": 0.09140487,
      "user": 0.059790199999999995,
      "system": 0.029133199999999998,
      "min": 0.06178263900000001,
      "max": 0.09317955300000001,
      "times": [
        0.08771414200000001,
        0.092792997,
        0.06178263900000001,
        0.09140487,
        0.09317955300000001
      ],
      "exit_codes": [
        0,
        0,
        0,
        0,
        0
      ]
    }
  ]
}
