{
  "results": [
    {
      "command": "change_picorv32_signals_1_window_32us_trigger_signal",
      "mean": 0.056307128000000005,
      "stddev": 0.0005373332322167516,
      "median": 0.056431902000000006,
      "user": 0.0329178,
      "system": 0.0187702,
      "min": 0.055406888,
      "max": 0.056846150000000005,
      "times": [
        0.056431902000000006,
        0.055406888,
        0.056846150000000005,
        0.056497495,
        0.056353205
      ],
      "exit_codes": [
        0,
        0,
        0,
        0,
        0
      ]
    }
  ]
}
