{
  "results": [
    {
      "command": "change_scr1_signals_1_window_8ns_trigger_any",
      "mean": 0.05723711766666666,
      "stddev": 0.005606918641160066,
      "median": 0.0590397635,
      "user": 0.02729616666666666,
      "system": 0.017286916666666666,
      "min": 0.040129795,
      "max": 0.060765733,
      "times": [
        0.058156936000000006,
        0.059142777,
        0.060122566,
        0.040129795,
        0.05893675,
        0.059865914000000006,
        0.056894145,
        0.059922220000000005,
        0.060765733,
        0.060061902,
        0.05727986,
        0.055566814000000006
      ],
      "exit_codes": [
        0,
        0,
        0,
        0,
        0,
        0,
        0,
        0,
        0,
        0,
        0,
        0
      ]
    }
  ]
}
