{
  "results": [
    {
      "command": "change_chipyard_dualrocketconfig_dhrystone_signals_1_window_8us_trigger_posedge_clk",
      "mean": 0.3396873334,
      "stddev": 0.001720653300568223,
      "median": 0.340733137,
      "user": 0.1567112,
      "system": 0.18329579999999998,
      "min": 0.337228949,
      "max": 0.34108101,
      "times": [
        0.337228949,
        0.340872098,
        0.340733137,
        0.34108101,
        0.338521473
      ],
      "exit_codes": [
        0,
        0,
        0,
        0,
        0
      ]
    }
  ]
}
