{
  "results": [
    {
      "command": "change_chipyard_clusteredrocketconfig_dhrystone_signals_100_window_32us_trigger_signal",
      "mean": 0.28931410600000007,
      "stddev": 0.0010114027313990555,
      "median": 0.28918166500000003,
      "user": 0.245635,
      "system": 0.08471,
      "min": 0.28783684800000003,
      "max": 0.290496541,
      "times": [
        0.28918166500000003,
        0.28783684800000003,
        0.289976336,
        0.28907914,
        0.290496541
      ],
      "exit_codes": [
        0,
        0,
        0,
        0,
        0
      ]
    }
  ]
}
