{
  "results": [
    {
      "command": "change_chipyard_dualrocketconfig_dhrystone_signals_10_window_2us_trigger_signal",
      "mean": 0.1498337254,
      "stddev": 0.02253108368245928,
      "median": 0.140349825,
      "user": 0.10887099999999998,
      "system": 0.0457804,
      "min": 0.138772523,
      "max": 0.19011782700000002,
      "times": [
        0.140349825,
        0.140547957,
        0.138772523,
        0.19011782700000002,
        0.13938049500000002
      ],
      "exit_codes": [
        0,
        0,
        0,
        0,
        0
      ]
    }
  ]
}
