{
  "results": [
    {
      "command": "change_scr1_signals_100_pos_50_window_2ns_trigger_any",
      "mean": 0.09300906466666668,
      "stddev": 0.0016613724773702823,
      "median": 0.09305413950000001,
      "user": 0.09799733333333333,
      "system": 0.035126833333333336,
      "min": 0.090990971,
      "max": 0.09507314400000001,
      "times": [
        0.093619296,
        0.09507314400000001,
        0.090990971,
        0.09138929900000001,
        0.094492695,
        0.09248898300000001
      ],
      "exit_codes": [
        0,
        0,
        0,
        0,
        0,
        0
      ]
    }
  ]
}
