{
  "results": [
    {
      "command": "change_picorv32_signals_100_window_8us_trigger_posedge_clk",
      "mean": 0.1405743036,
      "stddev": 0.002209065761204331,
      "median": 0.140404084,
      "user": 0.2668724,
      "system": 0.06606419999999999,
      "min": 0.13863797900000002,
      "max": 0.144126382,
      "times": [
        0.140404084,
        0.138831852,
        0.144126382,
        0.13863797900000002,
        0.14087122100000002
      ],
      "exit_codes": [
        0,
        0,
        0,
        0,
        0
      ]
    }
  ]
}
