{
  "results": [
    {
      "command": "change_chipyard_clusteredrocketconfig_dhrystone_signals_10_window_8us_trigger_signal",
      "mean": 0.29120502039999996,
      "stddev": 0.003211278109961877,
      "median": 0.289393774,
      "user": 0.2189104,
      "system": 0.0855164,
      "min": 0.288387693,
      "max": 0.296094876,
      "times": [
        0.29281886500000004,
        0.289393774,
        0.28932989400000003,
        0.296094876,
        0.288387693
      ],
      "exit_codes": [
        0,
        0,
        0,
        0,
        0
      ]
    }
  ]
}
