{
  "results": [
    {
      "command": "change_chipyard_clusteredrocketconfig_dhrystone_signals_1_window_2us_trigger_any",
      "mean": 0.2912773288,
      "stddev": 0.002081468193504933,
      "median": 0.29069669600000003,
      "user": 0.1905528,
      "system": 0.07396240000000001,
      "min": 0.28882899100000003,
      "max": 0.29349590200000003,
      "times": [
        0.28882899100000003,
        0.29337783100000003,
        0.28998722400000004,
        0.29069669600000003,
        0.29349590200000003
      ],
      "exit_codes": [
        0,
        0,
        0,
        0,
        0
      ]
    }
  ]
}
