{
  "results": [
    {
      "command": "change_chipyard_dualrocketconfig_dhrystone_signals_100_window_2us_trigger_posedge_clk",
      "mean": 0.2011295504,
      "stddev": 0.02317078087497636,
      "median": 0.19092314200000002,
      "user": 0.1526692,
      "system": 0.0626884,
      "min": 0.19007089200000002,
      "max": 0.24256413500000001,
      "times": [
        0.19169522300000003,
        0.24256413500000001,
        0.19039436,
        0.19092314200000002,
        0.19007089200000002
      ],
      "exit_codes": [
        0,
        0,
        0,
        0,
        0
      ]
    }
  ]
}
