{
  "results": [
    {
      "command": "change_scr1_signals_1_window_8ns_trigger_posedge_clk",
      "mean": 0.05790527191666667,
      "stddev": 0.0015327984581878923,
      "median": 0.0578877755,
      "user": 0.02691125,
      "system": 0.018305916666666668,
      "min": 0.056101167,
      "max": 0.06082900200000001,
      "times": [
        0.056101167,
        0.06082900200000001,
        0.059220222,
        0.057615269000000004,
        0.056993412,
        0.058644321000000006,
        0.056485959,
        0.056300291,
        0.059526537000000004,
        0.058160282,
        0.056223146,
        0.058763655000000005
      ],
      "exit_codes": [
        0,
        0,
        0,
        0,
        0,
        0,
        0,
        0,
        0,
        0,
        0,
        0
      ]
    }
  ]
}
