{
  "results": [
    {
      "command": "change_scr1_signals_1_window_8ns_trigger_signal",
      "mean": 0.05767590933333334,
      "stddev": 0.0016266835496509364,
      "median": 0.057865814,
      "user": 0.032418333333333334,
      "system": 0.01881383333333333,
      "min": 0.054931311000000003,
      "max": 0.060601405000000004,
      "times": [
        0.05663075,
        0.054931311000000003,
        0.060601405000000004,
        0.059031107000000006,
        0.05851084,
        0.056402642,
        0.059542948000000005,
        0.058106251000000005,
        0.056697816000000005,
        0.057877050000000006,
        0.05592421400000001,
        0.057854578000000004
      ],
      "exit_codes": [
        0,
        0,
        0,
        0,
        0,
        0,
        0,
        0,
        0,
        0,
        0,
        0
      ]
    }
  ]
}
