{
  "results": [
    {
      "command": "change_chipyard_dualrocketconfig_dhrystone_signals_10_window_32us_trigger_posedge_clk",
      "mean": 0.1929948148,
      "stddev": 0.002968870501502753,
      "median": 0.193111566,
      "user": 0.1348474,
      "system": 0.0516002,
      "min": 0.189884998,
      "max": 0.1966505,
      "times": [
        0.189884998,
        0.1966505,
        0.190215178,
        0.193111566,
        0.195111832
      ],
      "exit_codes": [
        0,
        0,
        0,
        0,
        0
      ]
    }
  ]
}
