{
  "results": [
    {
      "command": "change_scr1_signals_10_window_8ns_trigger_signal",
      "mean": 0.058677029444444445,
      "stddev": 0.0015967578915853306,
      "median": 0.058389474000000004,
      "user": 0.03597455555555555,
      "system": 0.019157555555555553,
      "min": 0.056236092,
      "max": 0.061254182000000004,
      "times": [
        0.058664650000000006,
        0.058308643,
        0.058368074000000006,
        0.056940133000000004,
        0.056236092,
        0.059209884000000004,
        0.061254182000000004,
        0.058389474000000004,
        0.060722133000000005
      ],
      "exit_codes": [
        0,
        0,
        0,
        0,
        0,
        0,
        0,
        0,
        0
      ]
    }
  ]
}
