{
  "results": [
    {
      "command": "change_picorv32_signals_10_window_2us_trigger_any",
      "mean": 0.0580980306,
      "stddev": 0.00204307612110117,
      "median": 0.05735627,
      "user": 0.05121359999999999,
      "system": 0.024425000000000002,
      "min": 0.056233342000000006,
      "max": 0.060608616000000004,
      "times": [
        0.05735627,
        0.060608616000000004,
        0.059929461,
        0.056362464,
        0.056233342000000006
      ],
      "exit_codes": [
        0,
        0,
        0,
        0,
        0
      ]
    }
  ]
}
