{
  "results": [
    {
      "command": "change_picorv32_signals_1_window_2us_trigger_any",
      "mean": 0.0585161624,
      "stddev": 0.0015256625136752212,
      "median": 0.057868741,
      "user": 0.0303888,
      "system": 0.016469599999999997,
      "min": 0.05675103200000001,
      "max": 0.060605429,
      "times": [
        0.059501957,
        0.057853653000000005,
        0.05675103200000001,
        0.060605429,
        0.057868741
      ],
      "exit_codes": [
        0,
        0,
        0,
        0,
        0
      ]
    }
  ]
}
