{
  "results": [
    {
      "command": "change_chipyard_clusteredrocketconfig_dhrystone_signals_10_window_8us_trigger_posedge_clk",
      "mean": 0.34085113640000003,
      "stddev": 0.0015299204436045896,
      "median": 0.34014081100000004,
      "user": 0.24507879999999999,
      "system": 0.1014344,
      "min": 0.33961646500000003,
      "max": 0.34321352,
      "times": [
        0.34014081100000004,
        0.33972984,
        0.34155504600000003,
        0.34321352,
        0.33961646500000003
      ],
      "exit_codes": [
        0,
        0,
        0,
        0,
        0
      ]
    }
  ]
}
