{
  "results": [
    {
      "command": "change_scr1_signals_100_window_4ns_trigger_signal",
      "mean": 0.09013048433333333,
      "stddev": 0.0012572487564620886,
      "median": 0.090107737,
      "user": 0.09918033333333333,
      "system": 0.03525,
      "min": 0.088666886,
      "max": 0.091621293,
      "times": [
        0.089306307,
        0.091200984,
        0.088666886,
        0.089078269,
        0.091621293,
        0.090909167
      ],
      "exit_codes": [
        0,
        0,
        0,
        0,
        0,
        0
      ]
    }
  ]
}
