{
  "results": [
    {
      "command": "change_chipyard_dualrocketconfig_dhrystone_signals_10_window_8us_trigger_posedge_clk",
      "mean": 0.19082246400000002,
      "stddev": 0.0021790743389249073,
      "median": 0.190885553,
      "user": 0.1224854,
      "system": 0.058659399999999993,
      "min": 0.187868488,
      "max": 0.193034747,
      "times": [
        0.187868488,
        0.19276474100000002,
        0.190885553,
        0.193034747,
        0.189558791
      ],
      "exit_codes": [
        0,
        0,
        0,
        0,
        0
      ]
    }
  ]
}
