{
  "results": [
    {
      "command": "change_chipyard_dualrocketconfig_dhrystone_signals_10_window_2us_trigger_posedge_clk",
      "mean": 0.19030060580000002,
      "stddev": 0.0005078109214921438,
      "median": 0.19021417000000002,
      "user": 0.12132899999999999,
      "system": 0.05837380000000001,
      "min": 0.18966718200000002,
      "max": 0.19096489900000002,
      "times": [
        0.19021417000000002,
        0.18966718200000002,
        0.19096489900000002,
        0.190028421,
        0.190628357
      ],
      "exit_codes": [
        0,
        0,
        0,
        0,
        0
      ]
    }
  ]
}
