{
  "results": [
    {
      "command": "change_picorv32_signals_100_window_2us_trigger_signal",
      "mean": 0.14124281600000002,
      "stddev": 0.0018288198699274627,
      "median": 0.14030452000000002,
      "user": 0.252803,
      "system": 0.06066640000000001,
      "min": 0.13933478000000002,
      "max": 0.14366466900000002,
      "times": [
        0.14366466900000002,
        0.140250509,
        0.13933478000000002,
        0.14030452000000002,
        0.142659602
      ],
      "exit_codes": [
        0,
        0,
        0,
        0,
        0
      ]
    }
  ]
}
