{
  "results": [
    {
      "command": "change_scr1_signals_1_window_2ns_trigger_any",
      "mean": 0.05674009983333334,
      "stddev": 0.005504275700436918,
      "median": 0.057703721500000006,
      "user": 0.025641916666666664,
      "system": 0.018224166666666663,
      "min": 0.039855099000000005,
      "max": 0.061037756000000006,
      "times": [
        0.059617028,
        0.039855099000000005,
        0.058510852,
        0.057963383,
        0.05646955,
        0.060491930000000006,
        0.061037756000000006,
        0.057522707000000006,
        0.057884736000000006,
        0.057462814,
        0.056932288000000005,
        0.057133055
      ],
      "exit_codes": [
        0,
        0,
        0,
        0,
        0,
        0,
        0,
        0,
        0,
        0,
        0,
        0
      ]
    }
  ]
}
