{
  "results": [
    {
      "command": "change_picorv32_signals_100_window_32us_trigger_any",
      "mean": 0.14054225780000001,
      "stddev": 0.001444926114455236,
      "median": 0.14011292,
      "user": 0.2521824,
      "system": 0.0659004,
      "min": 0.139118292,
      "max": 0.142315665,
      "times": [
        0.139118292,
        0.139359285,
        0.142315665,
        0.141805127,
        0.14011292
      ],
      "exit_codes": [
        0,
        0,
        0,
        0,
        0
      ]
    }
  ]
}
