{
  "results": [
    {
      "command": "change_scr1_signals_100_window_8ns_trigger_posedge_clk",
      "mean": 0.09079158450000001,
      "stddev": 0.002368204943948963,
      "median": 0.0907677045,
      "user": 0.10685699999999998,
      "system": 0.037205499999999996,
      "min": 0.087578903,
      "max": 0.094239708,
      "times": [
        0.089284375,
        0.08981452000000001,
        0.087578903,
        0.09211111200000001,
        0.094239708,
        0.091720889
      ],
      "exit_codes": [
        0,
        0,
        0,
        0,
        0,
        0
      ]
    }
  ]
}
