{
  "results": [
    {
      "command": "change_scr1_signals_100_window_4ns_trigger_posedge_clk",
      "mean": 0.09028846150000001,
      "stddev": 0.002629702501742336,
      "median": 0.0889871685,
      "user": 0.10457283333333332,
      "system": 0.038002499999999995,
      "min": 0.08824243000000001,
      "max": 0.094220063,
      "times": [
        0.08892955000000001,
        0.088271836,
        0.089044787,
        0.08824243000000001,
        0.09302210300000001,
        0.094220063
      ],
      "exit_codes": [
        0,
        0,
        0,
        0,
        0,
        0
      ]
    }
  ]
}
