{
  "results": [
    {
      "command": "change_picorv32_signals_100_window_8us_trigger_signal",
      "mean": 0.1410646894,
      "stddev": 0.003111069331899532,
      "median": 0.139407372,
      "user": 0.25794799999999996,
      "system": 0.0681,
      "min": 0.13793107100000002,
      "max": 0.14498370000000002,
      "times": [
        0.143782096,
        0.139219208,
        0.13793107100000002,
        0.139407372,
        0.14498370000000002
      ],
      "exit_codes": [
        0,
        0,
        0,
        0,
        0
      ]
    }
  ]
}
