{
  "results": [
    {
      "command": "change_chipyard_dualrocketconfig_dhrystone_signals_10_window_2us_trigger_any",
      "mean": 0.1616315106,
      "stddev": 0.028871540704166813,
      "median": 0.14260445000000002,
      "user": 0.10816679999999998,
      "system": 0.0458188,
      "min": 0.13863914500000002,
      "max": 0.197072197,
      "times": [
        0.197072197,
        0.14260445000000002,
        0.189065273,
        0.140776488,
        0.13863914500000002
      ],
      "exit_codes": [
        0,
        0,
        0,
        0,
        0
      ]
    }
  ]
}
