{
  "results": [
    {
      "command": "change_chipyard_dualrocketconfig_dhrystone_signals_1_window_2us_trigger_posedge_clk",
      "mean": 0.24346173320000003,
      "stddev": 0.0012252624994184655,
      "median": 0.24315471500000002,
      "user": 0.1251844,
      "system": 0.0810796,
      "min": 0.24228992000000002,
      "max": 0.245255419,
      "times": [
        0.242507189,
        0.244101423,
        0.245255419,
        0.24315471500000002,
        0.24228992000000002
      ],
      "exit_codes": [
        0,
        0,
        0,
        0,
        0
      ]
    }
  ]
}
