{
  "results": [
    {
      "command": "change_scr1_signals_1_window_4ns_trigger_any",
      "mean": 0.05860941516666666,
      "stddev": 0.0018271454134599161,
      "median": 0.058683229,
      "user": 0.027189499999999995,
      "system": 0.01773058333333333,
      "min": 0.055020218,
      "max": 0.061201863,
      "times": [
        0.057682706,
        0.06033725,
        0.060798556000000004,
        0.061201863,
        0.056444382,
        0.05868111,
        0.059323887000000006,
        0.055020218,
        0.058685348000000005,
        0.058455877,
        0.057094523,
        0.059587262
      ],
      "exit_codes": [
        0,
        0,
        0,
        0,
        0,
        0,
        0,
        0,
        0,
        0,
        0,
        0
      ]
    }
  ]
}
