{
  "results": [
    {
      "command": "change_picorv32_signals_1_window_8us_trigger_any",
      "mean": 0.0579391948,
      "stddev": 0.002826345610656488,
      "median": 0.056953642000000006,
      "user": 0.027621199999999995,
      "system": 0.018515799999999995,
      "min": 0.056294856000000004,
      "max": 0.062967142,
      "times": [
        0.056493018000000006,
        0.056987316,
        0.056953642000000006,
        0.062967142,
        0.056294856000000004
      ],
      "exit_codes": [
        0,
        0,
        0,
        0,
        0
      ]
    }
  ]
}
