{
  "results": [
    {
      "command": "change_scr1_signals_1_window_2ns_trigger_posedge_clk",
      "mean": 0.059889326666666666,
      "stddev": 0.004285513492973707,
      "median": 0.058440975000000006,
      "user": 0.026694916666666665,
      "system": 0.020811749999999997,
      "min": 0.055533372000000004,
      "max": 0.071595816,
      "times": [
        0.055533372000000004,
        0.057073192,
        0.060208949000000005,
        0.058473882000000005,
        0.058000954,
        0.06220325300000001,
        0.062834639,
        0.071595816,
        0.056804999,
        0.057326969000000005,
        0.058408068,
        0.060207827000000005
      ],
      "exit_codes": [
        0,
        0,
        0,
        0,
        0,
        0,
        0,
        0,
        0,
        0,
        0,
        0
      ]
    }
  ]
}
