{
  "results": [
    {
      "command": "change_chipyard_dualrocketconfig_dhrystone_signals_100_window_8us_trigger_any",
      "mean": 0.1923412142,
      "stddev": 0.003115760617522183,
      "median": 0.19427682200000002,
      "user": 0.13941879999999998,
      "system": 0.04612399999999999,
      "min": 0.188057676,
      "max": 0.194847134,
      "times": [
        0.19427682200000002,
        0.189976999,
        0.188057676,
        0.194847134,
        0.19454744000000002
      ],
      "exit_codes": [
        0,
        0,
        0,
        0,
        0
      ]
    }
  ]
}
