{
  "results": [
    {
      "command": "change_picorv32_signals_10_window_2us_trigger_signal",
      "mean": 0.0588655414,
      "stddev": 0.0021279663937811156,
      "median": 0.059048096,
      "user": 0.05511819999999999,
      "system": 0.0265124,
      "min": 0.056066218,
      "max": 0.061971024000000006,
      "times": [
        0.058131295000000006,
        0.061971024000000006,
        0.059048096,
        0.059111074000000007,
        0.056066218
      ],
      "exit_codes": [
        0,
        0,
        0,
        0,
        0
      ]
    }
  ]
}
