{
  "results": [
    {
      "command": "change_scr1_coremark_imem_axi_2sig_to_1000ps",
      "mean": 0.057906099666666676,
      "stddev": 0.0013751634528857833,
      "median": 0.057344495,
      "user": 0.028536999999999996,
      "system": 0.018112888888888887,
      "min": 0.056561526,
      "max": 0.060604455,
      "times": [
        0.057263684,
        0.057604002,
        0.058648854,
        0.056561526,
        0.057344495,
        0.057109274,
        0.060604455,
        0.059425693,
        0.056592914
      ],
      "exit_codes": [
        0,
        0,
        0,
        0,
        0,
        0,
        0,
        0,
        0
      ]
    }
  ]
}
