{
  "results": [
    {
      "command": "change_picorv32_signals_10_window_8us_trigger_any",
      "mean": 0.0580235798,
      "stddev": 0.0007252437069917959,
      "median": 0.057965733000000005,
      "user": 0.0562492,
      "system": 0.0237124,
      "min": 0.057031178,
      "max": 0.058802134000000006,
      "times": [
        0.057031178,
        0.057965733000000005,
        0.058802134000000006,
        0.05767329400000001,
        0.058645560000000006
      ],
      "exit_codes": [
        0,
        0,
        0,
        0,
        0
      ]
    }
  ]
}
