{
  "results": [
    {
      "command": "change_chipyard_dualrocketconfig_dhrystone_signals_1_window_2us_trigger_any",
      "mean": 0.1413474338,
      "stddev": 0.002260612770653497,
      "median": 0.14018682300000002,
      "user": 0.08569020000000001,
      "system": 0.0357822,
      "min": 0.139495535,
      "max": 0.144653489,
      "times": [
        0.139495535,
        0.13966902,
        0.14018682300000002,
        0.142732302,
        0.144653489
      ],
      "exit_codes": [
        0,
        0,
        0,
        0,
        0
      ]
    }
  ]
}
