{
  "results": [
    {
      "command": "change_scr1_signals_1_window_4ns_trigger_posedge_clk",
      "mean": 0.05940773541666667,
      "stddev": 0.0018939494723565187,
      "median": 0.059170099000000004,
      "user": 0.026575916666666668,
      "system": 0.02045775,
      "min": 0.056771436,
      "max": 0.063597951,
      "times": [
        0.056771436,
        0.057130440000000005,
        0.059982704000000005,
        0.058852351000000004,
        0.059151985000000004,
        0.059188213,
        0.060224107000000006,
        0.057854288000000004,
        0.058715736000000004,
        0.059699121,
        0.063597951,
        0.061724493000000005
      ],
      "exit_codes": [
        0,
        0,
        0,
        0,
        0,
        0,
        0,
        0,
        0,
        0,
        0,
        0
      ]
    }
  ]
}
