{
  "results": [
    {
      "command": "change_chipyard_dualrocketconfig_dhrystone_signals_100_window_32us_trigger_signal",
      "mean": 0.1933207408,
      "stddev": 0.002351947839784439,
      "median": 0.19285443400000002,
      "user": 0.13232560000000002,
      "system": 0.04218799999999999,
      "min": 0.19053589,
      "max": 0.197047726,
      "times": [
        0.193356847,
        0.19285443400000002,
        0.192808807,
        0.197047726,
        0.19053589
      ],
      "exit_codes": [
        0,
        0,
        0,
        0,
        0
      ]
    }
  ]
}
