{
  "results": [
    {
      "command": "change_chipyard_dualrocketconfig_dhrystone_signals_100_window_32us_trigger_posedge_clk",
      "mean": 0.19088879600000003,
      "stddev": 0.002293953721827778,
      "median": 0.19045651300000002,
      "user": 0.152449,
      "system": 0.061160599999999996,
      "min": 0.188135154,
      "max": 0.194484856,
      "times": [
        0.19045651300000002,
        0.194484856,
        0.190320597,
        0.19104686,
        0.188135154
      ],
      "exit_codes": [
        0,
        0,
        0,
        0,
        0
      ]
    }
  ]
}
