{
  "results": [
    {
      "command": "change_chipyard_clusteredrocketconfig_dhrystone_signals_100_window_32us_trigger_posedge_clk",
      "mean": 0.3715869668,
      "stddev": 0.02571390114380366,
      "median": 0.38953354700000004,
      "user": 0.2828868,
      "system": 0.1075038,
      "min": 0.341196559,
      "max": 0.39122497100000003,
      "times": [
        0.34576789700000005,
        0.38953354700000004,
        0.39021186,
        0.39122497100000003,
        0.341196559
      ],
      "exit_codes": [
        0,
        0,
        0,
        0,
        0
      ]
    }
  ]
}
