{
  "results": [
    {
      "command": "change_picorv32_signals_100_window_32us_trigger_signal",
      "mean": 0.14182609080000003,
      "stddev": 0.001978874718284159,
      "median": 0.141015302,
      "user": 0.2681322,
      "system": 0.06691159999999999,
      "min": 0.139870023,
      "max": 0.14449362300000002,
      "times": [
        0.14045105300000002,
        0.139870023,
        0.14449362300000002,
        0.14330045300000002,
        0.141015302
      ],
      "exit_codes": [
        0,
        0,
        0,
        0,
        0
      ]
    }
  ]
}
