{
  "results": [
    {
      "command": "change_chipyard_clusteredrocketconfig_dhrystone_signals_100_window_2us_trigger_posedge_clk",
      "mean": 0.3411833973999999,
      "stddev": 0.0023544481329192328,
      "median": 0.340221997,
      "user": 0.2761748,
      "system": 0.0997876,
      "min": 0.339948784,
      "max": 0.34538271800000003,
      "times": [
        0.339948784,
        0.340221997,
        0.34538271800000003,
        0.339976524,
        0.340386964
      ],
      "exit_codes": [
        0,
        0,
        0,
        0,
        0
      ]
    }
  ]
}
