{
  "results": [
    {
      "command": "change_chipyard_clusteredrocketconfig_dhrystone_signals_10_window_32us_trigger_signal",
      "mean": 0.31087065319999996,
      "stddev": 0.02848196212158923,
      "median": 0.290554595,
      "user": 0.2206482,
      "system": 0.0882762,
      "min": 0.289583972,
      "max": 0.34305909100000004,
      "times": [
        0.34305909100000004,
        0.290096305,
        0.289583972,
        0.290554595,
        0.34105930300000004
      ],
      "exit_codes": [
        0,
        0,
        0,
        0,
        0
      ]
    }
  ]
}
