{
  "results": [
    {
      "command": "change_scr1_signals_10_window_2ns_trigger_signal",
      "mean": 0.058328552777777785,
      "stddev": 0.0016483563935144447,
      "median": 0.0576568,
      "user": 0.033225222222222225,
      "system": 0.019965111111111114,
      "min": 0.056157695,
      "max": 0.061699499000000005,
      "times": [
        0.056157695,
        0.0576568,
        0.057623767000000006,
        0.059151786000000005,
        0.058938886,
        0.061699499000000005,
        0.05711188700000001,
        0.05726395200000001,
        0.05935270300000001
      ],
      "exit_codes": [
        0,
        0,
        0,
        0,
        0,
        0,
        0,
        0,
        0
      ]
    }
  ]
}
