{
  "results": [
    {
      "command": "change_scr1_signals_10_window_4ns_trigger_posedge_clk",
      "mean": 0.05837364055555556,
      "stddev": 0.0017426660331048163,
      "median": 0.057712033,
      "user": 0.03511877777777778,
      "system": 0.020504555555555554,
      "min": 0.056834265,
      "max": 0.062481697,
      "times": [
        0.057279531,
        0.058323511,
        0.062481697,
        0.057712033,
        0.056834265,
        0.057533348000000005,
        0.057291784000000005,
        0.058296240000000006,
        0.059610356
      ],
      "exit_codes": [
        0,
        0,
        0,
        0,
        0,
        0,
        0,
        0,
        0
      ]
    }
  ]
}
