{
  "results": [
    {
      "command": "change_scr1_signals_10_window_4ns_trigger_signal",
      "mean": 0.057666217555555566,
      "stddev": 0.0016773058610235734,
      "median": 0.057229196,
      "user": 0.031907111111111115,
      "system": 0.020899111111111108,
      "min": 0.055251473,
      "max": 0.060906680000000005,
      "times": [
        0.057229196,
        0.05844647100000001,
        0.059164669,
        0.055251473,
        0.056871385,
        0.060906680000000005,
        0.056707747,
        0.056446968,
        0.057971369
      ],
      "exit_codes": [
        0,
        0,
        0,
        0,
        0,
        0,
        0,
        0,
        0
      ]
    }
  ]
}
