{
  "results": [
    {
      "command": "change_chipyard_clusteredrocketconfig_dhrystone_signals_100_window_8us_trigger_signal",
      "mean": 0.32048484400000005,
      "stddev": 0.02839359180737213,
      "median": 0.339528258,
      "user": 0.25171960000000004,
      "system": 0.0882258,
      "min": 0.28923961000000004,
      "max": 0.342669798,
      "times": [
        0.342669798,
        0.339528258,
        0.34141493100000003,
        0.28923961000000004,
        0.289571623
      ],
      "exit_codes": [
        0,
        0,
        0,
        0,
        0
      ]
    }
  ]
}
