{
  "results": [
    {
      "command": "change_chipyard_clusteredrocketconfig_dhrystone_signals_10_window_2us_trigger_posedge_clk",
      "mean": 0.34166328100000004,
      "stddev": 0.0018850429830045074,
      "median": 0.34129708000000003,
      "user": 0.23450879999999996,
      "system": 0.09203800000000001,
      "min": 0.339897883,
      "max": 0.34485090300000004,
      "times": [
        0.339897883,
        0.34129708000000003,
        0.341484761,
        0.34485090300000004,
        0.34078577800000004
      ],
      "exit_codes": [
        0,
        0,
        0,
        0,
        0
      ]
    }
  ]
}
