{
  "results": [
    {
      "command": "change_scr1_signals_100_window_4ns_trigger_any",
      "mean": 0.09104054150000002,
      "stddev": 0.002377049173652303,
      "median": 0.09112842800000001,
      "user": 0.09812216666666666,
      "system": 0.032972666666666664,
      "min": 0.08775775000000001,
      "max": 0.09475784200000001,
      "times": [
        0.08775775000000001,
        0.09072940900000001,
        0.09475784200000001,
        0.08948306900000001,
        0.091987732,
        0.09152744700000001
      ],
      "exit_codes": [
        0,
        0,
        0,
        0,
        0,
        0
      ]
    }
  ]
}
