{
  "results": [
    {
      "command": "change_chipyard_dualrocketconfig_dhrystone_signals_1_window_32us_trigger_any",
      "mean": 0.1417528842,
      "stddev": 0.0016421828212080099,
      "median": 0.142147421,
      "user": 0.0786394,
      "system": 0.0362324,
      "min": 0.138987618,
      "max": 0.14303458700000002,
      "times": [
        0.14168545400000002,
        0.142909341,
        0.142147421,
        0.138987618,
        0.14303458700000002
      ],
      "exit_codes": [
        0,
        0,
        0,
        0,
        0
      ]
    }
  ]
}
