{
  "results": [
    {
      "command": "change_picorv32_signals_1_window_8us_trigger_posedge_clk",
      "mean": 0.07150758720000001,
      "stddev": 0.018106574284564633,
      "median": 0.059324844,
      "user": 0.0386404,
      "system": 0.0262444,
      "min": 0.057088836000000004,
      "max": 0.09149547000000001,
      "times": [
        0.09149547000000001,
        0.05847904600000001,
        0.057088836000000004,
        0.059324844,
        0.09114974
      ],
      "exit_codes": [
        0,
        0,
        0,
        0,
        0
      ]
    }
  ]
}
