{
  "results": [
    {
      "command": "change_picorv32_signals_100_window_32us_trigger_posedge_clk",
      "mean": 0.1498811622,
      "stddev": 0.024169191460225767,
      "median": 0.139081593,
      "user": 0.2757995999999999,
      "system": 0.06613139999999999,
      "min": 0.138708252,
      "max": 0.19311033700000002,
      "times": [
        0.139081593,
        0.138778714,
        0.19311033700000002,
        0.138708252,
        0.139726915
      ],
      "exit_codes": [
        0,
        0,
        0,
        0,
        0
      ]
    }
  ]
}
