{
  "results": [
    {
      "command": "change_picorv32_signals_1_window_32us_trigger_posedge_clk",
      "mean": 0.07061292160000002,
      "stddev": 0.017696076680729797,
      "median": 0.058673982000000006,
      "user": 0.037885999999999996,
      "system": 0.026829,
      "min": 0.056835250000000004,
      "max": 0.09037476600000001,
      "times": [
        0.089590022,
        0.09037476600000001,
        0.058673982000000006,
        0.057590588000000005,
        0.056835250000000004
      ],
      "exit_codes": [
        0,
        0,
        0,
        0,
        0
      ]
    }
  ]
}
