{
  "results": [
    {
      "command": "change_picorv32_signals_10_window_8us_trigger_signal",
      "mean": 0.0588429718,
      "stddev": 0.002488316722121344,
      "median": 0.058671377000000004,
      "user": 0.057477,
      "system": 0.023614,
      "min": 0.056254320000000003,
      "max": 0.06251118700000001,
      "times": [
        0.059832648,
        0.06251118700000001,
        0.056945327000000004,
        0.056254320000000003,
        0.058671377000000004
      ],
      "exit_codes": [
        0,
        0,
        0,
        0,
        0
      ]
    }
  ]
}
