{
  "results": [
    {
      "command": "change_chipyard_dualrocketconfig_dhrystone_signals_100_window_2us_trigger_any",
      "mean": 0.17069663840000002,
      "stddev": 0.026767488282811783,
      "median": 0.18826171700000002,
      "user": 0.1244826,
      "system": 0.0475844,
      "min": 0.140604625,
      "max": 0.19208202000000002,
      "times": [
        0.142232421,
        0.18826171700000002,
        0.140604625,
        0.190302409,
        0.19208202000000002
      ],
      "exit_codes": [
        0,
        0,
        0,
        0,
        0
      ]
    }
  ]
}
