{
  "results": [
    {
      "command": "change_picorv32_signals_1_window_2us_trigger_signal",
      "mean": 0.05862573580000001,
      "stddev": 0.0022407779595277166,
      "median": 0.058913452000000005,
      "user": 0.0368908,
      "system": 0.0176122,
      "min": 0.056205208000000006,
      "max": 0.061661681,
      "times": [
        0.056671202000000004,
        0.056205208000000006,
        0.058913452000000005,
        0.059677136000000006,
        0.061661681
      ],
      "exit_codes": [
        0,
        0,
        0,
        0,
        0
      ]
    }
  ]
}
