{
  "results": [
    {
      "command": "change_picorv32_signals_10_window_32us_trigger_any",
      "mean": 0.05771935720000001,
      "stddev": 0.001825637829086374,
      "median": 0.05830081300000001,
      "user": 0.053119400000000004,
      "system": 0.0245334,
      "min": 0.055762036,
      "max": 0.060031743000000005,
      "times": [
        0.055951683,
        0.055762036,
        0.058550511000000006,
        0.05830081300000001,
        0.060031743000000005
      ],
      "exit_codes": [
        0,
        0,
        0,
        0,
        0
      ]
    }
  ]
}
