{
  "results": [
    {
      "command": "change_scr1_signals_1_window_2ns_trigger_signal",
      "mean": 0.058224492083333336,
      "stddev": 0.002207785348839646,
      "median": 0.057730116,
      "user": 0.0331355,
      "system": 0.018669833333333333,
      "min": 0.055807466,
      "max": 0.062757484,
      "times": [
        0.062757484,
        0.05972153400000001,
        0.057850983,
        0.055871056,
        0.060241049000000005,
        0.057123938000000006,
        0.055892165,
        0.055807466,
        0.05990482800000001,
        0.056337571,
        0.057609249,
        0.059576582
      ],
      "exit_codes": [
        0,
        0,
        0,
        0,
        0,
        0,
        0,
        0,
        0,
        0,
        0,
        0
      ]
    }
  ]
}
