{
  "results": [
    {
      "command": "change_chipyard_clusteredrocketconfig_dhrystone_signals_100_window_8us_trigger_any",
      "mean": 0.3219220742,
      "stddev": 0.027391663254039397,
      "median": 0.34129480500000003,
      "user": 0.2522872,
      "system": 0.0883274,
      "min": 0.28996412,
      "max": 0.34279344900000003,
      "times": [
        0.28996412,
        0.341597635,
        0.34279344900000003,
        0.34129480500000003,
        0.29396036200000003
      ],
      "exit_codes": [
        0,
        0,
        0,
        0,
        0
      ]
    }
  ]
}
