{
  "results": [
    {
      "command": "change_picorv32_signals_10_window_32us_trigger_signal",
      "mean": 0.05881788720000001,
      "stddev": 0.001555196297642422,
      "median": 0.05830536100000001,
      "user": 0.05553119999999999,
      "system": 0.0265332,
      "min": 0.057330030000000004,
      "max": 0.060905893,
      "times": [
        0.059964566000000004,
        0.057583586000000006,
        0.060905893,
        0.057330030000000004,
        0.05830536100000001
      ],
      "exit_codes": [
        0,
        0,
        0,
        0,
        0
      ]
    }
  ]
}
