{
  "results": [
    {
      "command": "info_picorv32_ez",
      "mean": 0.04198506014999999,
      "stddev": 0.004151341271555829,
      "median": 0.041268671500000007,
      "user": 0.02148505,
      "system": 0.014137499999999997,
      "min": 0.031606453,
      "max": 0.055172672000000006,
      "times": [
        0.031606453,
        0.041029533,
        0.041228917000000004,
        0.0410707,
        0.040753374,
        0.039807288,
        0.042142872000000005,
        0.043380215,
        0.040777258000000004,
        0.040212418,
        0.04155574,
        0.045739394,
        0.045663422,
        0.055172672000000006,
        0.041116245,
        0.042460038000000005,
        0.042294136,
        0.041353962,
        0.041028140000000005,
        0.041308426
      ],
      "exit_codes": [
        0,
        0,
        0,
        0,
        0,
        0,
        0,
        0,
        0,
        0,
        0,
        0,
        0,
        0,
        0,
        0,
        0,
        0,
        0,
        0
      ]
    }
  ]
}
