{
  "results": [
    {
      "command": "info_chipyard_clustered_mt_memcpy",
      "mean": 0.0589864857,
      "stddev": 0.0012730336657938114,
      "median": 0.05877273150000001,
      "user": 0.024661150000000003,
      "system": 0.021349349999999996,
      "min": 0.057106624,
      "max": 0.063005487,
      "times": [
        0.058171984,
        0.05925155000000001,
        0.057947833000000004,
        0.057106624,
        0.06003572200000001,
        0.058088447,
        0.059999875,
        0.059325590000000004,
        0.057670462000000006,
        0.058770708000000005,
        0.059963307,
        0.058618983000000006,
        0.059912671,
        0.058760859000000006,
        0.057517164,
        0.059306063000000006,
        0.063005487,
        0.058909318,
        0.058774755000000005,
        0.058592312
      ],
      "exit_codes": [
        0,
        0,
        0,
        0,
        0,
        0,
        0,
        0,
        0,
        0,
        0,
        0,
        0,
        0,
        0,
        0,
        0,
        0,
        0,
        0
      ]
    }
  ]
}
