{
  "results": [
    {
      "command": "info_picorv32",
      "mean": 0.04265812175000001,
      "stddev": 0.0016564613007259562,
      "median": 0.0422535205,
      "user": 0.022568700000000004,
      "system": 0.01310315,
      "min": 0.040079319,
      "max": 0.046162969000000005,
      "times": [
        0.043612832000000004,
        0.042254182,
        0.044536115,
        0.042135789,
        0.041298448,
        0.040879671,
        0.043145665,
        0.042082409,
        0.044032871,
        0.041189883000000004,
        0.044511118,
        0.046162969000000005,
        0.042252859000000004,
        0.040933853,
        0.040151454,
        0.044612408000000006,
        0.043252315,
        0.040079319,
        0.042179131,
        0.043859144
      ],
      "exit_codes": [
        0,
        0,
        0,
        0,
        0,
        0,
        0,
        0,
        0,
        0,
        0,
        0,
        0,
        0,
        0,
        0,
        0,
        0,
        0,
        0
      ]
    }
  ]
}
