{
  "results": [
    {
      "command": "info_chipyard_clustered_dhrystone",
      "mean": 0.042655926600000005,
      "stddev": 0.0022795174639052185,
      "median": 0.042820775000000005,
      "user": 0.0229914,
      "system": 0.016796800000000004,
      "min": 0.039553572,
      "max": 0.047962207,
      "times": [
        0.043685479,
        0.040522220000000005,
        0.043584089,
        0.041800130000000005,
        0.040293351000000005,
        0.043064233,
        0.039553572,
        0.041734106,
        0.039754830000000005,
        0.040214032000000004,
        0.042714776,
        0.04344112,
        0.04017035,
        0.046396368,
        0.042926774,
        0.043128283,
        0.045217174000000006,
        0.044850025,
        0.047962207,
        0.042105413
      ],
      "exit_codes": [
        0,
        0,
        0,
        0,
        0,
        0,
        0,
        0,
        0,
        0,
        0,
        0,
        0,
        0,
        0,
        0,
        0,
        0,
        0,
        0
      ]
    }
  ]
}
