{
  "results": [
    {
      "command": "info_scr1",
      "mean": 0.04252921945,
      "stddev": 0.001964647475800161,
      "median": 0.042070441,
      "user": 0.0220724,
      "system": 0.013902150000000002,
      "min": 0.040020858,
      "max": 0.048692407,
      "times": [
        0.041667380000000004,
        0.043817356,
        0.041151501,
        0.043985812000000006,
        0.040725111,
        0.044389529000000004,
        0.042319814000000004,
        0.040417824000000005,
        0.042682646000000005,
        0.040020858,
        0.041667369,
        0.048692407,
        0.044372878000000004,
        0.04253047,
        0.040724019,
        0.041821068,
        0.041558165,
        0.041736409,
        0.043909649,
        0.042394124000000005
      ],
      "exit_codes": [
        0,
        0,
        0,
        0,
        0,
        0,
        0,
        0,
        0,
        0,
        0,
        0,
        0,
        0,
        0,
        0,
        0,
        0,
        0,
        0
      ]
    }
  ]
}
