{
  "results": [
    {
      "command": "info_scr1_isr_sample",
      "mean": 0.0417947976,
      "stddev": 0.0033017813608552738,
      "median": 0.041641315000000005,
      "user": 0.021027900000000002,
      "system": 0.014422899999999997,
      "min": 0.031024991000000002,
      "max": 0.048979516,
      "times": [
        0.041732922000000006,
        0.040598814000000004,
        0.041118039,
        0.041468877,
        0.042453996,
        0.039041761,
        0.042878162000000004,
        0.040567495,
        0.044387185,
        0.041524922000000006,
        0.044648105,
        0.048979516,
        0.044811952,
        0.041848630000000005,
        0.042039207,
        0.041549708000000005,
        0.041163293000000004,
        0.040989206,
        0.031024991000000002,
        0.043069171
      ],
      "exit_codes": [
        0,
        0,
        0,
        0,
        0,
        0,
        0,
        0,
        0,
        0,
        0,
        0,
        0,
        0,
        0,
        0,
        0,
        0,
        0,
        0
      ]
    }
  ]
}
