{
  "results": [
    {
      "command": "info_chipyard_dualrocket_dhrystone",
      "mean": 0.0418312647,
      "stddev": 0.0015465269421499235,
      "median": 0.041530488500000004,
      "user": 0.021415849999999993,
      "system": 0.01570915,
      "min": 0.039292542,
      "max": 0.045960309000000005,
      "times": [
        0.044004327,
        0.040078928,
        0.042240806000000006,
        0.042360181000000004,
        0.04394734,
        0.039292542,
        0.041526115,
        0.039720986,
        0.041617556,
        0.041339715000000006,
        0.045960309000000005,
        0.042013770000000006,
        0.041443379,
        0.041534862000000006,
        0.041510636000000004,
        0.041418012000000004,
        0.042357255,
        0.040255169,
        0.042720447,
        0.041282959
      ],
      "exit_codes": [
        0,
        0,
        0,
        0,
        0,
        0,
        0,
        0,
        0,
        0,
        0,
        0,
        0,
        0,
        0,
        0,
        0,
        0,
        0,
        0
      ]
    }
  ]
}
