{
  "results": [
    {
      "command": "info_scr1_riscv_compliance",
      "mean": 0.04241277265000001,
      "stddev": 0.0019073942858271404,
      "median": 0.042508363,
      "user": 0.021692200000000002,
      "system": 0.014044399999999999,
      "min": 0.039383261,
      "max": 0.045943036,
      "times": [
        0.042554425,
        0.039443044000000003,
        0.039383261,
        0.040837481,
        0.044842119,
        0.042252788,
        0.040136766000000004,
        0.042462301,
        0.043186532,
        0.040751731,
        0.043447231,
        0.042809985,
        0.045679221000000006,
        0.044795982000000005,
        0.042611131000000003,
        0.042272936000000004,
        0.040621366000000006,
        0.045943036,
        0.041533518000000005,
        0.042690599
      ],
      "exit_codes": [
        0,
        0,
        0,
        0,
        0,
        0,
        0,
        0,
        0,
        0,
        0,
        0,
        0,
        0,
        0,
        0,
        0,
        0,
        0,
        0
      ]
    }
  ]
}
