{
  "results": [
    {
      "command": "property_chipyard_clusteredrocketconfig_dhrystone_window_2us_match_posedge_clk",
      "mean": 0.3917037646,
      "stddev": 0.0015429820110664885,
      "median": 0.39093570400000005,
      "user": 0.23589259999999998,
      "system": 0.1295498,
      "min": 0.39053434800000003,
      "max": 0.394276985,
      "times": [
        0.39093570400000005,
        0.394276985,
        0.391995062,
        0.390776724,
        0.39053434800000003
      ],
      "exit_codes": [
        0,
        0,
        0,
        0,
        0
      ]
    }
  ]
}
