{
  "results": [
    {
      "command": "property_chipyard_clusteredrocketconfig_dhrystone_window_2us_switch_wildcard",
      "mean": 0.2914791158,
      "stddev": 0.0020669835964372612,
      "median": 0.291572473,
      "user": 0.1857912,
      "system": 0.07523679999999999,
      "min": 0.288918049,
      "max": 0.293747546,
      "times": [
        0.289942254,
        0.291572473,
        0.293747546,
        0.293215257,
        0.288918049
      ],
      "exit_codes": [
        0,
        0,
        0,
        0,
        0
      ]
    }
  ]
}
