{
  "results": [
    {
      "command": "scope_scr1_all_depth7_json",
      "mean": 0.0423226436,
      "stddev": 0.001720287309155605,
      "median": 0.042264779,
      "user": 0.024505799999999998,
      "system": 0.015285533333333332,
      "min": 0.039986292,
      "max": 0.046287691000000006,
      "times": [
        0.041473163,
        0.040935023,
        0.043011491000000006,
        0.039986292,
        0.042510019,
        0.040556152000000005,
        0.044137294,
        0.044776634,
        0.046287691000000006,
        0.042356250000000005,
        0.042669699000000005,
        0.041893302,
        0.042264779,
        0.041624527,
        0.040357338
      ],
      "exit_codes": [
        0,
        0,
        0,
        0,
        0,
        0,
        0,
        0,
        0,
        0,
        0,
        0,
        0,
        0,
        0
      ]
    }
  ]
}
