{
  "results": [
    {
      "command": "scope_clustered_all_depth13_json",
      "mean": 0.27382401483333335,
      "stddev": 0.026317635729419305,
      "median": 0.28914977750000004,
      "user": 0.17137966666666662,
      "system": 0.07516316666666667,
      "min": 0.238882541,
      "max": 0.29457641,
      "times": [
        0.288419643,
        0.24104497100000002,
        0.29457641,
        0.290140612,
        0.289879912,
        0.238882541
      ],
      "exit_codes": [
        0,
        0,
        0,
        0,
        0,
        0
      ]
    }
  ]
}
