{
  "results": [
    {
      "command": "scope_dualrocket_filter_frontend_depth12_json",
      "mean": 0.1423476053,
      "stddev": 0.0030380333149566136,
      "median": 0.14178245849999999,
      "user": 0.0795467,
      "system": 0.035052299999999995,
      "min": 0.139191951,
      "max": 0.14932736700000002,
      "times": [
        0.142119356,
        0.14932736700000002,
        0.141730105,
        0.14579402400000002,
        0.140456474,
        0.139646413,
        0.141834812,
        0.141879946,
        0.139191951,
        0.141495605
      ],
      "exit_codes": [
        0,
        0,
        0,
        0,
        0,
        0,
        0,
        0,
        0,
        0
      ]
    }
  ]
}
