{
  "results": [
    {
      "command": "signal_scr1_top_recursive_all_json",
      "mean": 0.0424521927,
      "stddev": 0.0021625520707587377,
      "median": 0.04239245850000001,
      "user": 0.0247389,
      "system": 0.0157145,
      "min": 0.039479921,
      "max": 0.045737398000000005,
      "times": [
        0.042687172,
        0.043373810000000006,
        0.039479921,
        0.045611852,
        0.045737398000000005,
        0.04041641,
        0.043509385000000005,
        0.04141839,
        0.042097745000000006,
        0.040189844
      ],
      "exit_codes": [
        0,
        0,
        0,
        0,
        0,
        0,
        0,
        0,
        0,
        0
      ]
    }
  ]
}
