{
  "results": [
    {
      "command": "signal_scr1_top_recursive_filter_valid_json",
      "mean": 0.0450219434,
      "stddev": 0.006718824277639394,
      "median": 0.043380037,
      "user": 0.025799900000000004,
      "system": 0.015524700000000002,
      "min": 0.041027256000000005,
      "max": 0.06361723100000001,
      "times": [
        0.044498501,
        0.042780026000000006,
        0.045498179,
        0.041046672,
        0.042208924,
        0.041027256000000005,
        0.044225559000000005,
        0.06361723100000001,
        0.041337038,
        0.043980048
      ],
      "exit_codes": [
        0,
        0,
        0,
        0,
        0,
        0,
        0,
        0,
        0,
        0
      ]
    }
  ]
}
