{
  "results": [
    {
      "command": "signal_scr1_top_recursive_depth2_json",
      "mean": 0.04150573589999999,
      "stddev": 0.0016908307276507241,
      "median": 0.0412686585,
      "user": 0.023069700000000002,
      "system": 0.0155885,
      "min": 0.039885753,
      "max": 0.045903940000000004,
      "times": [
        0.041462853,
        0.040863869000000004,
        0.041074464000000005,
        0.040798036,
        0.041610661,
        0.039885753,
        0.041753549,
        0.039920959000000006,
        0.045903940000000004,
        0.041783275
      ],
      "exit_codes": [
        0,
        0,
        0,
        0,
        0,
        0,
        0,
        0,
        0,
        0
      ]
    }
  ]
}
