{
  "results": [
    {
      "command": "value_chipyard_dualrocketconfig_dhrystone_signals_1",
      "mean": 0.14551198615000005,
      "stddev": 0.015899978719296534,
      "median": 0.14026599350000002,
      "user": 0.09433704999999998,
      "system": 0.04154915,
      "min": 0.13784068000000002,
      "max": 0.191671837,
      "times": [
        0.14175554,
        0.13863503200000002,
        0.146951833,
        0.140920992,
        0.138792207,
        0.191671837,
        0.139058957,
        0.139929552,
        0.13900093800000002,
        0.142050582,
        0.143058826,
        0.140602435,
        0.19154541900000002,
        0.13923943600000002,
        0.139255747,
        0.14128711900000002,
        0.139614379,
        0.13799054100000002,
        0.13784068000000002,
        0.141037671
      ],
      "exit_codes": [
        0,
        0,
        0,
        0,
        0,
        0,
        0,
        0,
        0,
        0,
        0,
        0,
        0,
        0,
        0,
        0,
        0,
        0,
        0,
        0
      ]
    }
  ]
}
