{
  "results": [
    {
      "command": "value_picorv32_signals_10",
      "mean": 0.09163503226666665,
      "stddev": 0.0018135525069389738,
      "median": 0.090957752,
      "user": 0.07889866666666667,
      "system": 0.03298866666666666,
      "min": 0.08830004400000001,
      "max": 0.09487395300000001,
      "times": [
        0.09263062300000001,
        0.094029418,
        0.09487395300000001,
        0.08999813100000001,
        0.09295679500000001,
        0.08830004400000001,
        0.09129416400000001,
        0.09277545400000001,
        0.09063808200000001,
        0.090957752,
        0.090735465,
        0.090907468,
        0.093925302,
        0.090254071,
        0.09024876200000001
      ],
      "exit_codes": [
        0,
        0,
        0,
        0,
        0,
        0,
        0,
        0,
        0,
        0,
        0,
        0,
        0,
        0,
        0
      ]
    }
  ]
}
