{
  "results": [
    {
      "command": "value_chipyard_dualrocketconfig_dhrystone_signals_1000",
      "mean": 0.34434232400000003,
      "stddev": 0.0021540831253238244,
      "median": 0.344101405,
      "user": 0.530602,
      "system": 0.11597366666666666,
      "min": 0.341940014,
      "max": 0.34726826400000005,
      "times": [
        0.34537650400000003,
        0.345979656,
        0.341940014,
        0.342826306,
        0.34726826400000005,
        0.3426632
      ],
      "exit_codes": [
        0,
        0,
        0,
        0,
        0,
        0
      ]
    }
  ]
}
