{
  "results": [
    {
      "command": "value_picorv32_signals_1",
      "mean": 0.05679008615000001,
      "stddev": 0.0038717221868243756,
      "median": 0.0577577395,
      "user": 0.026403450000000002,
      "system": 0.0171675,
      "min": 0.041771337000000006,
      "max": 0.061252304,
      "times": [
        0.057786138,
        0.057999819,
        0.057897607000000004,
        0.041771337000000006,
        0.056346175000000005,
        0.058063067,
        0.056969224000000006,
        0.059896569000000004,
        0.055442919,
        0.058710593000000005,
        0.056209539,
        0.056787233000000006,
        0.055995377000000006,
        0.058902082,
        0.058554209,
        0.058839726,
        0.057729341,
        0.061252304,
        0.055929633000000006,
        0.054718831
      ],
      "exit_codes": [
        0,
        0,
        0,
        0,
        0,
        0,
        0,
        0,
        0,
        0,
        0,
        0,
        0,
        0,
        0,
        0,
        0,
        0,
        0,
        0
      ]
    }
  ]
}
