{
  "results": [
    {
      "command": "value_chipyard_clusteredrocketconfig_dhrystone_signals_10",
      "mean": 0.30040717460000005,
      "stddev": 0.020900329752605883,
      "median": 0.290855307,
      "user": 0.20171299999999998,
      "system": 0.08495466666666666,
      "min": 0.286967059,
      "max": 0.34304151,
      "times": [
        0.290138565,
        0.28935289000000003,
        0.339003551,
        0.29292642700000004,
        0.288633179,
        0.290042342,
        0.28972921500000004,
        0.34304151,
        0.33982112400000003,
        0.29158128,
        0.286967059,
        0.288280103,
        0.29236827600000004,
        0.290855307,
        0.293366791
      ],
      "exit_codes": [
        0,
        0,
        0,
        0,
        0,
        0,
        0,
        0,
        0,
        0,
        0,
        0,
        0,
        0,
        0
      ]
    }
  ]
}
