{
  "results": [
    {
      "command": "value_scr1_signals_10",
      "mean": 0.05149186893333334,
      "stddev": 0.008900368190028405,
      "median": 0.056937393,
      "user": 0.02609973333333333,
      "system": 0.017712,
      "min": 0.039457823,
      "max": 0.060262394000000004,
      "times": [
        0.057780386,
        0.056937393,
        0.042912728000000004,
        0.058680545,
        0.056681984000000005,
        0.041948669,
        0.039822377,
        0.060262394000000004,
        0.058533219000000004,
        0.058380632,
        0.059083211000000004,
        0.059651417000000005,
        0.039457823,
        0.042204709,
        0.040040547
      ],
      "exit_codes": [
        0,
        0,
        0,
        0,
        0,
        0,
        0,
        0,
        0,
        0,
        0,
        0,
        0,
        0,
        0
      ]
    }
  ]
}
