{
  "results": [
    {
      "command": "value_chipyard_clusteredrocketconfig_dhrystone_signals_1",
      "mean": 0.29068786580000006,
      "stddev": 0.002060496084359132,
      "median": 0.289950132,
      "user": 0.19917625,
      "system": 0.08392754999999999,
      "min": 0.288106264,
      "max": 0.295243121,
      "times": [
        0.289051732,
        0.28820021300000004,
        0.289911705,
        0.293180892,
        0.28956475400000004,
        0.28877615300000004,
        0.29384328400000004,
        0.28998855900000003,
        0.292822227,
        0.295243121,
        0.288106264,
        0.289679768,
        0.288973121,
        0.289994197,
        0.293892284,
        0.28963896,
        0.29115792,
        0.291484644,
        0.28970333000000004,
        0.29054418800000004
      ],
      "exit_codes": [
        0,
        0,
        0,
        0,
        0,
        0,
        0,
        0,
        0,
        0,
        0,
        0,
        0,
        0,
        0,
        0,
        0,
        0,
        0,
        0
      ]
    }
  ]
}
