{
  "results": [
    {
      "command": "value_chipyard_clusteredrocketconfig_dhrystone_signals_1000",
      "mean": 0.4919426568333334,
      "stddev": 0.0012526125680722487,
      "median": 0.49215315550000005,
      "user": 0.7272156666666666,
      "system": 0.1662573333333333,
      "min": 0.48954127300000005,
      "max": 0.49311326000000005,
      "times": [
        0.49311326000000005,
        0.49222820700000003,
        0.48954127300000005,
        0.492078104,
        0.49272203200000003,
        0.49197306500000004
      ],
      "exit_codes": [
        0,
        0,
        0,
        0,
        0,
        0
      ]
    }
  ]
}
