{
  "results": [
    {
      "command": "value_chipyard_dualrocketconfig_dhrystone_signals_100",
      "mean": 0.2705794749,
      "stddev": 0.02670207995867282,
      "median": 0.289465018,
      "user": 0.2552146,
      "system": 0.07177439999999999,
      "min": 0.23853252200000002,
      "max": 0.293813961,
      "times": [
        0.289680683,
        0.292837709,
        0.28924935300000004,
        0.291592181,
        0.240804969,
        0.293813961,
        0.24034152900000003,
        0.23873870000000003,
        0.290203142,
        0.23853252200000002
      ],
      "exit_codes": [
        0,
        0,
        0,
        0,
        0,
        0,
        0,
        0,
        0,
        0
      ]
    }
  ]
}
