{
  "results": [
    {
      "command": "value_scr1_signals_1",
      "mean": 0.05198811370000002,
      "stddev": 0.008764953319452954,
      "median": 0.057175901,
      "user": 0.026206799999999995,
      "system": 0.0168706,
      "min": 0.040336943,
      "max": 0.061694582000000005,
      "times": [
        0.042896317,
        0.059901346,
        0.058444773000000005,
        0.057843464000000004,
        0.05798538,
        0.059609219000000005,
        0.057283393,
        0.041003265000000004,
        0.044470873,
        0.040468681,
        0.061694582000000005,
        0.061276458000000006,
        0.040336943,
        0.041694652000000006,
        0.054297067000000004,
        0.059312121,
        0.06103817,
        0.057068409,
        0.041101699000000005,
        0.042035462
      ],
      "exit_codes": [
        0,
        0,
        0,
        0,
        0,
        0,
        0,
        0,
        0,
        0,
        0,
        0,
        0,
        0,
        0,
        0,
        0,
        0,
        0,
        0
      ]
    }
  ]
}
