{
  "results": [
    {
      "command": "value_picorv32_signals_100",
      "mean": 0.1417678337,
      "stddev": 0.0020440207303302426,
      "median": 0.14160815,
      "user": 0.25550839999999997,
      "system": 0.0588927,
      "min": 0.139197059,
      "max": 0.145210487,
      "times": [
        0.142438704,
        0.139638859,
        0.139197059,
        0.140211103,
        0.142592623,
        0.145210487,
        0.140777596,
        0.144159223,
        0.14320153600000002,
        0.14025114700000002
      ],
      "exit_codes": [
        0,
        0,
        0,
        0,
        0,
        0,
        0,
        0,
        0,
        0
      ]
    }
  ]
}
