{
  "results": [
    {
      "command": "value_scr1_signals_1000",
      "mean": 0.14170458883333334,
      "stddev": 0.001873108807836047,
      "median": 0.1414101995,
      "user": 0.36946016666666665,
      "system": 0.07379766666666666,
      "min": 0.139781933,
      "max": 0.143869185,
      "times": [
        0.139781933,
        0.13998533500000002,
        0.143869185,
        0.143770681,
        0.140471397,
        0.142349002
      ],
      "exit_codes": [
        0,
        0,
        0,
        0,
        0,
        0
      ]
    }
  ]
}
