{
  "results": [
    {
      "command": "value_chipyard_clusteredrocketconfig_dhrystone_signals_100",
      "mean": 0.4010418519000001,
      "stddev": 0.020773246204511913,
      "median": 0.39145466,
      "user": 0.3911583,
      "system": 0.11431659999999999,
      "min": 0.388099542,
      "max": 0.440965798,
      "times": [
        0.388557335,
        0.389121673,
        0.391765195,
        0.43920087700000005,
        0.39081006100000004,
        0.388099542,
        0.440965798,
        0.398148865,
        0.392605048,
        0.391144125
      ],
      "exit_codes": [
        0,
        0,
        0,
        0,
        0,
        0,
        0,
        0,
        0,
        0
      ]
    }
  ]
}
