{
  "results": [
    {
      "command": "value_scr1_signals_100",
      "mean": 0.0715118867,
      "stddev": 0.018363702127522124,
      "median": 0.060002386000000005,
      "user": 0.0572395,
      "system": 0.0272128,
      "min": 0.055201826,
      "max": 0.095191196,
      "times": [
        0.091077344,
        0.060846551000000006,
        0.055201826,
        0.055359181,
        0.059158221000000004,
        0.091550082,
        0.095191196,
        0.056030841000000005,
        0.057638249,
        0.093065376
      ],
      "exit_codes": [
        0,
        0,
        0,
        0,
        0,
        0,
        0,
        0,
        0,
        0
      ]
    }
  ]
}
