{
  "results": [
    {
      "command": "value_chipyard_dualrocketconfig_dhrystone_signals_10",
      "mean": 0.14679719300000002,
      "stddev": 0.018410639009223788,
      "median": 0.140140927,
      "user": 0.091866,
      "system": 0.045047333333333335,
      "min": 0.13803854100000001,
      "max": 0.193346388,
      "times": [
        0.140596953,
        0.193346388,
        0.139349741,
        0.140140927,
        0.14157334500000002,
        0.13803854100000001,
        0.138194914,
        0.140395565,
        0.138544901,
        0.19066706800000002,
        0.140540837,
        0.138322944,
        0.139810546,
        0.139400827,
        0.143034398
      ],
      "exit_codes": [
        0,
        0,
        0,
        0,
        0,
        0,
        0,
        0,
        0,
        0,
        0,
        0,
        0,
        0,
        0
      ]
    }
  ]
}
