{
  "results": [
    {
      "command": "value_picorv32_signals_1000",
      "mean": 0.30850750766666674,
      "stddev": 0.026424490808721546,
      "median": 0.29218668450000007,
      "user": 1.2663605,
      "system": 0.20212766666666668,
      "min": 0.290392286,
      "max": 0.343541099,
      "times": [
        0.291079858,
        0.343541099,
        0.29257998300000004,
        0.341658434,
        0.290392286,
        0.29179338600000004
      ],
      "exit_codes": [
        0,
        0,
        0,
        0,
        0,
        0
      ]
    }
  ]
}
