{
  "results": [
    {
      "command": "signal_scr1_top_recursive_depth2_json",
      "mean": 0.007396008800000001,
      "stddev": 0.0006418130839071452,
      "median": 0.007570058,
      "user": 0.0026772000000000002,
      "system": 0.0045606,
      "min": 0.0063411760000000005,
      "max": 0.008115592000000001,
      "times": [
        0.007652321,
        0.007324892,
        0.006782265,
        0.007487795,
        0.007875996,
        0.007870606,
        0.008004866000000001,
        0.0063411760000000005,
        0.008115592000000001,
        0.006504579000000001
      ],
      "exit_codes": [
        0,
        0,
        0,
        0,
        0,
        0,
        0,
        0,
        0,
        0
      ]
    }
  ]
}
