{
  "results": [
    {
      "command": "signal_scr1_top_recursive_all_json",
      "mean": 0.008822,
      "stddev": 0.0005820087873838332,
      "median": 0.0088190825,
      "user": 0.0026654000000000005,
      "system": 0.0060185,
      "min": 0.007939925,
      "max": 0.009640123,
      "times": [
        0.009284752,
        0.009640123,
        0.008440344,
        0.009467442000000001,
        0.008843503,
        0.007939925,
        0.008794662,
        0.008025023000000001,
        0.008593268000000001,
        0.009190958
      ],
      "exit_codes": [
        0,
        0,
        0,
        0,
        0,
        0,
        0,
        0,
        0,
        0
      ]
    }
  ]
}
