{
  "results": [
    {
      "command": "signal_scr1_top_recursive_filter_valid_json",
      "mean": 0.0080404275,
      "stddev": 0.0005880190936673646,
      "median": 0.007993980000000001,
      "user": 0.0030584,
      "system": 0.0048164,
      "min": 0.007261155,
      "max": 0.008978143000000001,
      "times": [
        0.007873711,
        0.008978143000000001,
        0.008114249,
        0.007261155,
        0.007614751,
        0.008885631,
        0.008195870000000001,
        0.008391473,
        0.0073750660000000004,
        0.007714226
      ],
      "exit_codes": [
        0,
        0,
        0,
        0,
        0,
        0,
        0,
        0,
        0,
        0
      ]
    }
  ]
}
