{
  "results": [
    {
      "command": "change_chipyard_clusteredrocketconfig_dhrystone_signals_10_window_8us_trigger_any",
      "mean": 0.241149449,
      "stddev": 0.0017582404646277684,
      "median": 0.241890457,
      "user": 0.1383786,
      "system": 0.058055999999999996,
      "min": 0.23830350500000003,
      "max": 0.24277971,
      "times": [
        0.23830350500000003,
        0.24277971,
        0.242074805,
        0.240698768,
        0.241890457
      ],
      "exit_codes": [
        0,
        0,
        0,
        0,
        0
      ]
    }
  ]
}
