{
  "results": [
    {
      "command": "change_scr1_signals_100_window_4ns_trigger_posedge_clk",
      "mean": 0.19129527633333335,
      "stddev": 0.0017649357083886802,
      "median": 0.19044943400000003,
      "user": 0.14149733333333334,
      "system": 0.025837166666666665,
      "min": 0.18961866200000002,
      "max": 0.193627295,
      "times": [
        0.193627295,
        0.19044897300000002,
        0.190449895,
        0.18961866200000002,
        0.19017668100000001,
        0.19345015200000001
      ],
      "exit_codes": [
        0,
        0,
        0,
        0,
        0,
        0
      ]
    }
  ]
}
