{
  "results": [
    {
      "command": "change_scr1_signals_1_window_8ns_trigger_posedge_clk",
      "mean": 0.05777603775,
      "stddev": 0.0014302486298253512,
      "median": 0.057453789000000005,
      "user": 0.031314416666666664,
      "system": 0.01620358333333333,
      "min": 0.055836044,
      "max": 0.059658075000000005,
      "times": [
        0.059151674,
        0.05657663600000001,
        0.057843436000000005,
        0.0593411,
        0.059128320000000005,
        0.059168596000000004,
        0.056289106000000005,
        0.057007135,
        0.057064142000000005,
        0.056248189000000004,
        0.055836044,
        0.059658075000000005
      ],
      "exit_codes": [
        0,
        0,
        0,
        0,
        0,
        0,
        0,
        0,
        0,
        0,
        0,
        0
      ]
    }
  ]
}
