{
  "results": [
    {
      "command": "change_picorv32_signals_100_window_2us_trigger_signal",
      "mean": 0.4408646574,
      "stddev": 0.000746698469077224,
      "median": 0.441085979,
      "user": 0.36451819999999996,
      "system": 0.055425800000000004,
      "min": 0.43979589100000005,
      "max": 0.441522717,
      "times": [
        0.441085979,
        0.441522717,
        0.43979589100000005,
        0.44041712600000005,
        0.441501574
      ],
      "exit_codes": [
        0,
        0,
        0,
        0,
        0
      ]
    }
  ]
}
