{
  "results": [
    {
      "command": "change_chipyard_clusteredrocketconfig_dhrystone_signals_1_window_2us_trigger_any",
      "mean": 0.1400454882,
      "stddev": 0.0008216588951549168,
      "median": 0.139743358,
      "user": 0.06893819999999999,
      "system": 0.050139,
      "min": 0.13902084,
      "max": 0.140986686,
      "times": [
        0.139743358,
        0.13902084,
        0.140986686,
        0.140785598,
        0.139690959
      ],
      "exit_codes": [
        0,
        0,
        0,
        0,
        0
      ]
    }
  ]
}
