{
  "results": [
    {
      "command": "change_picorv32_signals_1_window_32us_trigger_posedge_clk",
      "mean": 0.1406416066,
      "stddev": 0.0011242486458294294,
      "median": 0.141313044,
      "user": 0.06892059999999998,
      "system": 0.030791000000000002,
      "min": 0.13894809,
      "max": 0.141537987,
      "times": [
        0.14002419300000002,
        0.141313044,
        0.141537987,
        0.13894809,
        0.14138471900000002
      ],
      "exit_codes": [
        0,
        0,
        0,
        0,
        0
      ]
    }
  ]
}
