{
  "results": [
    {
      "command": "change_scr1_signals_100_window_2ns_trigger_posedge_clk",
      "mean": 0.1913966161666667,
      "stddev": 0.0018077367339115963,
      "median": 0.19158063150000001,
      "user": 0.13972033333333334,
      "system": 0.029710999999999998,
      "min": 0.18848304600000002,
      "max": 0.19336186400000002,
      "times": [
        0.192957125,
        0.192092849,
        0.19041639900000001,
        0.19106841400000002,
        0.19336186400000002,
        0.18848304600000002
      ],
      "exit_codes": [
        0,
        0,
        0,
        0,
        0,
        0
      ]
    }
  ]
}
