{
  "results": [
    {
      "command": "change_picorv32_signals_1_window_2us_trigger_posedge_clk",
      "mean": 0.140778845,
      "stddev": 0.00205101230737945,
      "median": 0.139482447,
      "user": 0.0675064,
      "system": 0.0298134,
      "min": 0.13922605500000002,
      "max": 0.143686377,
      "times": [
        0.13928690900000001,
        0.142212437,
        0.139482447,
        0.13922605500000002,
        0.143686377
      ],
      "exit_codes": [
        0,
        0,
        0,
        0,
        0
      ]
    }
  ]
}
