{
  "results": [
    {
      "command": "change_chipyard_clusteredrocketconfig_dhrystone_signals_100_window_8us_trigger_posedge_clk",
      "mean": 0.24205509980000003,
      "stddev": 0.0009983059523175804,
      "median": 0.241989473,
      "user": 0.1761896,
      "system": 0.061730999999999994,
      "min": 0.24103169400000002,
      "max": 0.24351739700000002,
      "times": [
        0.24247130100000003,
        0.241265634,
        0.24103169400000002,
        0.24351739700000002,
        0.241989473
      ],
      "exit_codes": [
        0,
        0,
        0,
        0,
        0
      ]
    }
  ]
}
