{
  "results": [
    {
      "command": "change_chipyard_dualrocketconfig_dhrystone_signals_10_window_32us_trigger_any",
      "mean": 0.1895526636,
      "stddev": 0.0008165806818161369,
      "median": 0.18957275,
      "user": 0.12441339999999998,
      "system": 0.05917079999999999,
      "min": 0.188496035,
      "max": 0.19075071300000002,
      "times": [
        0.18957275,
        0.189246096,
        0.19075071300000002,
        0.188496035,
        0.189697724
      ],
      "exit_codes": [
        0,
        0,
        0,
        0,
        0
      ]
    }
  ]
}
