{
  "results": [
    {
      "command": "change_picorv32_signals_100_window_8us_trigger_posedge_clk",
      "mean": 0.44128297940000005,
      "stddev": 0.0012796367498392961,
      "median": 0.44168269200000004,
      "user": 0.3576508,
      "system": 0.052355399999999996,
      "min": 0.43919928700000005,
      "max": 0.442288679,
      "times": [
        0.43919928700000005,
        0.44168269200000004,
        0.440986953,
        0.442288679,
        0.442257286
      ],
      "exit_codes": [
        0,
        0,
        0,
        0,
        0
      ]
    }
  ]
}
