{
  "results": [
    {
      "command": "change_chipyard_dualrocketconfig_dhrystone_signals_1_window_32us_trigger_signal",
      "mean": 0.19107208479999999,
      "stddev": 0.0010325915006732884,
      "median": 0.19137333,
      "user": 0.08903539999999999,
      "system": 0.0690874,
      "min": 0.189257916,
      "max": 0.19184646000000002,
      "times": [
        0.191514297,
        0.189257916,
        0.19184646000000002,
        0.191368421,
        0.19137333
      ],
      "exit_codes": [
        0,
        0,
        0,
        0,
        0
      ]
    }
  ]
}
