{
  "results": [
    {
      "command": "change_chipyard_dualrocketconfig_dhrystone_signals_10_window_32us_trigger_signal",
      "mean": 0.250173279,
      "stddev": 0.02295108416626537,
      "median": 0.23971424100000002,
      "user": 0.1636028,
      "system": 0.0757698,
      "min": 0.23848544100000002,
      "max": 0.29109099800000005,
      "times": [
        0.23848785500000003,
        0.23848544100000002,
        0.23971424100000002,
        0.29109099800000005,
        0.24308786000000002
      ],
      "exit_codes": [
        0,
        0,
        0,
        0,
        0
      ]
    }
  ]
}
