{
  "results": [
    {
      "command": "change_chipyard_clusteredrocketconfig_dhrystone_signals_10_window_2us_trigger_signal",
      "mean": 0.24081138740000002,
      "stddev": 0.0006447833603934756,
      "median": 0.24087738400000003,
      "user": 0.1589896,
      "system": 0.0748146,
      "min": 0.239746869,
      "max": 0.241447985,
      "times": [
        0.239746869,
        0.241157692,
        0.24087738400000003,
        0.241447985,
        0.240827007
      ],
      "exit_codes": [
        0,
        0,
        0,
        0,
        0
      ]
    }
  ]
}
