{
  "results": [
    {
      "command": "change_chipyard_dualrocketconfig_dhrystone_signals_100_window_2us_trigger_posedge_clk",
      "mean": 0.2408084072,
      "stddev": 0.0036061580189614066,
      "median": 0.239610487,
      "user": 0.14561439999999998,
      "system": 0.0690288,
      "min": 0.238628781,
      "max": 0.247199896,
      "times": [
        0.247199896,
        0.23883310600000002,
        0.23976976600000002,
        0.238628781,
        0.239610487
      ],
      "exit_codes": [
        0,
        0,
        0,
        0,
        0
      ]
    }
  ]
}
