{
  "results": [
    {
      "command": "change_picorv32_signals_1_window_2us_trigger_signal",
      "mean": 0.08938742640000001,
      "stddev": 0.0015671457441205983,
      "median": 0.089068324,
      "user": 0.05099279999999999,
      "system": 0.027505999999999996,
      "min": 0.087896473,
      "max": 0.092050158,
      "times": [
        0.089111666,
        0.092050158,
        0.08881051100000001,
        0.087896473,
        0.089068324
      ],
      "exit_codes": [
        0,
        0,
        0,
        0,
        0
      ]
    }
  ]
}
