{
  "results": [
    {
      "command": "change_chipyard_clusteredrocketconfig_dhrystone_signals_100_window_32us_trigger_posedge_clk",
      "mean": 0.3421714892,
      "stddev": 0.0029182745766012505,
      "median": 0.34170311200000003,
      "user": 0.21584979999999998,
      "system": 0.08064959999999999,
      "min": 0.33884320500000004,
      "max": 0.34667110700000003,
      "times": [
        0.34667110700000003,
        0.340753517,
        0.33884320500000004,
        0.34170311200000003,
        0.342886505
      ],
      "exit_codes": [
        0,
        0,
        0,
        0,
        0
      ]
    }
  ]
}
