{
  "results": [
    {
      "command": "change_chipyard_clusteredrocketconfig_dhrystone_signals_100_window_8us_trigger_any",
      "mean": 0.24102065760000002,
      "stddev": 0.00102280606956099,
      "median": 0.24122400800000002,
      "user": 0.1751286,
      "system": 0.061391799999999996,
      "min": 0.23970298,
      "max": 0.24210637000000002,
      "times": [
        0.24025147200000002,
        0.24210637000000002,
        0.23970298,
        0.24181845800000001,
        0.24122400800000002
      ],
      "exit_codes": [
        0,
        0,
        0,
        0,
        0
      ]
    }
  ]
}
