{
  "results": [
    {
      "command": "change_picorv32_signals_1_window_32us_trigger_any",
      "mean": 0.09080468500000002,
      "stddev": 0.0023335842905552,
      "median": 0.090271135,
      "user": 0.0445966,
      "system": 0.021007799999999997,
      "min": 0.088843512,
      "max": 0.09480131600000001,
      "times": [
        0.090271135,
        0.09480131600000001,
        0.08952901,
        0.090578452,
        0.088843512
      ],
      "exit_codes": [
        0,
        0,
        0,
        0,
        0
      ]
    }
  ]
}
