{
  "results": [
    {
      "command": "change_picorv32_signals_1_window_8us_trigger_signal",
      "mean": 0.090676527,
      "stddev": 0.0015793666656441767,
      "median": 0.091010781,
      "user": 0.05258799999999999,
      "system": 0.028207199999999998,
      "min": 0.088350703,
      "max": 0.09246673700000001,
      "times": [
        0.088350703,
        0.09156183700000001,
        0.09246673700000001,
        0.091010781,
        0.089992577
      ],
      "exit_codes": [
        0,
        0,
        0,
        0,
        0
      ]
    }
  ]
}
