{
  "results": [
    {
      "command": "change_chipyard_clusteredrocketconfig_dhrystone_signals_1_window_2us_trigger_signal",
      "mean": 0.19006959680000002,
      "stddev": 0.000688020780361105,
      "median": 0.189990556,
      "user": 0.0932216,
      "system": 0.063201,
      "min": 0.18920778400000002,
      "max": 0.190826549,
      "times": [
        0.190826549,
        0.18920778400000002,
        0.19068815700000002,
        0.189990556,
        0.189634938
      ],
      "exit_codes": [
        0,
        0,
        0,
        0,
        0
      ]
    }
  ]
}
