{
  "results": [
    {
      "command": "change_picorv32_signals_10_window_32us_trigger_any",
      "mean": 0.13982173260000003,
      "stddev": 0.0018968575376031279,
      "median": 0.139861738,
      "user": 0.08273660000000001,
      "system": 0.0320902,
      "min": 0.13717267500000002,
      "max": 0.14253120400000002,
      "times": [
        0.13717267500000002,
        0.139887476,
        0.14253120400000002,
        0.139861738,
        0.13965557
      ],
      "exit_codes": [
        0,
        0,
        0,
        0,
        0
      ]
    }
  ]
}
