{
  "results": [
    {
      "command": "change_scr1_signals_1_window_8ns_trigger_any",
      "mean": 0.05898342183333335,
      "stddev": 0.0029270155201960423,
      "median": 0.05813613100000001,
      "user": 0.03192583333333333,
      "system": 0.01642708333333333,
      "min": 0.056343519,
      "max": 0.065992226,
      "times": [
        0.057038625,
        0.056343519,
        0.06162117500000001,
        0.057736125000000006,
        0.058584038000000005,
        0.05695023900000001,
        0.062594764,
        0.065992226,
        0.058099608000000004,
        0.0582393,
        0.058172654000000004,
        0.05642878900000001
      ],
      "exit_codes": [
        0,
        0,
        0,
        0,
        0,
        0,
        0,
        0,
        0,
        0,
        0,
        0
      ]
    }
  ]
}
