{
  "results": [
    {
      "command": "change_scr1_signals_100_pos_50_window_2ns_trigger_any",
      "mean": 0.19160288433333336,
      "stddev": 0.001765647012737901,
      "median": 0.1919535745,
      "user": 0.13746233333333333,
      "system": 0.026913666666666666,
      "min": 0.189105127,
      "max": 0.193253834,
      "times": [
        0.189105127,
        0.190108083,
        0.193253834,
        0.191101409,
        0.19324311300000002,
        0.19280574
      ],
      "exit_codes": [
        0,
        0,
        0,
        0,
        0,
        0
      ]
    }
  ]
}
