{
  "results": [
    {
      "command": "change_chipyard_dualrocketconfig_dhrystone_signals_1_window_8us_trigger_signal",
      "mean": 0.1520707776,
      "stddev": 0.023989212756294818,
      "median": 0.140527903,
      "user": 0.077582,
      "system": 0.06247860000000001,
      "min": 0.13917948000000002,
      "max": 0.194756703,
      "times": [
        0.194756703,
        0.13917948000000002,
        0.14031295000000002,
        0.140527903,
        0.145576852
      ],
      "exit_codes": [
        0,
        0,
        0,
        0,
        0
      ]
    }
  ]
}
