{
  "results": [
    {
      "command": "change_scr1_signals_10_window_8ns_trigger_signal",
      "mean": 0.058248486444444456,
      "stddev": 0.0019573393705767466,
      "median": 0.058128384000000005,
      "user": 0.03899266666666666,
      "system": 0.017343333333333332,
      "min": 0.055719749000000006,
      "max": 0.062620674,
      "times": [
        0.062620674,
        0.055719749000000006,
        0.05878672100000001,
        0.057014482000000005,
        0.056987460000000004,
        0.058443967000000006,
        0.058128384000000005,
        0.059184769000000005,
        0.057350172000000005
      ],
      "exit_codes": [
        0,
        0,
        0,
        0,
        0,
        0,
        0,
        0,
        0
      ]
    }
  ]
}
