{
  "results": [
    {
      "command": "change_chipyard_dualrocketconfig_dhrystone_signals_100_window_32us_trigger_posedge_clk",
      "mean": 0.240562863,
      "stddev": 0.0014852692378659789,
      "median": 0.23996702600000003,
      "user": 0.1662844,
      "system": 0.06950680000000001,
      "min": 0.239494336,
      "max": 0.24311958,
      "times": [
        0.23996702600000003,
        0.240559619,
        0.239494336,
        0.23967375400000002,
        0.24311958
      ],
      "exit_codes": [
        0,
        0,
        0,
        0,
        0
      ]
    }
  ]
}
