{
  "results": [
    {
      "command": "change_chipyard_dualrocketconfig_dhrystone_signals_100_window_2us_trigger_signal",
      "mean": 0.24320457240000004,
      "stddev": 0.0008634863983232687,
      "median": 0.24279994800000002,
      "user": 0.14840799999999998,
      "system": 0.06550199999999999,
      "min": 0.24233979400000003,
      "max": 0.244362976,
      "times": [
        0.24233979400000003,
        0.244362976,
        0.243861243,
        0.24279994800000002,
        0.242658901
      ],
      "exit_codes": [
        0,
        0,
        0,
        0,
        0
      ]
    }
  ]
}
