{
  "results": [
    {
      "command": "change_chipyard_clusteredrocketconfig_dhrystone_signals_10_window_8us_trigger_posedge_clk",
      "mean": 0.24054507220000004,
      "stddev": 0.002131258298911284,
      "median": 0.239188422,
      "user": 0.1606614,
      "system": 0.07261879999999998,
      "min": 0.23898164400000002,
      "max": 0.24375790500000002,
      "times": [
        0.24172517400000001,
        0.24375790500000002,
        0.239072216,
        0.23898164400000002,
        0.239188422
      ],
      "exit_codes": [
        0,
        0,
        0,
        0,
        0
      ]
    }
  ]
}
