{
  "results": [
    {
      "command": "change_picorv32_signals_100_window_32us_trigger_posedge_clk",
      "mean": 0.441423449,
      "stddev": 0.0006069440190849673,
      "median": 0.44111078600000003,
      "user": 0.35626539999999995,
      "system": 0.0592574,
      "min": 0.440889921,
      "max": 0.44239361000000005,
      "times": [
        0.44239361000000005,
        0.44111078600000003,
        0.440889921,
        0.441628126,
        0.441094802
      ],
      "exit_codes": [
        0,
        0,
        0,
        0,
        0
      ]
    }
  ]
}
