{
  "results": [
    {
      "command": "change_picorv32_signals_10_window_32us_trigger_posedge_clk",
      "mean": 0.1392987168,
      "stddev": 0.0017014309823530044,
      "median": 0.13885778000000001,
      "user": 0.0935152,
      "system": 0.030190399999999996,
      "min": 0.137933824,
      "max": 0.14226249800000001,
      "times": [
        0.137933824,
        0.138535775,
        0.14226249800000001,
        0.13885778000000001,
        0.13890370700000002
      ],
      "exit_codes": [
        0,
        0,
        0,
        0,
        0
      ]
    }
  ]
}
