{
  "results": [
    {
      "command": "change_picorv32_signals_100_window_32us_trigger_any",
      "mean": 0.4410628826,
      "stddev": 0.001246363295267185,
      "median": 0.44043071100000003,
      "user": 0.3493874,
      "system": 0.06040759999999999,
      "min": 0.440057904,
      "max": 0.442977487,
      "times": [
        0.440057904,
        0.44043071100000003,
        0.442977487,
        0.44018258200000004,
        0.441665729
      ],
      "exit_codes": [
        0,
        0,
        0,
        0,
        0
      ]
    }
  ]
}
