{
  "results": [
    {
      "command": "change_scr1_signals_1_window_4ns_trigger_signal",
      "mean": 0.057346552249999995,
      "stddev": 0.0014473955926387321,
      "median": 0.057128559,
      "user": 0.03575725,
      "system": 0.019143666666666666,
      "min": 0.055846234,
      "max": 0.061185115000000005,
      "times": [
        0.056271083000000006,
        0.057417196000000004,
        0.05608334,
        0.05823011300000001,
        0.056839922,
        0.057782742000000005,
        0.056346724,
        0.05796782,
        0.056564544,
        0.061185115000000005,
        0.055846234,
        0.057623794000000006
      ],
      "exit_codes": [
        0,
        0,
        0,
        0,
        0,
        0,
        0,
        0,
        0,
        0,
        0,
        0
      ]
    }
  ]
}
