{
  "results": [
    {
      "command": "change_scr1_signals_10_window_4ns_trigger_any",
      "mean": 0.05821852277777779,
      "stddev": 0.0019005437250363235,
      "median": 0.05787318600000001,
      "user": 0.03771833333333333,
      "system": 0.016268333333333333,
      "min": 0.056048468000000004,
      "max": 0.061919338000000004,
      "times": [
        0.05787318600000001,
        0.056528480000000006,
        0.059901316,
        0.059256826000000005,
        0.056357639,
        0.058240576,
        0.061919338000000004,
        0.056048468000000004,
        0.057840876000000006
      ],
      "exit_codes": [
        0,
        0,
        0,
        0,
        0,
        0,
        0,
        0,
        0
      ]
    }
  ]
}
