{
  "results": [
    {
      "command": "change_scr1_signals_100_window_4ns_trigger_any",
      "mean": 0.19177364283333334,
      "stddev": 0.0026053390478872024,
      "median": 0.191642047,
      "user": 0.13672883333333333,
      "system": 0.027387666666666668,
      "min": 0.188345843,
      "max": 0.19569570400000003,
      "times": [
        0.189846705,
        0.193469511,
        0.19569570400000003,
        0.191339649,
        0.188345843,
        0.19194444500000002
      ],
      "exit_codes": [
        0,
        0,
        0,
        0,
        0,
        0
      ]
    }
  ]
}
