{
  "results": [
    {
      "command": "change_chipyard_clusteredrocketconfig_dhrystone_signals_100_window_32us_trigger_signal",
      "mean": 0.30238782259999997,
      "stddev": 0.022429083693381608,
      "median": 0.293513006,
      "user": 0.20520239999999998,
      "system": 0.08204039999999999,
      "min": 0.288941467,
      "max": 0.34233452200000003,
      "times": [
        0.293513006,
        0.34233452200000003,
        0.288941467,
        0.292675077,
        0.294475041
      ],
      "exit_codes": [
        0,
        0,
        0,
        0,
        0
      ]
    }
  ]
}
