{
  "results": [
    {
      "command": "change_chipyard_clusteredrocketconfig_dhrystone_signals_100_window_2us_trigger_posedge_clk",
      "mean": 0.2903201716,
      "stddev": 0.000908743646876994,
      "median": 0.28991568900000003,
      "user": 0.1959542,
      "system": 0.07733779999999998,
      "min": 0.2897352,
      "max": 0.29192872200000003,
      "times": [
        0.28991473900000003,
        0.2897352,
        0.28991568900000003,
        0.29010650800000004,
        0.29192872200000003
      ],
      "exit_codes": [
        0,
        0,
        0,
        0,
        0
      ]
    }
  ]
}
