{
  "results": [
    {
      "command": "change_chipyard_dualrocketconfig_dhrystone_signals_100_window_8us_trigger_posedge_clk",
      "mean": 0.1885382466,
      "stddev": 0.0012473882013312025,
      "median": 0.188679857,
      "user": 0.1267372,
      "system": 0.0555554,
      "min": 0.187049501,
      "max": 0.190061574,
      "times": [
        0.18754145800000002,
        0.188679857,
        0.189358843,
        0.187049501,
        0.190061574
      ],
      "exit_codes": [
        0,
        0,
        0,
        0,
        0
      ]
    }
  ]
}
