{
  "results": [
    {
      "command": "change_scr1_signals_1_window_4ns_trigger_posedge_clk",
      "mean": 0.05745005075,
      "stddev": 0.0015665404907664387,
      "median": 0.05693479,
      "user": 0.030355416666666666,
      "system": 0.016794416666666666,
      "min": 0.055231821,
      "max": 0.06058311500000001,
      "times": [
        0.058805746000000006,
        0.057757526000000003,
        0.055231821,
        0.06058311500000001,
        0.056936694,
        0.056005003000000005,
        0.056887191000000004,
        0.056932886,
        0.05646013800000001,
        0.057413820000000004,
        0.05982172400000001,
        0.056564945000000005
      ],
      "exit_codes": [
        0,
        0,
        0,
        0,
        0,
        0,
        0,
        0,
        0,
        0,
        0,
        0
      ]
    }
  ]
}
