{
  "results": [
    {
      "command": "change_chipyard_clusteredrocketconfig_dhrystone_signals_10_window_32us_trigger_posedge_clk",
      "mean": 0.23041436040000002,
      "stddev": 0.023301358013440732,
      "median": 0.239778349,
      "user": 0.13484400000000002,
      "system": 0.058400600000000004,
      "min": 0.188869434,
      "max": 0.24379902800000003,
      "times": [
        0.239778349,
        0.24379902800000003,
        0.188869434,
        0.24089617800000002,
        0.238728813
      ],
      "exit_codes": [
        0,
        0,
        0,
        0,
        0
      ]
    }
  ]
}
