{
  "results": [
    {
      "command": "change_picorv32_signals_10_window_8us_trigger_any",
      "mean": 0.1402086422,
      "stddev": 0.0022386128734333934,
      "median": 0.13959506400000002,
      "user": 0.08541459999999998,
      "system": 0.028689,
      "min": 0.138634529,
      "max": 0.14409269400000002,
      "times": [
        0.13959506400000002,
        0.138634529,
        0.13878315700000002,
        0.13993776700000002,
        0.14409269400000002
      ],
      "exit_codes": [
        0,
        0,
        0,
        0,
        0
      ]
    }
  ]
}
