{
  "results": [
    {
      "command": "change_picorv32_signals_1_window_32us_trigger_signal",
      "mean": 0.09020124560000001,
      "stddev": 0.000289214371691313,
      "median": 0.090160585,
      "user": 0.055438999999999995,
      "system": 0.0255192,
      "min": 0.089808393,
      "max": 0.090603257,
      "times": [
        0.090307782,
        0.090603257,
        0.09012621100000001,
        0.090160585,
        0.089808393
      ],
      "exit_codes": [
        0,
        0,
        0,
        0,
        0
      ]
    }
  ]
}
