{
  "results": [
    {
      "command": "change_scr1_signals_10_window_2ns_trigger_posedge_clk",
      "mean": 0.05850938433333334,
      "stddev": 0.0035934788332714937,
      "median": 0.05716543600000001,
      "user": 0.037982555555555554,
      "system": 0.018652777777777775,
      "min": 0.056079196000000005,
      "max": 0.067616744,
      "times": [
        0.056999706000000004,
        0.057634758,
        0.067616744,
        0.059383084,
        0.056079196000000005,
        0.056498885000000006,
        0.058859761000000003,
        0.05716543600000001,
        0.056346889000000004
      ],
      "exit_codes": [
        0,
        0,
        0,
        0,
        0,
        0,
        0,
        0,
        0
      ]
    }
  ]
}
