{
  "results": [
    {
      "command": "change_scr1_signals_1_window_2ns_trigger_signal",
      "mean": 0.05774328283333333,
      "stddev": 0.0013194570261555484,
      "median": 0.057598247000000005,
      "user": 0.03750058333333333,
      "system": 0.018023333333333332,
      "min": 0.056015574000000005,
      "max": 0.060209944,
      "times": [
        0.060209944,
        0.057813682000000005,
        0.059279176,
        0.056995745,
        0.05842589200000001,
        0.056015574000000005,
        0.058202472000000005,
        0.057382812000000005,
        0.056150046,
        0.057332327,
        0.058892689000000005,
        0.056219035
      ],
      "exit_codes": [
        0,
        0,
        0,
        0,
        0,
        0,
        0,
        0,
        0,
        0,
        0,
        0
      ]
    }
  ]
}
