{
  "results": [
    {
      "command": "change_picorv32_signals_100_window_2us_trigger_any",
      "mean": 0.441288369,
      "stddev": 0.0013960863838069033,
      "median": 0.441477226,
      "user": 0.35511859999999995,
      "system": 0.056957400000000005,
      "min": 0.439250381,
      "max": 0.44262405400000004,
      "times": [
        0.4406255,
        0.44246468400000005,
        0.44262405400000004,
        0.441477226,
        0.439250381
      ],
      "exit_codes": [
        0,
        0,
        0,
        0,
        0
      ]
    }
  ]
}
