{
  "results": [
    {
      "command": "change_chipyard_dualrocketconfig_dhrystone_signals_10_window_32us_trigger_posedge_clk",
      "mean": 0.2004706492,
      "stddev": 0.02527040598540448,
      "median": 0.18908766600000002,
      "user": 0.13025099999999998,
      "system": 0.05654939999999999,
      "min": 0.188298021,
      "max": 0.24564041500000003,
      "times": [
        0.18908766600000002,
        0.188298021,
        0.24564041500000003,
        0.190832955,
        0.188494189
      ],
      "exit_codes": [
        0,
        0,
        0,
        0,
        0
      ]
    }
  ]
}
