{
  "results": [
    {
      "command": "change_picorv32_signals_10_window_2us_trigger_any",
      "mean": 0.1412001994,
      "stddev": 0.0026277393430853826,
      "median": 0.140865498,
      "user": 0.0878186,
      "system": 0.029214599999999997,
      "min": 0.13799154800000002,
      "max": 0.144434726,
      "times": [
        0.140865498,
        0.13799154800000002,
        0.13952393800000001,
        0.144434726,
        0.14318528700000002
      ],
      "exit_codes": [
        0,
        0,
        0,
        0,
        0
      ]
    }
  ]
}
