{
  "results": [
    {
      "command": "change_picorv32_signals_10_window_2us_trigger_signal",
      "mean": 0.1409804874,
      "stddev": 0.0020026066029524645,
      "median": 0.141984778,
      "user": 0.0955766,
      "system": 0.032654999999999997,
      "min": 0.13837074700000002,
      "max": 0.142632096,
      "times": [
        0.142632096,
        0.141984778,
        0.139300074,
        0.13837074700000002,
        0.14261474200000002
      ],
      "exit_codes": [
        0,
        0,
        0,
        0,
        0
      ]
    }
  ]
}
