{
  "results": [
    {
      "command": "change_scr1_signals_1_window_8ns_trigger_signal",
      "mean": 0.06376133933333335,
      "stddev": 0.012510425275433272,
      "median": 0.058217448000000005,
      "user": 0.03835791666666667,
      "system": 0.017755,
      "min": 0.056380387000000004,
      "max": 0.090576985,
      "times": [
        0.059489288,
        0.090576985,
        0.06105822600000001,
        0.058103414000000006,
        0.09030796,
        0.057994330000000004,
        0.05874454900000001,
        0.058076093,
        0.057969944,
        0.058146475,
        0.056380387000000004,
        0.05828842100000001
      ],
      "exit_codes": [
        0,
        0,
        0,
        0,
        0,
        0,
        0,
        0,
        0,
        0,
        0,
        0
      ]
    }
  ]
}
