{
  "results": [
    {
      "command": "change_picorv32_signals_1_window_8us_trigger_posedge_clk",
      "mean": 0.14220259100000002,
      "stddev": 0.0023939174630005474,
      "median": 0.1412006,
      "user": 0.0702402,
      "system": 0.029478799999999993,
      "min": 0.13983478400000002,
      "max": 0.14551153,
      "times": [
        0.13983478400000002,
        0.14059565400000001,
        0.14387038700000002,
        0.14551153,
        0.1412006
      ],
      "exit_codes": [
        0,
        0,
        0,
        0,
        0
      ]
    }
  ]
}
