{
  "results": [
    {
      "command": "change_scr1_signals_10_window_4ns_trigger_posedge_clk",
      "mean": 0.05721411000000001,
      "stddev": 0.001259653953749403,
      "median": 0.056872186000000005,
      "user": 0.03741177777777779,
      "system": 0.017316222222222222,
      "min": 0.055620564000000004,
      "max": 0.05995214200000001,
      "times": [
        0.056964179000000004,
        0.056586619000000005,
        0.05995214200000001,
        0.056520795000000006,
        0.05814388400000001,
        0.057735918000000004,
        0.055620564000000004,
        0.056530703,
        0.056872186000000005
      ],
      "exit_codes": [
        0,
        0,
        0,
        0,
        0,
        0,
        0,
        0,
        0
      ]
    }
  ]
}
