{
  "results": [
    {
      "command": "change_chipyard_dualrocketconfig_dhrystone_signals_10_window_2us_trigger_posedge_clk",
      "mean": 0.2417651088,
      "stddev": 0.0022084413167283187,
      "median": 0.24144293400000003,
      "user": 0.14795859999999997,
      "system": 0.0706922,
      "min": 0.239639455,
      "max": 0.245475136,
      "times": [
        0.24153760400000002,
        0.245475136,
        0.239639455,
        0.240730415,
        0.24144293400000003
      ],
      "exit_codes": [
        0,
        0,
        0,
        0,
        0
      ]
    }
  ]
}
