{
  "results": [
    {
      "command": "change_scr1_signals_10_window_4ns_trigger_signal",
      "mean": 0.061908002000000004,
      "stddev": 0.010688265856614487,
      "median": 0.059010873000000005,
      "user": 0.038239111111111106,
      "system": 0.018829333333333333,
      "min": 0.055942068000000005,
      "max": 0.09008123900000001,
      "times": [
        0.056840846,
        0.060835161000000006,
        0.09008123900000001,
        0.060133242,
        0.059010873000000005,
        0.057680474,
        0.059476678000000005,
        0.057171437000000006,
        0.055942068000000005
      ],
      "exit_codes": [
        0,
        0,
        0,
        0,
        0,
        0,
        0,
        0,
        0
      ]
    }
  ]
}
