{
  "results": [
    {
      "command": "change_chipyard_dualrocketconfig_dhrystone_signals_1_window_2us_trigger_signal",
      "mean": 0.160309023,
      "stddev": 0.027695340744735623,
      "median": 0.14240471300000002,
      "user": 0.08008499999999999,
      "system": 0.057162000000000004,
      "min": 0.13887058100000002,
      "max": 0.192379202,
      "times": [
        0.13887058100000002,
        0.188774878,
        0.192379202,
        0.13911574100000001,
        0.14240471300000002
      ],
      "exit_codes": [
        0,
        0,
        0,
        0,
        0
      ]
    }
  ]
}
