{
  "results": [
    {
      "command": "change_scr1_signals_10_window_8ns_trigger_posedge_clk",
      "mean": 0.05757828644444445,
      "stddev": 0.0009274730647035154,
      "median": 0.057016416,
      "user": 0.03811822222222223,
      "system": 0.01766611111111111,
      "min": 0.056604331,
      "max": 0.05885167400000001,
      "times": [
        0.057016416,
        0.057000315,
        0.056604331,
        0.05885167400000001,
        0.058688157000000005,
        0.056672959,
        0.058559925000000006,
        0.057947144000000006,
        0.056863657000000005
      ],
      "exit_codes": [
        0,
        0,
        0,
        0,
        0,
        0,
        0,
        0,
        0
      ]
    }
  ]
}
