{
  "results": [
    {
      "command": "change_chipyard_dualrocketconfig_dhrystone_signals_1_window_8us_trigger_posedge_clk",
      "mean": 0.2404781346,
      "stddev": 0.0018002830273745338,
      "median": 0.240209312,
      "user": 0.15612879999999998,
      "system": 0.06942499999999999,
      "min": 0.23806027200000002,
      "max": 0.24302798800000003,
      "times": [
        0.24106357900000003,
        0.240209312,
        0.24002952200000002,
        0.24302798800000003,
        0.23806027200000002
      ],
      "exit_codes": [
        0,
        0,
        0,
        0,
        0
      ]
    }
  ]
}
