{
  "results": [
    {
      "command": "change_picorv32_signals_1_window_8us_trigger_any",
      "mean": 0.09038747760000002,
      "stddev": 0.0013090210472212818,
      "median": 0.090162509,
      "user": 0.042474399999999995,
      "system": 0.021845399999999997,
      "min": 0.088776324,
      "max": 0.09214811,
      "times": [
        0.09116854,
        0.09214811,
        0.088776324,
        0.089681905,
        0.090162509
      ],
      "exit_codes": [
        0,
        0,
        0,
        0,
        0
      ]
    }
  ]
}
