{
  "results": [
    {
      "command": "change_picorv32_signals_100_window_32us_trigger_signal",
      "mean": 0.441964164,
      "stddev": 0.0025710043222758445,
      "median": 0.44120772100000005,
      "user": 0.3637436,
      "system": 0.05850679999999999,
      "min": 0.439349031,
      "max": 0.444960255,
      "times": [
        0.439917844,
        0.44438596900000005,
        0.439349031,
        0.444960255,
        0.44120772100000005
      ],
      "exit_codes": [
        0,
        0,
        0,
        0,
        0
      ]
    }
  ]
}
