{
  "results": [
    {
      "command": "change_scr1_coremark_imem_axi_2sig_to_1000ps",
      "mean": 0.09039251933333334,
      "stddev": 0.001279398881064463,
      "median": 0.090384503,
      "user": 0.036807,
      "system": 0.02568177777777778,
      "min": 0.08815207900000001,
      "max": 0.09227426400000001,
      "times": [
        0.08815207900000001,
        0.091525938,
        0.09227426400000001,
        0.08947846100000001,
        0.08948429200000001,
        0.089900874,
        0.09089171600000001,
        0.09144054700000001,
        0.090384503
      ],
      "exit_codes": [
        0,
        0,
        0,
        0,
        0,
        0,
        0,
        0,
        0
      ]
    }
  ]
}
