{
  "results": [
    {
      "command": "change_scr1_signals_10_window_2ns_trigger_signal",
      "mean": 0.05723586677777778,
      "stddev": 0.001069771498315852,
      "median": 0.057000767,
      "user": 0.037241666666666666,
      "system": 0.01803688888888889,
      "min": 0.055738326000000005,
      "max": 0.059375328000000005,
      "times": [
        0.057000767,
        0.056458308000000006,
        0.055738326000000005,
        0.059375328000000005,
        0.056867688000000007,
        0.056509734000000006,
        0.057802404,
        0.058064626,
        0.05730562
      ],
      "exit_codes": [
        0,
        0,
        0,
        0,
        0,
        0,
        0,
        0,
        0
      ]
    }
  ]
}
