{
  "results": [
    {
      "command": "change_chipyard_dualrocketconfig_dhrystone_signals_100_window_8us_trigger_any",
      "mean": 0.19924937580000002,
      "stddev": 0.022153172775527197,
      "median": 0.18965657600000002,
      "user": 0.1284498,
      "system": 0.0579886,
      "min": 0.187260912,
      "max": 0.23875696200000002,
      "times": [
        0.18858602400000002,
        0.191986405,
        0.18965657600000002,
        0.23875696200000002,
        0.187260912
      ],
      "exit_codes": [
        0,
        0,
        0,
        0,
        0
      ]
    }
  ]
}
