{
  "results": [
    {
      "command": "change_chipyard_clusteredrocketconfig_dhrystone_signals_1_window_8us_trigger_signal",
      "mean": 0.192190125,
      "stddev": 0.0026277058680764724,
      "median": 0.192484825,
      "user": 0.08958759999999999,
      "system": 0.06594459999999999,
      "min": 0.188078993,
      "max": 0.195332619,
      "times": [
        0.188078993,
        0.192012928,
        0.195332619,
        0.192484825,
        0.19304126000000002
      ],
      "exit_codes": [
        0,
        0,
        0,
        0,
        0
      ]
    }
  ]
}
