{
  "results": [
    {
      "command": "change_picorv32_signals_100_window_2us_trigger_posedge_clk",
      "mean": 0.4417125148,
      "stddev": 0.001470053170258225,
      "median": 0.441335215,
      "user": 0.3613026,
      "system": 0.0562948,
      "min": 0.440042229,
      "max": 0.44356262700000004,
      "times": [
        0.44356262700000004,
        0.440042229,
        0.440745981,
        0.441335215,
        0.44287652200000005
      ],
      "exit_codes": [
        0,
        0,
        0,
        0,
        0
      ]
    }
  ]
}
