{
  "results": [
    {
      "command": "change_scr1_signals_10_window_8ns_trigger_any",
      "mean": 0.05751533166666667,
      "stddev": 0.0013222334367945397,
      "median": 0.057063273000000005,
      "user": 0.03629422222222222,
      "system": 0.017051777777777773,
      "min": 0.05581292400000001,
      "max": 0.059575483000000005,
      "times": [
        0.057063273000000005,
        0.056384789000000005,
        0.05896175100000001,
        0.05889235,
        0.056524832000000004,
        0.05581292400000001,
        0.059575483000000005,
        0.05753318600000001,
        0.056889397
      ],
      "exit_codes": [
        0,
        0,
        0,
        0,
        0,
        0,
        0,
        0,
        0
      ]
    }
  ]
}
