{
  "results": [
    {
      "command": "change_picorv32_signals_10_window_8us_trigger_posedge_clk",
      "mean": 0.1401712048,
      "stddev": 0.002086586132498057,
      "median": 0.14044973800000002,
      "user": 0.0924722,
      "system": 0.0330278,
      "min": 0.13764136100000002,
      "max": 0.14301406700000002,
      "times": [
        0.14044973800000002,
        0.14301406700000002,
        0.13764136100000002,
        0.13871766300000002,
        0.141033195
      ],
      "exit_codes": [
        0,
        0,
        0,
        0,
        0
      ]
    }
  ]
}
