{
  "results": [
    {
      "command": "change_scr1_signals_100_window_2ns_trigger_signal",
      "mean": 0.190119424,
      "stddev": 0.0029650705428012993,
      "median": 0.18901535400000002,
      "user": 0.14272916666666666,
      "system": 0.025470666666666666,
      "min": 0.18816632,
      "max": 0.195954403,
      "times": [
        0.18816632,
        0.188986009,
        0.188220421,
        0.189044699,
        0.195954403,
        0.190344692
      ],
      "exit_codes": [
        0,
        0,
        0,
        0,
        0,
        0
      ]
    }
  ]
}
