{
  "results": [
    {
      "command": "change_scr1_signals_100_window_4ns_trigger_signal",
      "mean": 0.18974780800000002,
      "stddev": 0.001345156900411248,
      "median": 0.189503494,
      "user": 0.14140866666666665,
      "system": 0.02722883333333333,
      "min": 0.18836754900000002,
      "max": 0.191492081,
      "times": [
        0.191492081,
        0.188755008,
        0.188615957,
        0.19025198000000001,
        0.191004273,
        0.18836754900000002
      ],
      "exit_codes": [
        0,
        0,
        0,
        0,
        0,
        0
      ]
    }
  ]
}
