{
  "results": [
    {
      "command": "change_picorv32_signals_10_window_2us_trigger_posedge_clk",
      "mean": 0.1510933624,
      "stddev": 0.02151836282267054,
      "median": 0.141916192,
      "user": 0.09976259999999999,
      "system": 0.030366399999999998,
      "min": 0.139719583,
      "max": 0.18953238900000002,
      "times": [
        0.141916192,
        0.14143307400000002,
        0.18953238900000002,
        0.142865574,
        0.139719583
      ],
      "exit_codes": [
        0,
        0,
        0,
        0,
        0
      ]
    }
  ]
}
