{
  "results": [
    {
      "command": "change_picorv32_signals_10_window_32us_trigger_signal",
      "mean": 0.14054995680000001,
      "stddev": 0.0017331237186577898,
      "median": 0.139914856,
      "user": 0.093581,
      "system": 0.0337592,
      "min": 0.139236731,
      "max": 0.143395927,
      "times": [
        0.139914856,
        0.140933159,
        0.139236731,
        0.143395927,
        0.139269111
      ],
      "exit_codes": [
        0,
        0,
        0,
        0,
        0
      ]
    }
  ]
}
