{
  "results": [
    {
      "command": "change_scr1_signals_100_window_8ns_trigger_any",
      "mean": 0.1906991965,
      "stddev": 0.0013822939912180353,
      "median": 0.190341732,
      "user": 0.1358355,
      "system": 0.026224166666666663,
      "min": 0.18941316100000002,
      "max": 0.192751854,
      "times": [
        0.18991761000000001,
        0.190765854,
        0.189434452,
        0.191912248,
        0.192751854,
        0.18941316100000002
      ],
      "exit_codes": [
        0,
        0,
        0,
        0,
        0,
        0
      ]
    }
  ]
}
