{
  "results": [
    {
      "command": "change_scr1_signals_1_window_2ns_trigger_posedge_clk",
      "mean": 0.05839547041666668,
      "stddev": 0.0010420811442624592,
      "median": 0.058152128500000004,
      "user": 0.0300035,
      "system": 0.017223166666666664,
      "min": 0.057264230000000006,
      "max": 0.060556926000000004,
      "times": [
        0.05793488,
        0.060556926000000004,
        0.05836937700000001,
        0.057916134,
        0.057309996,
        0.059640355000000006,
        0.057432877,
        0.058474514000000005,
        0.057546410000000006,
        0.059274076,
        0.05902587,
        0.057264230000000006
      ],
      "exit_codes": [
        0,
        0,
        0,
        0,
        0,
        0,
        0,
        0,
        0,
        0,
        0,
        0
      ]
    }
  ]
}
