{
  "results": [
    {
      "command": "change_chipyard_dualrocketconfig_dhrystone_signals_1_window_8us_trigger_any",
      "mean": 0.1407241536,
      "stddev": 0.000376386275066314,
      "median": 0.140883816,
      "user": 0.0567848,
      "system": 0.046900599999999994,
      "min": 0.14011436900000002,
      "max": 0.141074274,
      "times": [
        0.140918641,
        0.14011436900000002,
        0.140883816,
        0.141074274,
        0.140629668
      ],
      "exit_codes": [
        0,
        0,
        0,
        0,
        0
      ]
    }
  ]
}
