{
  "results": [
    {
      "command": "change_chipyard_clusteredrocketconfig_dhrystone_signals_100_window_32us_trigger_any",
      "mean": 0.2908754034,
      "stddev": 0.0014849735732498023,
      "median": 0.29130219,
      "user": 0.1767754,
      "system": 0.0713076,
      "min": 0.28916583500000004,
      "max": 0.29227367000000004,
      "times": [
        0.29227367000000004,
        0.28916583500000004,
        0.28944762500000004,
        0.292187697,
        0.29130219
      ],
      "exit_codes": [
        0,
        0,
        0,
        0,
        0
      ]
    }
  ]
}
