{
  "results": [
    {
      "command": "change_chipyard_dualrocketconfig_dhrystone_signals_100_window_32us_trigger_signal",
      "mean": 0.24250641760000002,
      "stddev": 0.0010276119252452718,
      "median": 0.24223857000000001,
      "user": 0.1541908,
      "system": 0.07142699999999999,
      "min": 0.24148250000000002,
      "max": 0.243722819,
      "times": [
        0.24223857000000001,
        0.24164373200000003,
        0.24344446700000003,
        0.24148250000000002,
        0.243722819
      ],
      "exit_codes": [
        0,
        0,
        0,
        0,
        0
      ]
    }
  ]
}
