{
  "results": [
    {
      "command": "change_chipyard_clusteredrocketconfig_dhrystone_signals_10_window_32us_trigger_any",
      "mean": 0.2294055126,
      "stddev": 0.023507302240437174,
      "median": 0.239567788,
      "user": 0.132412,
      "system": 0.061716599999999996,
      "min": 0.18738188,
      "max": 0.241232997,
      "times": [
        0.23889896100000002,
        0.239567788,
        0.241232997,
        0.23994593700000003,
        0.18738188
      ],
      "exit_codes": [
        0,
        0,
        0,
        0,
        0
      ]
    }
  ]
}
