{
  "results": [
    {
      "command": "change_chipyard_dualrocketconfig_dhrystone_signals_1_window_32us_trigger_posedge_clk",
      "mean": 0.39043292620000003,
      "stddev": 0.002004176241617047,
      "median": 0.389779076,
      "user": 0.290252,
      "system": 0.08258759999999998,
      "min": 0.38867408800000003,
      "max": 0.39388458400000004,
      "times": [
        0.390128136,
        0.39388458400000004,
        0.389698747,
        0.389779076,
        0.38867408800000003
      ],
      "exit_codes": [
        0,
        0,
        0,
        0,
        0
      ]
    }
  ]
}
