{
  "results": [
    {
      "command": "change_chipyard_dualrocketconfig_dhrystone_signals_100_window_2us_trigger_any",
      "mean": 0.18994378320000002,
      "stddev": 0.0014412258316869385,
      "median": 0.189506914,
      "user": 0.12938,
      "system": 0.0571348,
      "min": 0.18827114,
      "max": 0.191530198,
      "times": [
        0.191530198,
        0.189506914,
        0.19135997700000001,
        0.18827114,
        0.18905068700000002
      ],
      "exit_codes": [
        0,
        0,
        0,
        0,
        0
      ]
    }
  ]
}
