{
  "results": [
    {
      "command": "change_picorv32_signals_100_window_8us_trigger_signal",
      "mean": 0.44293169080000006,
      "stddev": 0.0018275691813238347,
      "median": 0.44248132700000004,
      "user": 0.35086539999999994,
      "system": 0.06240819999999999,
      "min": 0.441261479,
      "max": 0.446009288,
      "times": [
        0.441261479,
        0.44198517800000003,
        0.446009288,
        0.44248132700000004,
        0.442921182
      ],
      "exit_codes": [
        0,
        0,
        0,
        0,
        0
      ]
    }
  ]
}
