{
  "results": [
    {
      "command": "change_chipyard_dualrocketconfig_dhrystone_signals_10_window_8us_trigger_signal",
      "mean": 0.241164891,
      "stddev": 0.0015714247116037712,
      "median": 0.24157109000000002,
      "user": 0.1489998,
      "system": 0.0709476,
      "min": 0.23893672600000002,
      "max": 0.24303583,
      "times": [
        0.24192976300000002,
        0.24157109000000002,
        0.240351046,
        0.24303583,
        0.23893672600000002
      ],
      "exit_codes": [
        0,
        0,
        0,
        0,
        0
      ]
    }
  ]
}
