{
  "results": [
    {
      "command": "change_picorv32_signals_10_window_8us_trigger_signal",
      "mean": 0.1399584472,
      "stddev": 0.0009070834710591385,
      "median": 0.140547911,
      "user": 0.0932542,
      "system": 0.0336148,
      "min": 0.13864207,
      "max": 0.140630015,
      "times": [
        0.13864207,
        0.140547911,
        0.140601892,
        0.140630015,
        0.139370348
      ],
      "exit_codes": [
        0,
        0,
        0,
        0,
        0
      ]
    }
  ]
}
