{
  "results": [
    {
      "command": "change_chipyard_dualrocketconfig_dhrystone_signals_1_window_32us_trigger_any",
      "mean": 0.1505836218,
      "stddev": 0.02244185503973006,
      "median": 0.141426132,
      "user": 0.0778468,
      "system": 0.0615722,
      "min": 0.138889926,
      "max": 0.190685595,
      "times": [
        0.140468012,
        0.138889926,
        0.141426132,
        0.190685595,
        0.141448444
      ],
      "exit_codes": [
        0,
        0,
        0,
        0,
        0
      ]
    }
  ]
}
