{
  "results": [
    {
      "command": "change_scr1_signals_1_window_2ns_trigger_any",
      "mean": 0.05803332966666667,
      "stddev": 0.0022241200541859383,
      "median": 0.0571002675,
      "user": 0.03056416666666666,
      "system": 0.016944999999999998,
      "min": 0.055171529000000004,
      "max": 0.062555862,
      "times": [
        0.062555862,
        0.061652105000000006,
        0.056573352,
        0.056144256000000003,
        0.059068491,
        0.05683272,
        0.059076445000000005,
        0.056841436,
        0.058288605,
        0.057359099000000004,
        0.056836056,
        0.055171529000000004
      ],
      "exit_codes": [
        0,
        0,
        0,
        0,
        0,
        0,
        0,
        0,
        0,
        0,
        0,
        0
      ]
    }
  ]
}
