{
  "results": [
    {
      "command": "change_chipyard_dualrocketconfig_dhrystone_signals_10_window_8us_trigger_any",
      "mean": 0.19954852300000003,
      "stddev": 0.022613566619110743,
      "median": 0.18958127600000002,
      "user": 0.1256996,
      "system": 0.057304,
      "min": 0.188207845,
      "max": 0.239975498,
      "times": [
        0.18952680400000002,
        0.239975498,
        0.188207845,
        0.19045119200000002,
        0.18958127600000002
      ],
      "exit_codes": [
        0,
        0,
        0,
        0,
        0
      ]
    }
  ]
}
