{
  "results": [
    {
      "command": "change_scr1_signals_1_window_4ns_trigger_any",
      "mean": 0.05765995275,
      "stddev": 0.002005185629683974,
      "median": 0.05744387150000001,
      "user": 0.02990733333333333,
      "system": 0.0168555,
      "min": 0.05537484,
      "max": 0.061480561,
      "times": [
        0.056034158,
        0.057380808000000005,
        0.058681062000000006,
        0.061127758000000004,
        0.056006867,
        0.057506935,
        0.058502286,
        0.057705538,
        0.056178439000000004,
        0.05537484,
        0.061480561,
        0.055940181000000005
      ],
      "exit_codes": [
        0,
        0,
        0,
        0,
        0,
        0,
        0,
        0,
        0,
        0,
        0,
        0
      ]
    }
  ]
}
