{
  "results": [
    {
      "command": "change_picorv32_signals_100_window_8us_trigger_any",
      "mean": 0.44054242720000003,
      "stddev": 0.0005971132811675525,
      "median": 0.440739052,
      "user": 0.36080159999999994,
      "system": 0.056110799999999995,
      "min": 0.43983359600000005,
      "max": 0.441223254,
      "times": [
        0.441223254,
        0.440739052,
        0.44090941100000003,
        0.44000682300000005,
        0.43983359600000005
      ],
      "exit_codes": [
        0,
        0,
        0,
        0,
        0
      ]
    }
  ]
}
