{
  "results": [
    {
      "command": "change_scr1_signals_100_window_8ns_trigger_signal",
      "mean": 0.190725057,
      "stddev": 0.0017697330634714396,
      "median": 0.19080275800000002,
      "user": 0.14392016666666663,
      "system": 0.023691,
      "min": 0.18812282300000002,
      "max": 0.19311639400000002,
      "times": [
        0.19015978,
        0.18812282300000002,
        0.19183197200000002,
        0.189673637,
        0.191445736,
        0.19311639400000002
      ],
      "exit_codes": [
        0,
        0,
        0,
        0,
        0,
        0
      ]
    }
  ]
}
