{
  "results": [
    {
      "command": "change_scr1_signals_100_window_8ns_trigger_posedge_clk",
      "mean": 0.1914452275,
      "stddev": 0.001701390556102713,
      "median": 0.19181614950000003,
      "user": 0.144865,
      "system": 0.025099666666666662,
      "min": 0.18927037200000002,
      "max": 0.19337815900000002,
      "times": [
        0.19337815900000002,
        0.19125239600000002,
        0.18927037200000002,
        0.19277192,
        0.18961861500000002,
        0.19237990300000002
      ],
      "exit_codes": [
        0,
        0,
        0,
        0,
        0,
        0
      ]
    }
  ]
}
