{
  "results": [
    {
      "command": "change_picorv32_signals_1_window_2us_trigger_any",
      "mean": 0.0901761778,
      "stddev": 0.0010009137742119471,
      "median": 0.09018698800000001,
      "user": 0.044058599999999996,
      "system": 0.0214938,
      "min": 0.088929886,
      "max": 0.091373878,
      "times": [
        0.091373878,
        0.088929886,
        0.09090877500000001,
        0.09018698800000001,
        0.08948136200000001
      ],
      "exit_codes": [
        0,
        0,
        0,
        0,
        0
      ]
    }
  ]
}
