{
  "results": [
    {
      "command": "change_chipyard_dualrocketconfig_dhrystone_signals_100_window_8us_trigger_signal",
      "mean": 0.23954436840000004,
      "stddev": 0.0007727980984884057,
      "median": 0.239535236,
      "user": 0.14397100000000002,
      "system": 0.073051,
      "min": 0.23830467400000002,
      "max": 0.24028902500000002,
      "times": [
        0.240088288,
        0.24028902500000002,
        0.23830467400000002,
        0.239535236,
        0.239504619
      ],
      "exit_codes": [
        0,
        0,
        0,
        0,
        0
      ]
    }
  ]
}
