{
  "results": [
    {
      "command": "change_chipyard_dualrocketconfig_dhrystone_signals_100_window_32us_trigger_any",
      "mean": 0.19037844260000003,
      "stddev": 0.0014340241548297906,
      "median": 0.19076246500000002,
      "user": 0.12873159999999997,
      "system": 0.0542498,
      "min": 0.18867898800000002,
      "max": 0.19227708100000002,
      "times": [
        0.18867898800000002,
        0.19227708100000002,
        0.190928026,
        0.189245653,
        0.19076246500000002
      ],
      "exit_codes": [
        0,
        0,
        0,
        0,
        0
      ]
    }
  ]
}
