{
  "results": [
    {
      "command": "change_chipyard_dualrocketconfig_dhrystone_signals_10_window_2us_trigger_any",
      "mean": 0.19033306060000002,
      "stddev": 0.0014134463803842363,
      "median": 0.19011506900000003,
      "user": 0.1255932,
      "system": 0.058639399999999994,
      "min": 0.188485695,
      "max": 0.192098226,
      "times": [
        0.191310857,
        0.189655456,
        0.19011506900000003,
        0.188485695,
        0.192098226
      ],
      "exit_codes": [
        0,
        0,
        0,
        0,
        0
      ]
    }
  ]
}
