{
  "results": [
    {
      "command": "change_scr1_signals_10_window_2ns_trigger_any",
      "mean": 0.05790898222222223,
      "stddev": 0.0019682406943552903,
      "median": 0.057509193,
      "user": 0.03837566666666667,
      "system": 0.015361444444444443,
      "min": 0.056070881,
      "max": 0.062243348000000004,
      "times": [
        0.056952538000000004,
        0.056313467000000006,
        0.058836567000000006,
        0.059253691000000004,
        0.056334586000000006,
        0.057509193,
        0.057666569,
        0.056070881,
        0.062243348000000004
      ],
      "exit_codes": [
        0,
        0,
        0,
        0,
        0,
        0,
        0,
        0,
        0
      ]
    }
  ]
}
