{
  "results": [
    {
      "command": "change_chipyard_dualrocketconfig_dhrystone_signals_1_window_2us_trigger_posedge_clk",
      "mean": 0.2393875466,
      "stddev": 0.001042420422671339,
      "median": 0.239342505,
      "user": 0.14572859999999999,
      "system": 0.07029919999999999,
      "min": 0.23785386700000002,
      "max": 0.24063804800000002,
      "times": [
        0.23785386700000002,
        0.239342505,
        0.23998452,
        0.24063804800000002,
        0.23911879300000002
      ],
      "exit_codes": [
        0,
        0,
        0,
        0,
        0
      ]
    }
  ]
}
