{
  "results": [
    {
      "command": "change_scr1_coremark_imem_axi_1sig_to_1000ps",
      "mean": 0.08991129055555555,
      "stddev": 0.0012204505498264891,
      "median": 0.090007426,
      "user": 0.037225888888888885,
      "system": 0.02343722222222222,
      "min": 0.088010403,
      "max": 0.09139699700000001,
      "times": [
        0.088010403,
        0.091116129,
        0.09139699700000001,
        0.090007426,
        0.089063312,
        0.08844083200000001,
        0.09013035600000001,
        0.09121404300000001,
        0.089822117
      ],
      "exit_codes": [
        0,
        0,
        0,
        0,
        0,
        0,
        0,
        0,
        0
      ]
    }
  ]
}
