{
  "results": [
    {
      "command": "change_chipyard_clusteredrocketconfig_dhrystone_signals_1_window_32us_trigger_posedge_clk",
      "mean": 0.39040703280000005,
      "stddev": 0.0020892192266458534,
      "median": 0.39017883000000003,
      "user": 0.2775482,
      "system": 0.093567,
      "min": 0.388292925,
      "max": 0.39379172,
      "times": [
        0.39057084000000003,
        0.388292925,
        0.39017883000000003,
        0.389200849,
        0.39379172
      ],
      "exit_codes": [
        0,
        0,
        0,
        0,
        0
      ]
    }
  ]
}
