{
  "results": [
    {
      "command": "info_chipyard_dualrocket_dhrystone",
      "mean": 0.08961630640000001,
      "stddev": 0.00154638518715114,
      "median": 0.08922139850000001,
      "user": 0.03873455,
      "system": 0.032646,
      "min": 0.087705666,
      "max": 0.093415283,
      "times": [
        0.08858843400000001,
        0.088802186,
        0.088420289,
        0.08925637900000001,
        0.089186418,
        0.09203710400000001,
        0.088487165,
        0.093415283,
        0.08856828600000001,
        0.088146444,
        0.087705666,
        0.08845423200000001,
        0.089276777,
        0.089645079,
        0.090737221,
        0.09218522100000001,
        0.09003728600000001,
        0.09130919600000001,
        0.08855955,
        0.08950791200000001
      ],
      "exit_codes": [
        0,
        0,
        0,
        0,
        0,
        0,
        0,
        0,
        0,
        0,
        0,
        0,
        0,
        0,
        0,
        0,
        0,
        0,
        0,
        0
      ]
    }
  ]
}
