{
  "results": [
    {
      "command": "info_scr1",
      "mean": 0.0482527426,
      "stddev": 0.00924508966711601,
      "median": 0.041892093500000005,
      "user": 0.023088749999999998,
      "system": 0.018101900000000008,
      "min": 0.038511973000000005,
      "max": 0.061106682,
      "times": [
        0.041726964000000005,
        0.039481525,
        0.061106682,
        0.058642543000000005,
        0.057843983,
        0.056734497,
        0.040107951,
        0.057109352,
        0.040983476000000005,
        0.059191213000000006,
        0.057002962000000004,
        0.038511973000000005,
        0.038606009000000004,
        0.041763632,
        0.038900322,
        0.04060744,
        0.042020555,
        0.057763341,
        0.057644257000000004,
        0.039306175000000006
      ],
      "exit_codes": [
        0,
        0,
        0,
        0,
        0,
        0,
        0,
        0,
        0,
        0,
        0,
        0,
        0,
        0,
        0,
        0,
        0,
        0,
        0,
        0
      ]
    }
  ]
}
