{
  "results": [
    {
      "command": "info_chipyard_clustered_dhrystone",
      "mean": 0.08967194735,
      "stddev": 0.0012672175719933261,
      "median": 0.089277402,
      "user": 0.04606715,
      "system": 0.0384577,
      "min": 0.08805386400000001,
      "max": 0.09239298600000001,
      "times": [
        0.088747909,
        0.089054063,
        0.088133974,
        0.090577506,
        0.09071873100000001,
        0.09095235,
        0.092223127,
        0.08914021400000001,
        0.08941459,
        0.08805386400000001,
        0.08904182000000001,
        0.088930431,
        0.08842693500000001,
        0.09239298600000001,
        0.089019788,
        0.089756943,
        0.090128101,
        0.08977354500000001,
        0.08820121,
        0.09075086
      ],
      "exit_codes": [
        0,
        0,
        0,
        0,
        0,
        0,
        0,
        0,
        0,
        0,
        0,
        0,
        0,
        0,
        0,
        0,
        0,
        0,
        0,
        0
      ]
    }
  ]
}
