{
  "results": [
    {
      "command": "info_picorv32_ez",
      "mean": 0.029264701600000005,
      "stddev": 0.0019372525548114836,
      "median": 0.0290102925,
      "user": 0.0189966,
      "system": 0.0087035,
      "min": 0.025776206000000003,
      "max": 0.032202019000000005,
      "times": [
        0.028849901,
        0.029170684000000002,
        0.028143815000000003,
        0.031854976,
        0.026500657,
        0.027913562000000003,
        0.029546790000000003,
        0.027236179000000003,
        0.031602011,
        0.030056988000000003,
        0.028609790000000003,
        0.031315583,
        0.028094852,
        0.025776206000000003,
        0.032202019000000005,
        0.027011978000000002,
        0.028438618000000002,
        0.031897256,
        0.031122220000000003,
        0.029949947
      ],
      "exit_codes": [
        0,
        0,
        0,
        0,
        0,
        0,
        0,
        0,
        0,
        0,
        0,
        0,
        0,
        0,
        0,
        0,
        0,
        0,
        0,
        0
      ]
    }
  ]
}
