{
  "results": [
    {
      "command": "info_chipyard_clustered_mt_memcpy",
      "mean": 0.18972162580000004,
      "stddev": 0.0013918217333267183,
      "median": 0.189323978,
      "user": 0.08160709999999997,
      "system": 0.09190989999999999,
      "min": 0.18734597900000002,
      "max": 0.19323490100000001,
      "times": [
        0.191001057,
        0.19040609900000002,
        0.188807114,
        0.189252941,
        0.18734597900000002,
        0.19052415,
        0.1908224,
        0.187567645,
        0.191194989,
        0.19323490100000001,
        0.189093651,
        0.18933278,
        0.189315176,
        0.18956666900000002,
        0.18888832500000002,
        0.19156842000000002,
        0.189778506,
        0.188669211,
        0.18924090500000001,
        0.188821598
      ],
      "exit_codes": [
        0,
        0,
        0,
        0,
        0,
        0,
        0,
        0,
        0,
        0,
        0,
        0,
        0,
        0,
        0,
        0,
        0,
        0,
        0,
        0
      ]
    }
  ]
}
