{
  "results": [
    {
      "command": "info_picorv32",
      "mean": 0.046456398149999995,
      "stddev": 0.00792943279211016,
      "median": 0.042512399000000006,
      "user": 0.024321550000000004,
      "system": 0.0168207,
      "min": 0.039323708000000006,
      "max": 0.060527384000000004,
      "times": [
        0.039800865000000005,
        0.040107050000000005,
        0.042437368,
        0.041771117,
        0.057458418000000004,
        0.060527384000000004,
        0.039481715,
        0.044076878,
        0.04180507,
        0.056948410000000005,
        0.04275285,
        0.04258743,
        0.041259125,
        0.039323708000000006,
        0.058249655000000004,
        0.043058154,
        0.041764434,
        0.057342892000000006,
        0.040406683000000006,
        0.057968757
      ],
      "exit_codes": [
        0,
        0,
        0,
        0,
        0,
        0,
        0,
        0,
        0,
        0,
        0,
        0,
        0,
        0,
        0,
        0,
        0,
        0,
        0,
        0
      ]
    }
  ]
}
