{
  "results": [
    {
      "command": "info_scr1_riscv_compliance",
      "mean": 0.035040446850000004,
      "stddev": 0.004654407070448013,
      "median": 0.033311477500000006,
      "user": 0.021303850000000003,
      "system": 0.0116686,
      "min": 0.031351741,
      "max": 0.050544017000000004,
      "times": [
        0.035433039,
        0.032416992,
        0.032590207,
        0.032489579000000005,
        0.041115655,
        0.031351741,
        0.032225372,
        0.034492632,
        0.031516340000000004,
        0.031841231000000005,
        0.033456295000000004,
        0.039155702,
        0.035427117,
        0.040358692,
        0.031378521,
        0.033810009,
        0.050544017000000004,
        0.03316666,
        0.033042928,
        0.034996208
      ],
      "exit_codes": [
        0,
        0,
        0,
        0,
        0,
        0,
        0,
        0,
        0,
        0,
        0,
        0,
        0,
        0,
        0,
        0,
        0,
        0,
        0,
        0
      ]
    }
  ]
}
