{
  "results": [
    {
      "command": "info_scr1_isr_sample",
      "mean": 0.02920581805,
      "stddev": 0.0017815902471376367,
      "median": 0.029069408,
      "user": 0.019230249999999997,
      "system": 0.0088423,
      "min": 0.026614691000000003,
      "max": 0.033026056000000005,
      "times": [
        0.026711093,
        0.029349529000000003,
        0.027861915,
        0.029965326,
        0.029324893,
        0.028423429,
        0.028813923,
        0.030068900000000003,
        0.028316248000000002,
        0.027283658000000002,
        0.031575812,
        0.027891931000000002,
        0.026614691000000003,
        0.031246152000000003,
        0.027776954000000003,
        0.029346443000000003,
        0.031338495,
        0.027865751,
        0.033026056000000005,
        0.031315162
      ],
      "exit_codes": [
        0,
        0,
        0,
        0,
        0,
        0,
        0,
        0,
        0,
        0,
        0,
        0,
        0,
        0,
        0,
        0,
        0,
        0,
        0,
        0
      ]
    }
  ]
}
