{
  "results": [
    {
      "command": "property_chipyard_clusteredrocketconfig_dhrystone_window_2us_match_posedge_clk",
      "mean": 0.2502913846,
      "stddev": 0.02299988712022005,
      "median": 0.24021349600000003,
      "user": 0.161812,
      "system": 0.07609540000000001,
      "min": 0.239277659,
      "max": 0.291422444,
      "times": [
        0.240800581,
        0.239742743,
        0.239277659,
        0.291422444,
        0.24021349600000003
      ],
      "exit_codes": [
        0,
        0,
        0,
        0,
        0
      ]
    }
  ]
}
