{
  "results": [
    {
      "command": "property_chipyard_clusteredrocketconfig_dhrystone_window_2us_switch_wildcard",
      "mean": 0.14022154180000002,
      "stddev": 0.0017140466550901368,
      "median": 0.140379668,
      "user": 0.0702758,
      "system": 0.046126,
      "min": 0.13749914700000002,
      "max": 0.142190381,
      "times": [
        0.142190381,
        0.140379668,
        0.140881051,
        0.140157462,
        0.13749914700000002
      ],
      "exit_codes": [
        0,
        0,
        0,
        0,
        0
      ]
    }
  ]
}
