{
  "results": [
    {
      "command": "scope_clustered_all_depth13_json",
      "mean": 0.1894261195,
      "stddev": 0.000898969898213672,
      "median": 0.18908506950000004,
      "user": 0.0841845,
      "system": 0.09288766666666666,
      "min": 0.188634663,
      "max": 0.190781475,
      "times": [
        0.18877669000000002,
        0.18939344900000002,
        0.188634663,
        0.188727747,
        0.190781475,
        0.19024269300000002
      ],
      "exit_codes": [
        0,
        0,
        0,
        0,
        0,
        0
      ]
    }
  ]
}
