{
  "results": [
    {
      "command": "scope_scr1_all_depth7_json",
      "mean": 0.03613311653333333,
      "stddev": 0.005404357781025062,
      "median": 0.033992059000000005,
      "user": 0.019648,
      "system": 0.013549733333333331,
      "min": 0.030837874,
      "max": 0.046721344000000005,
      "times": [
        0.031126917,
        0.034690422000000005,
        0.041912289000000005,
        0.042611463,
        0.031914236,
        0.031430817,
        0.033820768,
        0.031987604,
        0.046721344000000005,
        0.030837874,
        0.033992059000000005,
        0.032426028,
        0.033995566000000005,
        0.040575437000000006,
        0.043953924000000005
      ],
      "exit_codes": [
        0,
        0,
        0,
        0,
        0,
        0,
        0,
        0,
        0,
        0,
        0,
        0,
        0,
        0,
        0
      ]
    }
  ]
}
