{
  "results": [
    {
      "command": "scope_dualrocket_filter_frontend_depth12_json",
      "mean": 0.08988075650000002,
      "stddev": 0.0017597383176946283,
      "median": 0.0901451525,
      "user": 0.038757099999999996,
      "system": 0.0341818,
      "min": 0.08708655700000001,
      "max": 0.092183211,
      "times": [
        0.090507954,
        0.08708655700000001,
        0.09069392300000001,
        0.087622002,
        0.08978235100000001,
        0.088333779,
        0.091427561,
        0.092183211,
        0.09177191800000001,
        0.08939830900000001
      ],
      "exit_codes": [
        0,
        0,
        0,
        0,
        0,
        0,
        0,
        0,
        0,
        0
      ]
    }
  ]
}
