{
  "results": [
    {
      "command": "signal_scr1_top_recursive_depth2_json",
      "mean": 0.040129546200000005,
      "stddev": 0.0048761268185824784,
      "median": 0.0407031325,
      "user": 0.022399500000000003,
      "system": 0.012587300000000001,
      "min": 0.03143241,
      "max": 0.047860633,
      "times": [
        0.044005551000000004,
        0.03143241,
        0.035325905000000005,
        0.040006639000000004,
        0.0442501,
        0.039751589000000004,
        0.047860633,
        0.035695268,
        0.041399626,
        0.041567741000000005
      ],
      "exit_codes": [
        0,
        0,
        0,
        0,
        0,
        0,
        0,
        0,
        0,
        0
      ]
    }
  ]
}
