{
  "results": [
    {
      "command": "signal_scr1_top_recursive_all_json",
      "mean": 0.0416010872,
      "stddev": 0.0016440217643000287,
      "median": 0.041744313000000005,
      "user": 0.0221521,
      "system": 0.0129278,
      "min": 0.038994748,
      "max": 0.044557468,
      "times": [
        0.043245864,
        0.040970990000000006,
        0.038994748,
        0.042441033,
        0.044557468,
        0.04165229,
        0.040558385,
        0.042058003000000004,
        0.039695755,
        0.041836336
      ],
      "exit_codes": [
        0,
        0,
        0,
        0,
        0,
        0,
        0,
        0,
        0,
        0
      ]
    }
  ]
}
