{
  "results": [
    {
      "command": "signal_scr1_top_recursive_filter_valid_json",
      "mean": 0.0420990173,
      "stddev": 0.0017345244022383293,
      "median": 0.041790304,
      "user": 0.0226579,
      "system": 0.0121257,
      "min": 0.03983686,
      "max": 0.045085119,
      "times": [
        0.045085119,
        0.042765151,
        0.044355058,
        0.040774511,
        0.042078500000000005,
        0.041502108,
        0.03983686,
        0.040836848,
        0.043239582000000006,
        0.040516436
      ],
      "exit_codes": [
        0,
        0,
        0,
        0,
        0,
        0,
        0,
        0,
        0,
        0
      ]
    }
  ]
}
