{
  "results": [
    {
      "command": "value_picorv32_signals_1",
      "mean": 0.09014965375000002,
      "stddev": 0.0019329023937616357,
      "median": 0.089880239,
      "user": 0.050532499999999994,
      "system": 0.024605199999999997,
      "min": 0.087176085,
      "max": 0.094923827,
      "times": [
        0.089631818,
        0.08858616400000001,
        0.087176085,
        0.08847581700000001,
        0.091701526,
        0.09127320100000001,
        0.08856789000000001,
        0.08874801700000001,
        0.089476185,
        0.09093860200000001,
        0.09351866900000001,
        0.090760898,
        0.091430466,
        0.094923827,
        0.089472518,
        0.090829748,
        0.08819969700000001,
        0.087862174,
        0.09012866,
        0.09129111300000001
      ],
      "exit_codes": [
        0,
        0,
        0,
        0,
        0,
        0,
        0,
        0,
        0,
        0,
        0,
        0,
        0,
        0,
        0,
        0,
        0,
        0,
        0,
        0
      ]
    }
  ]
}
