{
  "results": [
    {
      "command": "value_chipyard_dualrocketconfig_dhrystone_signals_1",
      "mean": 0.190644245,
      "stddev": 0.0027297233594875724,
      "median": 0.1899985045,
      "user": 0.12340510000000002,
      "system": 0.05601639999999999,
      "min": 0.18841544400000002,
      "max": 0.20148410300000003,
      "times": [
        0.20148410300000003,
        0.18841544400000002,
        0.189613463,
        0.191156281,
        0.188827817,
        0.189890152,
        0.190103073,
        0.190005478,
        0.18999153100000002,
        0.190268452,
        0.18863801900000002,
        0.19144367,
        0.189323126,
        0.19019523300000002,
        0.19127963,
        0.18930838800000002,
        0.189904668,
        0.191893784,
        0.18964198300000001,
        0.19150060500000002
      ],
      "exit_codes": [
        0,
        0,
        0,
        0,
        0,
        0,
        0,
        0,
        0,
        0,
        0,
        0,
        0,
        0,
        0,
        0,
        0,
        0,
        0,
        0
      ]
    }
  ]
}
