{
  "results": [
    {
      "command": "value_chipyard_dualrocketconfig_dhrystone_signals_100",
      "mean": 0.5430915116,
      "stddev": 0.002649726674763306,
      "median": 0.5421352735,
      "user": 0.4274858,
      "system": 0.077989,
      "min": 0.540330831,
      "max": 0.54794641,
      "times": [
        0.5416722660000001,
        0.5433346480000001,
        0.5438850590000001,
        0.542337091,
        0.54102324,
        0.547430164,
        0.54794641,
        0.541933456,
        0.5410219510000001,
        0.540330831
      ],
      "exit_codes": [
        0,
        0,
        0,
        0,
        0,
        0,
        0,
        0,
        0,
        0
      ]
    }
  ]
}
