{
  "results": [
    {
      "command": "value_scr1_signals_1",
      "mean": 0.05815089095,
      "stddev": 0.0016022146659310263,
      "median": 0.058171674500000006,
      "user": 0.03078155,
      "system": 0.016460750000000003,
      "min": 0.055772839000000005,
      "max": 0.062933708,
      "times": [
        0.058929568,
        0.058761623000000006,
        0.058228181000000004,
        0.055772839000000005,
        0.058724693,
        0.056664685000000006,
        0.056335966,
        0.058115168,
        0.05766446200000001,
        0.056408683,
        0.062933708,
        0.058795095000000006,
        0.057475317000000005,
        0.056453007000000006,
        0.059806204,
        0.057707323000000005,
        0.058593036,
        0.057205860000000004,
        0.059424988000000005,
        0.059017413000000005
      ],
      "exit_codes": [
        0,
        0,
        0,
        0,
        0,
        0,
        0,
        0,
        0,
        0,
        0,
        0,
        0,
        0,
        0,
        0,
        0,
        0,
        0,
        0
      ]
    }
  ]
}
