{
  "results": [
    {
      "command": "value_picorv32_signals_10",
      "mean": 0.19053956226666668,
      "stddev": 0.0019106577665226198,
      "median": 0.190887083,
      "user": 0.13826373333333333,
      "system": 0.033119,
      "min": 0.18736586000000002,
      "max": 0.193727419,
      "times": [
        0.18794992900000002,
        0.191875221,
        0.191072012,
        0.19207864300000002,
        0.189770668,
        0.188420532,
        0.18881813900000002,
        0.193727419,
        0.19172328500000002,
        0.18736586000000002,
        0.189367911,
        0.193149503,
        0.190034362,
        0.190887083,
        0.191852867
      ],
      "exit_codes": [
        0,
        0,
        0,
        0,
        0,
        0,
        0,
        0,
        0,
        0,
        0,
        0,
        0,
        0,
        0
      ]
    }
  ]
}
