{
  "results": [
    {
      "command": "value_scr1_signals_1000",
      "mean": 0.6505080686666668,
      "stddev": 0.03734608984984795,
      "median": 0.6415564385000001,
      "user": 0.5551201666666666,
      "system": 0.06247383333333333,
      "min": 0.594223986,
      "max": 0.6945264560000001,
      "times": [
        0.641158525,
        0.6906172620000001,
        0.640567831,
        0.6419543520000001,
        0.6945264560000001,
        0.594223986
      ],
      "exit_codes": [
        0,
        0,
        0,
        0,
        0,
        0
      ]
    }
  ]
}
