{
  "results": [
    {
      "command": "value_chipyard_clusteredrocketconfig_dhrystone_signals_1000",
      "mean": 0.9437216708333334,
      "stddev": 0.0021071184516387644,
      "median": 0.9427763495000001,
      "user": 0.8171779999999998,
      "system": 0.1133665,
      "min": 0.941927087,
      "max": 0.946724624,
      "times": [
        0.9460515410000001,
        0.9420740740000001,
        0.9429015430000001,
        0.941927087,
        0.946724624,
        0.942651156
      ],
      "exit_codes": [
        0,
        0,
        0,
        0,
        0,
        0
      ]
    }
  ]
}
