{
  "results": [
    {
      "command": "value_chipyard_dualrocketconfig_dhrystone_signals_1000",
      "mean": 0.9432737373333334,
      "stddev": 0.001311090622748182,
      "median": 0.9429593585,
      "user": 0.8032005,
      "system": 0.10852066666666667,
      "min": 0.9415568310000001,
      "max": 0.944948388,
      "times": [
        0.9427813070000001,
        0.9446946860000001,
        0.944948388,
        0.9415568310000001,
        0.9425238020000001,
        0.9431374100000001
      ],
      "exit_codes": [
        0,
        0,
        0,
        0,
        0,
        0
      ]
    }
  ]
}
