{
  "results": [
    {
      "command": "value_chipyard_clusteredrocketconfig_dhrystone_signals_1",
      "mean": 0.23839530385000005,
      "stddev": 0.011244564004116275,
      "median": 0.240913855,
      "user": 0.13606664999999998,
      "system": 0.0607806,
      "min": 0.19115795600000002,
      "max": 0.24396600200000002,
      "times": [
        0.24161515800000002,
        0.24124663500000001,
        0.240401306,
        0.243340889,
        0.19115795600000002,
        0.24188003300000002,
        0.24026344600000002,
        0.24098217600000002,
        0.24396600200000002,
        0.23974065300000003,
        0.240922562,
        0.242477875,
        0.23826696400000003,
        0.24061537500000002,
        0.242051132,
        0.240905148,
        0.23870223000000002,
        0.24296540800000002,
        0.238458039,
        0.23794709000000003
      ],
      "exit_codes": [
        0,
        0,
        0,
        0,
        0,
        0,
        0,
        0,
        0,
        0,
        0,
        0,
        0,
        0,
        0,
        0,
        0,
        0,
        0,
        0
      ]
    }
  ]
}
