{
  "results": [
    {
      "command": "value_picorv32_signals_100",
      "mean": 0.44657603850000005,
      "stddev": 0.0157010944287861,
      "median": 0.44182042,
      "user": 0.37033199999999994,
      "system": 0.0569582,
      "min": 0.43906943000000004,
      "max": 0.491069334,
      "times": [
        0.44227635200000004,
        0.43906943000000004,
        0.440244383,
        0.441641076,
        0.491069334,
        0.441801145,
        0.44183969500000003,
        0.44302870800000005,
        0.44052301000000005,
        0.444267252
      ],
      "exit_codes": [
        0,
        0,
        0,
        0,
        0,
        0,
        0,
        0,
        0,
        0
      ]
    }
  ]
}
