{
  "results": [
    {
      "command": "value_chipyard_clusteredrocketconfig_dhrystone_signals_10",
      "mean": 0.2304572895333333,
      "stddev": 0.02144859464621346,
      "median": 0.239990796,
      "user": 0.13418119999999997,
      "system": 0.05870713333333332,
      "min": 0.187843683,
      "max": 0.24299008800000002,
      "times": [
        0.23900062800000002,
        0.239604482,
        0.241211169,
        0.187843683,
        0.239990796,
        0.23998627800000003,
        0.241054905,
        0.240418758,
        0.239867192,
        0.18823034800000002,
        0.24299008800000002,
        0.24243887300000003,
        0.24150354500000001,
        0.19118670000000001,
        0.24153189800000002
      ],
      "exit_codes": [
        0,
        0,
        0,
        0,
        0,
        0,
        0,
        0,
        0,
        0,
        0,
        0,
        0,
        0,
        0
      ]
    }
  ]
}
