{
  "results": [
    {
      "command": "value_chipyard_dualrocketconfig_dhrystone_signals_10",
      "mean": 0.18952368513333334,
      "stddev": 0.0013208284367699952,
      "median": 0.189447727,
      "user": 0.12428333333333332,
      "system": 0.057224333333333335,
      "min": 0.18805822500000002,
      "max": 0.19228149800000002,
      "times": [
        0.189605032,
        0.189447727,
        0.192085632,
        0.188763913,
        0.190656617,
        0.188084044,
        0.188419845,
        0.18995936700000002,
        0.188489806,
        0.188423051,
        0.189808102,
        0.188965178,
        0.19228149800000002,
        0.18980724000000002,
        0.18805822500000002
      ],
      "exit_codes": [
        0,
        0,
        0,
        0,
        0,
        0,
        0,
        0,
        0,
        0,
        0,
        0,
        0,
        0,
        0
      ]
    }
  ]
}
