{
  "results": [
    {
      "command": "value_scr1_signals_10",
      "mean": 0.05757304706666667,
      "stddev": 0.0016435756769373057,
      "median": 0.056983632000000006,
      "user": 0.030229466666666663,
      "system": 0.016369933333333336,
      "min": 0.054835789,
      "max": 0.060518712,
      "times": [
        0.057804915000000005,
        0.056734575,
        0.058980513000000005,
        0.058506673,
        0.055853901000000004,
        0.056936194,
        0.055442538000000006,
        0.059640754000000004,
        0.056467634,
        0.054835789,
        0.059103193000000005,
        0.060518712,
        0.056958345,
        0.056983632000000006,
        0.058828338
      ],
      "exit_codes": [
        0,
        0,
        0,
        0,
        0,
        0,
        0,
        0,
        0,
        0,
        0,
        0,
        0,
        0,
        0
      ]
    }
  ]
}
