{
  "results": [
    {
      "command": "value_chipyard_clusteredrocketconfig_dhrystone_signals_100",
      "mean": 0.5402103483,
      "stddev": 0.002009578576300361,
      "median": 0.5396816875,
      "user": 0.4370664000000001,
      "system": 0.0827398,
      "min": 0.538158135,
      "max": 0.5445833800000001,
      "times": [
        0.5388732,
        0.54002386,
        0.538937988,
        0.541385435,
        0.5445833800000001,
        0.5383356020000001,
        0.539339515,
        0.538158135,
        0.542187853,
        0.540278515
      ],
      "exit_codes": [
        0,
        0,
        0,
        0,
        0,
        0,
        0,
        0,
        0,
        0
      ]
    }
  ]
}
