{
  "results": [
    {
      "command": "value_picorv32_signals_1000",
      "mean": 2.1716483761666665,
      "stddev": 0.0682752752780901,
      "median": 2.1465910125,
      "user": 1.9449859999999999,
      "system": 0.199448,
      "min": 2.099869426,
      "max": 2.296118245,
      "times": [
        2.099869426,
        2.147574893,
        2.145607132,
        2.143887627,
        2.296118245,
        2.196832934
      ],
      "exit_codes": [
        0,
        0,
        0,
        0,
        0,
        0
      ]
    }
  ]
}
