{
  "results": [
    {
      "command": "value_scr1_signals_100",
      "mean": 0.1411325765,
      "stddev": 0.001522576273620999,
      "median": 0.1408812375,
      "user": 0.0886764,
      "system": 0.022061299999999995,
      "min": 0.138602883,
      "max": 0.143164861,
      "times": [
        0.140631794,
        0.142826286,
        0.141589663,
        0.14001063800000002,
        0.138602883,
        0.140160799,
        0.14308031200000002,
        0.143164861,
        0.140127848,
        0.141130681
      ],
      "exit_codes": [
        0,
        0,
        0,
        0,
        0,
        0,
        0,
        0,
        0,
        0
      ]
    }
  ]
}
