{
  "results": [
    {
      "command": "change_scr1_coremark_imem_axi_1sig_to_1000ps",
      "mean": 0.033180649666666666,
      "stddev": 0.0010124612358977016,
      "median": 0.033348670000000004,
      "user": 0.016615111111111112,
      "system": 0.016366666666666665,
      "min": 0.031486753,
      "max": 0.034992594,
      "times": [
        0.03290523,
        0.033545122000000004,
        0.033954288,
        0.031486753,
        0.032147426,
        0.033348670000000004,
        0.03338606,
        0.034992594,
        0.032859704
      ],
      "exit_codes": [
        0,
        0,
        0,
        0,
        0,
        0,
        0,
        0,
        0
      ]
    }
  ]
}
