{
  "results": [
    {
      "command": "change_scr1_coremark_imem_axi_2sig_to_1000ps",
      "mean": 0.03401085611111111,
      "stddev": 0.0012050411472290523,
      "median": 0.033785705,
      "user": 0.018067888888888887,
      "system": 0.015756,
      "min": 0.032146022,
      "max": 0.035406228000000005,
      "times": [
        0.035304835,
        0.033366233,
        0.035406228000000005,
        0.032146022,
        0.032693770000000004,
        0.035262855,
        0.033456354,
        0.034675703,
        0.033785705
      ],
      "exit_codes": [
        0,
        0,
        0,
        0,
        0,
        0,
        0,
        0,
        0
      ]
    }
  ]
}
