{
  "results": [
    {
      "command": "change_scr1_coremark_imem_axi_1sig_to_1000ps",
      "mean": 0.03255856966666667,
      "stddev": 0.001976956301751065,
      "median": 0.03183579,
      "user": 0.016972444444444443,
      "system": 0.015416777777777776,
      "min": 0.030986902,
      "max": 0.036959946,
      "times": [
        0.036959946,
        0.033830508,
        0.03183579,
        0.030986902,
        0.031071242000000002,
        0.033710772,
        0.032202625,
        0.031160719000000003,
        0.031268623
      ],
      "exit_codes": [
        0,
        0,
        0,
        0,
        0,
        0,
        0,
        0,
        0
      ]
    }
  ]
}
