{
  "results": [
    {
      "command": "change_scr1_coremark_imem_axi_2sig_to_1000ps",
      "mean": 0.033510279000000004,
      "stddev": 0.0019549799306022293,
      "median": 0.033302005,
      "user": 0.016989888888888884,
      "system": 0.016291,
      "min": 0.031080577,
      "max": 0.037045545,
      "times": [
        0.037045545,
        0.034873761,
        0.032640742,
        0.03521109,
        0.03398602,
        0.031600252,
        0.031080577,
        0.033302005,
        0.031852519
      ],
      "exit_codes": [
        0,
        0,
        0,
        0,
        0,
        0,
        0,
        0,
        0
      ]
    }
  ]
}
