{
  "results": [
    {
      "command": "at_chipyard_clusteredrocketconfig_dhrystone_signals_100",
      "mean": 0.5364941681,
      "stddev": 0.016631797970078865,
      "median": 0.5417381765,
      "user": 0.425314,
      "system": 0.07336579999999998,
      "min": 0.48930168,
      "max": 0.5437311410000001,
      "times": [
        0.543015397,
        0.48930168,
        0.542635247,
        0.539974193,
        0.5420885200000001,
        0.541387833,
        0.542286754,
        0.5437311410000001,
        0.53974708,
        0.5407738360000001
      ],
      "exit_codes": [
        0,
        0,
        0,
        0,
        0,
        0,
        0,
        0,
        0,
        0
      ]
    }
  ]
}
