{
  "results": [
    {
      "command": "at_chipyard_dualrocketconfig_dhrystone_signals_1000",
      "mean": 0.9629165268333333,
      "stddev": 0.02534185835171167,
      "median": 0.947635531,
      "user": 0.8347578333333332,
      "system": 0.10742516666666667,
      "min": 0.9441979340000001,
      "max": 0.9956233170000001,
      "times": [
        0.946847561,
        0.9441979340000001,
        0.9955592870000001,
        0.947909357,
        0.947361705,
        0.9956233170000001
      ],
      "exit_codes": [
        0,
        0,
        0,
        0,
        0,
        0
      ]
    }
  ]
}
