{
  "results": [
    {
      "command": "at_chipyard_clusteredrocketconfig_dhrystone_signals_1",
      "mean": 0.2207446827,
      "stddev": 0.025698675420616428,
      "median": 0.23954181000000002,
      "user": 0.13265279999999996,
      "system": 0.059390399999999996,
      "min": 0.18786698300000002,
      "max": 0.244873001,
      "times": [
        0.24030430600000002,
        0.18956930600000002,
        0.23958922800000002,
        0.19098194000000002,
        0.24092534000000002,
        0.19322856600000002,
        0.24112617500000003,
        0.19038611600000002,
        0.24110674,
        0.190345911,
        0.23949439200000003,
        0.18796098700000002,
        0.190695365,
        0.23875575000000002,
        0.241864499,
        0.240826476,
        0.24267349300000002,
        0.24231908000000002,
        0.18786698300000002,
        0.244873001
      ],
      "exit_codes": [
        0,
        0,
        0,
        0,
        0,
        0,
        0,
        0,
        0,
        0,
        0,
        0,
        0,
        0,
        0,
        0,
        0,
        0,
        0,
        0
      ]
    }
  ]
}
