{
  "results": [
    {
      "command": "at_chipyard_dualrocketconfig_dhrystone_signals_10",
      "mean": 0.1898208983333333,
      "stddev": 0.0014607854379954858,
      "median": 0.189554191,
      "user": 0.12397166666666665,
      "system": 0.0498348,
      "min": 0.18756041,
      "max": 0.192672016,
      "times": [
        0.189554191,
        0.18873331100000001,
        0.19021527800000002,
        0.18939006200000003,
        0.191935661,
        0.18756041,
        0.19056525100000002,
        0.18977722200000002,
        0.18837124600000002,
        0.18882553600000002,
        0.189498608,
        0.190042325,
        0.192672016,
        0.19190643000000002,
        0.188265928
      ],
      "exit_codes": [
        0,
        0,
        0,
        0,
        0,
        0,
        0,
        0,
        0,
        0,
        0,
        0,
        0,
        0,
        0
      ]
    }
  ]
}
