{
  "results": [
    {
      "command": "at_chipyard_dualrocketconfig_dhrystone_signals_10",
      "mean": 0.18986195919999999,
      "stddev": 0.001601972400653788,
      "median": 0.189480578,
      "user": 0.12364993333333332,
      "system": 0.055619933333333337,
      "min": 0.18756821,
      "max": 0.19276148,
      "times": [
        0.188732418,
        0.189480578,
        0.18812040300000002,
        0.191298972,
        0.190169688,
        0.188767605,
        0.188307955,
        0.18946121300000002,
        0.19276148,
        0.18756821,
        0.189722473,
        0.189071505,
        0.19242297800000002,
        0.192016557,
        0.190027353
      ],
      "exit_codes": [
        0,
        0,
        0,
        0,
        0,
        0,
        0,
        0,
        0,
        0,
        0,
        0,
        0,
        0,
        0
      ]
    }
  ]
}
