{
  "results": [
    {
      "command": "at_chipyard_dualrocketconfig_dhrystone_signals_1000",
      "mean": 0.9091616635,
      "stddev": 0.026804059642779567,
      "median": 0.8930965435,
      "user": 0.7916491666666667,
      "system": 0.09916600000000002,
      "min": 0.8900586070000001,
      "max": 0.9448268870000001,
      "times": [
        0.892174424,
        0.8900586070000001,
        0.9426000750000001,
        0.9448268870000001,
        0.8912913250000001,
        0.8940186630000001
      ],
      "exit_codes": [
        0,
        0,
        0,
        0,
        0,
        0
      ]
    }
  ]
}
