{
  "results": [
    {
      "command": "at_chipyard_clusteredrocketconfig_dhrystone_signals_1",
      "mean": 0.15670012645000003,
      "stddev": 0.005507596170000631,
      "median": 0.154834934,
      "user": 0.10945835000000001,
      "system": 0.0470037,
      "min": 0.151373252,
      "max": 0.170551837,
      "times": [
        0.15284187600000002,
        0.167242982,
        0.164698219,
        0.15462847700000001,
        0.157674108,
        0.170551837,
        0.156525985,
        0.152865981,
        0.159949284,
        0.156562323,
        0.153614826,
        0.15195419100000002,
        0.15266228,
        0.15261185500000002,
        0.151373252,
        0.155041391,
        0.153957178,
        0.162353403,
        0.155326827,
        0.151566254
      ],
      "exit_codes": [
        0,
        0,
        0,
        0,
        0,
        0,
        0,
        0,
        0,
        0,
        0,
        0,
        0,
        0,
        0,
        0,
        0,
        0,
        0,
        0
      ]
    }
  ]
}
