{
  "results": [
    {
      "command": "at_chipyard_clusteredrocketconfig_dhrystone_signals_10",
      "mean": 0.15635038759999997,
      "stddev": 0.0031011683354624986,
      "median": 0.155267585,
      "user": 0.11110133333333332,
      "system": 0.04501666666666667,
      "min": 0.15239375600000002,
      "max": 0.163727329,
      "times": [
        0.159117655,
        0.158789921,
        0.15239375600000002,
        0.15421679500000002,
        0.154477724,
        0.153408879,
        0.158291426,
        0.15464401600000002,
        0.155267585,
        0.155414731,
        0.15469248600000002,
        0.153131299,
        0.158861194,
        0.158821018,
        0.163727329
      ],
      "exit_codes": [
        0,
        0,
        0,
        0,
        0,
        0,
        0,
        0,
        0,
        0,
        0,
        0,
        0,
        0,
        0
      ]
    }
  ]
}
