{
  "results": [
    {
      "command": "at_chipyard_dualrocketconfig_dhrystone_signals_100",
      "mean": 0.5467983224,
      "stddev": 0.01671466504078409,
      "median": 0.5416749620000001,
      "user": 0.43703509999999995,
      "system": 0.07851809999999998,
      "min": 0.539590695,
      "max": 0.5942353530000001,
      "times": [
        0.540917133,
        0.5410461040000001,
        0.54230382,
        0.5402352690000001,
        0.542845216,
        0.542601501,
        0.539590695,
        0.543506817,
        0.540701316,
        0.5942353530000001
      ],
      "exit_codes": [
        0,
        0,
        0,
        0,
        0,
        0,
        0,
        0,
        0,
        0
      ]
    }
  ]
}
