{
  "results": [
    {
      "command": "at_chipyard_clusteredrocketconfig_dhrystone_signals_1000",
      "mean": 0.9432182560000001,
      "stddev": 0.001770451604804617,
      "median": 0.9437001205,
      "user": 0.8113441666666666,
      "system": 0.107691,
      "min": 0.940839352,
      "max": 0.9448761210000001,
      "times": [
        0.9414185850000001,
        0.942945998,
        0.944454243,
        0.940839352,
        0.9448761210000001,
        0.9447752370000001
      ],
      "exit_codes": [
        0,
        0,
        0,
        0,
        0,
        0
      ]
    }
  ]
}
