{
  "results": [
    {
      "command": "at_chipyard_clusteredrocketconfig_dhrystone_signals_100",
      "mean": 0.5416450556000001,
      "stddev": 0.001255407201134023,
      "median": 0.5413921495,
      "user": 0.44611809999999996,
      "system": 0.0738646,
      "min": 0.539697942,
      "max": 0.543515643,
      "times": [
        0.543515643,
        0.541750802,
        0.543187061,
        0.540609286,
        0.539697942,
        0.541236673,
        0.543075115,
        0.5415476260000001,
        0.5406453990000001,
        0.541185009
      ],
      "exit_codes": [
        0,
        0,
        0,
        0,
        0,
        0,
        0,
        0,
        0,
        0
      ]
    }
  ]
}
