{
  "results": [
    {
      "command": "at_chipyard_dualrocketconfig_dhrystone_signals_1000",
      "mean": 0.9007012216666667,
      "stddev": 0.019483197972501184,
      "median": 0.8933813735,
      "user": 0.7797068333333333,
      "system": 0.10058866666666667,
      "min": 0.8914497520000001,
      "max": 0.940420004,
      "times": [
        0.8914497520000001,
        0.891733748,
        0.940420004,
        0.893093138,
        0.893669609,
        0.8938410790000001
      ],
      "exit_codes": [
        0,
        0,
        0,
        0,
        0,
        0
      ]
    }
  ]
}
