{
  "results": [
    {
      "command": "at_chipyard_dualrocketconfig_dhrystone_signals_1000",
      "mean": 0.82690736,
      "stddev": 0.012155057422135289,
      "median": 0.8239349575000001,
      "user": 0.742776,
      "system": 0.08380716666666665,
      "min": 0.8172783,
      "max": 0.8508672570000001,
      "times": [
        0.8508672570000001,
        0.819869189,
        0.825140924,
        0.8227289910000001,
        0.825559499,
        0.8172783
      ],
      "exit_codes": [
        0,
        0,
        0,
        0,
        0,
        0
      ]
    }
  ]
}
