{
  "results": [
    {
      "command": "at_chipyard_clusteredrocketconfig_dhrystone_signals_10",
      "mean": 0.21395606646666668,
      "stddev": 0.026058843983382998,
      "median": 0.19280370300000002,
      "user": 0.13632046666666667,
      "system": 0.05450186666666666,
      "min": 0.18913579800000002,
      "max": 0.243848434,
      "times": [
        0.24043841100000002,
        0.243848434,
        0.18913579800000002,
        0.189863049,
        0.189375588,
        0.190005807,
        0.18926783600000002,
        0.239777546,
        0.19280370300000002,
        0.240891982,
        0.239788296,
        0.19239407800000002,
        0.240968976,
        0.240113446,
        0.190668047
      ],
      "exit_codes": [
        0,
        0,
        0,
        0,
        0,
        0,
        0,
        0,
        0,
        0,
        0,
        0,
        0,
        0,
        0
      ]
    }
  ]
}
