{
  "results": [
    {
      "command": "at_chipyard_dualrocketconfig_dhrystone_signals_1",
      "mean": 0.19035201165,
      "stddev": 0.0014172406705769136,
      "median": 0.19061755600000002,
      "user": 0.12083810000000002,
      "system": 0.051978899999999995,
      "min": 0.18744915,
      "max": 0.19264814700000002,
      "times": [
        0.18744915,
        0.191288219,
        0.192281956,
        0.19221933400000002,
        0.189573347,
        0.188476782,
        0.188878974,
        0.191000773,
        0.19168210200000002,
        0.18922696600000002,
        0.189777139,
        0.189262591,
        0.19264814700000002,
        0.19073964300000001,
        0.189633191,
        0.190495469,
        0.19171769300000002,
        0.188936194,
        0.190917157,
        0.190835406
      ],
      "exit_codes": [
        0,
        0,
        0,
        0,
        0,
        0,
        0,
        0,
        0,
        0,
        0,
        0,
        0,
        0,
        0,
        0,
        0,
        0,
        0,
        0
      ]
    }
  ]
}
