{
  "results": [
    {
      "command": "at_chipyard_clusteredrocketconfig_dhrystone_signals_10",
      "mean": 0.19571942553333335,
      "stddev": 0.018183930126341136,
      "median": 0.18928925000000002,
      "user": 0.13092553333333332,
      "system": 0.05458266666666667,
      "min": 0.185875075,
      "max": 0.240524123,
      "times": [
        0.19031861500000002,
        0.19013791700000002,
        0.18908397400000002,
        0.185875075,
        0.18913543200000002,
        0.18744875800000002,
        0.188699787,
        0.240291934,
        0.240524123,
        0.18987862200000002,
        0.189584875,
        0.187231808,
        0.189903762,
        0.188387451,
        0.18928925000000002
      ],
      "exit_codes": [
        0,
        0,
        0,
        0,
        0,
        0,
        0,
        0,
        0,
        0,
        0,
        0,
        0,
        0,
        0
      ]
    }
  ]
}
