{
  "results": [
    {
      "command": "at_chipyard_clusteredrocketconfig_dhrystone_signals_100",
      "mean": 0.45778045570000014,
      "stddev": 0.006862918040675594,
      "median": 0.457138418,
      "user": 0.3954876,
      "system": 0.0619968,
      "min": 0.44936400800000004,
      "max": 0.46742311400000003,
      "times": [
        0.452379894,
        0.46585774900000004,
        0.44936400800000004,
        0.452845938,
        0.455139269,
        0.44974608600000004,
        0.46027302600000003,
        0.46742311400000003,
        0.459137567,
        0.46563790600000005
      ],
      "exit_codes": [
        0,
        0,
        0,
        0,
        0,
        0,
        0,
        0,
        0,
        0
      ]
    }
  ]
}
