{
  "results": [
    {
      "command": "at_chipyard_dualrocketconfig_dhrystone_signals_100",
      "mean": 0.4988746796,
      "stddev": 0.031616440148961644,
      "median": 0.4884766245,
      "user": 0.4199009,
      "system": 0.06869530000000001,
      "min": 0.486575311,
      "max": 0.588747993,
      "times": [
        0.486575311,
        0.488281852,
        0.48972745500000003,
        0.49185760900000003,
        0.490888623,
        0.487797831,
        0.48791687300000003,
        0.488450496,
        0.488502753,
        0.588747993
      ],
      "exit_codes": [
        0,
        0,
        0,
        0,
        0,
        0,
        0,
        0,
        0,
        0
      ]
    }
  ]
}
