{
  "results": [
    {
      "command": "at_chipyard_clusteredrocketconfig_dhrystone_signals_1",
      "mean": 0.23617656890000002,
      "stddev": 0.015795195461936667,
      "median": 0.24102633900000003,
      "user": 0.13643,
      "system": 0.05802934999999999,
      "min": 0.189403387,
      "max": 0.24379641100000002,
      "times": [
        0.189403387,
        0.241395292,
        0.24002197300000003,
        0.190909196,
        0.242459886,
        0.239049643,
        0.24110421,
        0.24094846800000003,
        0.24001049300000002,
        0.240663966,
        0.243034734,
        0.23909222500000002,
        0.240888767,
        0.241641356,
        0.241777763,
        0.23978945100000001,
        0.24199994900000002,
        0.243387976,
        0.24379641100000002,
        0.24215623200000003
      ],
      "exit_codes": [
        0,
        0,
        0,
        0,
        0,
        0,
        0,
        0,
        0,
        0,
        0,
        0,
        0,
        0,
        0,
        0,
        0,
        0,
        0,
        0
      ]
    }
  ]
}
