{
  "results": [
    {
      "command": "at_chipyard_clusteredrocketconfig_dhrystone_signals_100",
      "mean": 0.5414891424999999,
      "stddev": 0.002027835304845912,
      "median": 0.540749097,
      "user": 0.4370016,
      "system": 0.0729381,
      "min": 0.53929503,
      "max": 0.5455674140000001,
      "times": [
        0.54012717,
        0.5455674140000001,
        0.5427545100000001,
        0.543299441,
        0.540461843,
        0.53929503,
        0.539910864,
        0.541036351,
        0.539648977,
        0.5427898250000001
      ],
      "exit_codes": [
        0,
        0,
        0,
        0,
        0,
        0,
        0,
        0,
        0,
        0
      ]
    }
  ]
}
