{
  "results": [
    {
      "command": "at_chipyard_clusteredrocketconfig_dhrystone_signals_1000",
      "mean": 0.9021785096666667,
      "stddev": 0.020395890106763043,
      "median": 0.8941265945000001,
      "user": 0.7871001666666667,
      "system": 0.1017685,
      "min": 0.8923161730000001,
      "max": 0.943772295,
      "times": [
        0.8923161730000001,
        0.8942875100000001,
        0.8937230960000001,
        0.943772295,
        0.893965679,
        0.895006305
      ],
      "exit_codes": [
        0,
        0,
        0,
        0,
        0,
        0
      ]
    }
  ]
}
