{
  "results": [
    {
      "command": "at_chipyard_clusteredrocketconfig_dhrystone_signals_1000",
      "mean": 0.8319171456666666,
      "stddev": 0.01201750893930111,
      "median": 0.825968821,
      "user": 0.7476113333333333,
      "system": 0.08399483333333331,
      "min": 0.821755074,
      "max": 0.849516735,
      "times": [
        0.821755074,
        0.823974336,
        0.823648465,
        0.849516735,
        0.827963306,
        0.8446449580000001
      ],
      "exit_codes": [
        0,
        0,
        0,
        0,
        0,
        0
      ]
    }
  ]
}
