{
  "results": [
    {
      "command": "at_chipyard_dualrocketconfig_dhrystone_signals_100",
      "mean": 0.5374413211000001,
      "stddev": 0.016020887847536438,
      "median": 0.5424736545,
      "user": 0.4294644999999999,
      "system": 0.07554000000000001,
      "min": 0.49197472300000006,
      "max": 0.54391571,
      "times": [
        0.543505864,
        0.540454564,
        0.541763977,
        0.5416852910000001,
        0.543478439,
        0.543478299,
        0.54391571,
        0.540973012,
        0.543183332,
        0.49197472300000006
      ],
      "exit_codes": [
        0,
        0,
        0,
        0,
        0,
        0,
        0,
        0,
        0,
        0
      ]
    }
  ]
}
