{
  "results": [
    {
      "command": "at_chipyard_clusteredrocketconfig_dhrystone_signals_1000",
      "mean": 0.944205748,
      "stddev": 0.001213893742230012,
      "median": 0.9446561045000001,
      "user": 0.8261526666666666,
      "system": 0.10038083333333335,
      "min": 0.9425079540000001,
      "max": 0.945531132,
      "times": [
        0.9425079540000001,
        0.9449646650000001,
        0.9448682490000001,
        0.945531132,
        0.9444439600000001,
        0.9429185280000001
      ],
      "exit_codes": [
        0,
        0,
        0,
        0,
        0,
        0
      ]
    }
  ]
}
