{
  "results": [
    {
      "command": "at_chipyard_dualrocketconfig_dhrystone_signals_1",
      "mean": 0.19296023310000004,
      "stddev": 0.011541304057283517,
      "median": 0.19033497450000003,
      "user": 0.12628410000000004,
      "system": 0.05198839999999999,
      "min": 0.187237137,
      "max": 0.241392389,
      "times": [
        0.187908652,
        0.19044754500000002,
        0.190222404,
        0.189928764,
        0.190152764,
        0.189084775,
        0.192135996,
        0.19218911500000002,
        0.192583514,
        0.192611476,
        0.190872922,
        0.188133085,
        0.187237137,
        0.188459757,
        0.189120373,
        0.194298605,
        0.19115231600000002,
        0.241392389,
        0.189953683,
        0.19131939
      ],
      "exit_codes": [
        0,
        0,
        0,
        0,
        0,
        0,
        0,
        0,
        0,
        0,
        0,
        0,
        0,
        0,
        0,
        0,
        0,
        0,
        0,
        0
      ]
    }
  ]
}
