{
  "results": [
    {
      "command": "at_chipyard_clusteredrocketconfig_dhrystone_signals_10",
      "mean": 0.2346297241333333,
      "stddev": 0.01807558606262636,
      "median": 0.241247131,
      "user": 0.13680093333333332,
      "system": 0.058490666666666656,
      "min": 0.188831553,
      "max": 0.24537662100000002,
      "times": [
        0.24001138900000002,
        0.241247131,
        0.24045431800000003,
        0.24537662100000002,
        0.241414396,
        0.24266515600000002,
        0.188831553,
        0.239676414,
        0.241661328,
        0.240274974,
        0.240547424,
        0.24213034700000002,
        0.24146135600000002,
        0.24201345000000002,
        0.19168000500000001
      ],
      "exit_codes": [
        0,
        0,
        0,
        0,
        0,
        0,
        0,
        0,
        0,
        0,
        0,
        0,
        0,
        0,
        0
      ]
    }
  ]
}
