{
  "results": [
    {
      "command": "at_chipyard_dualrocketconfig_dhrystone_signals_1",
      "mean": 0.1435344851,
      "stddev": 0.005097049448675061,
      "median": 0.142888326,
      "user": 0.10013444999999999,
      "system": 0.04314624999999999,
      "min": 0.138466529,
      "max": 0.16146960600000002,
      "times": [
        0.144621291,
        0.144600742,
        0.146868625,
        0.142726878,
        0.141328125,
        0.14437902600000002,
        0.140132283,
        0.139780643,
        0.143259086,
        0.138831173,
        0.13858193500000002,
        0.14000579600000002,
        0.149311185,
        0.14209491300000002,
        0.138466529,
        0.14304977400000002,
        0.14183217,
        0.144137353,
        0.145212569,
        0.16146960600000002
      ],
      "exit_codes": [
        0,
        0,
        0,
        0,
        0,
        0,
        0,
        0,
        0,
        0,
        0,
        0,
        0,
        0,
        0,
        0,
        0,
        0,
        0,
        0
      ]
    }
  ]
}
