{
  "results": [
    {
      "command": "at_chipyard_dualrocketconfig_dhrystone_signals_100",
      "mean": 0.4534014366000001,
      "stddev": 0.01059497546491339,
      "median": 0.4513766585000001,
      "user": 0.3892471,
      "system": 0.0638062,
      "min": 0.443772985,
      "max": 0.4800535,
      "times": [
        0.443772985,
        0.45326820100000004,
        0.44955471700000005,
        0.45991203,
        0.45199596500000006,
        0.45075735200000006,
        0.4800535,
        0.445317942,
        0.454599637,
        0.444782037
      ],
      "exit_codes": [
        0,
        0,
        0,
        0,
        0,
        0,
        0,
        0,
        0,
        0
      ]
    }
  ]
}
