{
  "results": [
    {
      "command": "at_chipyard_dualrocketconfig_dhrystone_signals_10",
      "mean": 0.20159672620000002,
      "stddev": 0.022002469075914903,
      "median": 0.191337525,
      "user": 0.1294776,
      "system": 0.056143533333333336,
      "min": 0.18896227000000002,
      "max": 0.248704695,
      "times": [
        0.24101488000000001,
        0.24209212700000002,
        0.191488407,
        0.19223298000000003,
        0.190952524,
        0.191337525,
        0.194199322,
        0.248704695,
        0.19170326000000001,
        0.18964349500000002,
        0.190391434,
        0.190600395,
        0.18896227000000002,
        0.190520176,
        0.190107403
      ],
      "exit_codes": [
        0,
        0,
        0,
        0,
        0,
        0,
        0,
        0,
        0,
        0,
        0,
        0,
        0,
        0,
        0
      ]
    }
  ]
}
