{
  "results": [
    {
      "command": "at_chipyard_dualrocketconfig_dhrystone_signals_10",
      "mean": 0.14367920613333332,
      "stddev": 0.003456101466864047,
      "median": 0.14377715800000002,
      "user": 0.09881379999999998,
      "system": 0.04464066666666666,
      "min": 0.139635972,
      "max": 0.14961785,
      "times": [
        0.148700481,
        0.14961785,
        0.14011590200000001,
        0.13998148000000002,
        0.140123156,
        0.14476012100000002,
        0.140718282,
        0.146022869,
        0.139635972,
        0.14379328800000002,
        0.142603477,
        0.14108410700000001,
        0.14377715800000002,
        0.148587098,
        0.145666851
      ],
      "exit_codes": [
        0,
        0,
        0,
        0,
        0,
        0,
        0,
        0,
        0,
        0,
        0,
        0,
        0,
        0,
        0
      ]
    }
  ]
}
