{
  "results": [
    {
      "command": "at_chipyard_dualrocketconfig_dhrystone_signals_1",
      "mean": 0.19277333105,
      "stddev": 0.01112681165818248,
      "median": 0.19039649050000002,
      "user": 0.12405494999999996,
      "system": 0.05647875,
      "min": 0.18783944500000002,
      "max": 0.23969188100000002,
      "times": [
        0.18937067000000002,
        0.18944593,
        0.19098929,
        0.189665302,
        0.18783944500000002,
        0.23969188100000002,
        0.190442827,
        0.18875339500000002,
        0.18985210200000002,
        0.19229969400000002,
        0.19035015400000002,
        0.19095636900000001,
        0.19046970800000002,
        0.188197355,
        0.18930792400000002,
        0.191974997,
        0.18955253200000002,
        0.19167557600000001,
        0.191717946,
        0.192913524
      ],
      "exit_codes": [
        0,
        0,
        0,
        0,
        0,
        0,
        0,
        0,
        0,
        0,
        0,
        0,
        0,
        0,
        0,
        0,
        0,
        0,
        0,
        0
      ]
    }
  ]
}
