{
  "results": [
    {
      "command": "at_chipyard_clusteredrocketconfig_dhrystone_signals_1",
      "mean": 0.19108985520000002,
      "stddev": 0.011567126324321407,
      "median": 0.18847795,
      "user": 0.12865589999999996,
      "system": 0.056090200000000014,
      "min": 0.186085321,
      "max": 0.239919338,
      "times": [
        0.190887247,
        0.189784594,
        0.189244873,
        0.190554401,
        0.187170577,
        0.187202993,
        0.188492879,
        0.188451901,
        0.239919338,
        0.190510319,
        0.187506687,
        0.188463021,
        0.18869935200000001,
        0.18876398600000002,
        0.18801968900000002,
        0.18973861,
        0.187650708,
        0.18678840900000002,
        0.186085321,
        0.187862199
      ],
      "exit_codes": [
        0,
        0,
        0,
        0,
        0,
        0,
        0,
        0,
        0,
        0,
        0,
        0,
        0,
        0,
        0,
        0,
        0,
        0,
        0,
        0
      ]
    }
  ]
}
