{
  "results": [
    {
      "command": "at_picorv32_signals_10",
      "mean": 0.13546882166666668,
      "stddev": 0.0061862886235401135,
      "median": 0.134491364,
      "user": 0.11473493333333334,
      "system": 0.020493400000000002,
      "min": 0.129876922,
      "max": 0.15251884100000002,
      "times": [
        0.131863968,
        0.129975376,
        0.129876922,
        0.13657931,
        0.13535418300000002,
        0.13089450900000002,
        0.14476392800000001,
        0.15251884100000002,
        0.13961400100000002,
        0.13219234400000002,
        0.134491364,
        0.134566335,
        0.13260912500000002,
        0.130594918,
        0.136137201
      ],
      "exit_codes": [
        0,
        0,
        0,
        0,
        0,
        0,
        0,
        0,
        0,
        0,
        0,
        0,
        0,
        0,
        0
      ]
    }
  ]
}
