{
  "results": [
    {
      "command": "at_picorv32_signals_100",
      "mean": 0.44208398930000004,
      "stddev": 0.0014365247047746878,
      "median": 0.44223709200000005,
      "user": 0.3577512,
      "system": 0.053508599999999996,
      "min": 0.43965936200000005,
      "max": 0.44389280400000003,
      "times": [
        0.441586122,
        0.44334915300000005,
        0.44053236100000004,
        0.442888062,
        0.441112127,
        0.44342117000000003,
        0.44389280400000003,
        0.441261279,
        0.43965936200000005,
        0.443137453
      ],
      "exit_codes": [
        0,
        0,
        0,
        0,
        0,
        0,
        0,
        0,
        0,
        0
      ]
    }
  ]
}
