{
  "results": [
    {
      "command": "at_picorv32_signals_1",
      "mean": 0.09066621425,
      "stddev": 0.0018127720712635806,
      "median": 0.090183358,
      "user": 0.05092609999999999,
      "system": 0.023644299999999993,
      "min": 0.08874349100000001,
      "max": 0.09615058700000001,
      "times": [
        0.08874349100000001,
        0.088936313,
        0.089975937,
        0.089875496,
        0.091809841,
        0.09056364600000001,
        0.091072752,
        0.090081425,
        0.08940387100000001,
        0.090285291,
        0.08952273100000001,
        0.089086306,
        0.08888713100000001,
        0.091991155,
        0.09615058700000001,
        0.093581749,
        0.090944852,
        0.09232538600000001,
        0.090335966,
        0.089750359
      ],
      "exit_codes": [
        0,
        0,
        0,
        0,
        0,
        0,
        0,
        0,
        0,
        0,
        0,
        0,
        0,
        0,
        0,
        0,
        0,
        0,
        0,
        0
      ]
    }
  ]
}
