{
  "results": [
    {
      "command": "at_picorv32_signals_1000",
      "mean": 2.1045448123333337,
      "stddev": 0.0194708134514909,
      "median": 2.096232804,
      "user": 1.8785355,
      "system": 0.1939093333333333,
      "min": 2.094516352,
      "max": 2.144022101,
      "times": [
        2.094516352,
        2.095297607,
        2.096078683,
        2.100967206,
        2.096386925,
        2.144022101
      ],
      "exit_codes": [
        0,
        0,
        0,
        0,
        0,
        0
      ]
    }
  ]
}
