{
  "results": [
    {
      "command": "at_picorv32_signals_1",
      "mean": 0.09050897360000001,
      "stddev": 0.0014779215196294164,
      "median": 0.09076036850000001,
      "user": 0.05055639999999999,
      "system": 0.023153599999999996,
      "min": 0.088211723,
      "max": 0.09260719,
      "times": [
        0.09058545500000001,
        0.08822995700000001,
        0.08843239600000001,
        0.091938819,
        0.090754733,
        0.09030004100000001,
        0.08875347600000001,
        0.09177958,
        0.09186190500000001,
        0.088736625,
        0.09033038800000001,
        0.088828076,
        0.088211723,
        0.090840684,
        0.092324902,
        0.09260719,
        0.09076600400000001,
        0.091870001,
        0.09189456600000001,
        0.091132951
      ],
      "exit_codes": [
        0,
        0,
        0,
        0,
        0,
        0,
        0,
        0,
        0,
        0,
        0,
        0,
        0,
        0,
        0,
        0,
        0,
        0,
        0,
        0
      ]
    }
  ]
}
