{
  "results": [
    {
      "command": "at_picorv32_signals_10",
      "mean": 0.19083426466666667,
      "stddev": 0.0011979862631210229,
      "median": 0.190683339,
      "user": 0.1348285333333333,
      "system": 0.031052,
      "min": 0.189087222,
      "max": 0.19326483100000003,
      "times": [
        0.19042008500000002,
        0.190104073,
        0.19005833800000002,
        0.18910293,
        0.191973885,
        0.192758974,
        0.19326483100000003,
        0.19142087900000002,
        0.19135907300000002,
        0.18989361100000002,
        0.189087222,
        0.190683339,
        0.190361296,
        0.19108517200000003,
        0.190940262
      ],
      "exit_codes": [
        0,
        0,
        0,
        0,
        0,
        0,
        0,
        0,
        0,
        0,
        0,
        0,
        0,
        0,
        0
      ]
    }
  ]
}
