{
  "results": [
    {
      "command": "at_picorv32_signals_1000",
      "mean": 2.203291113166667,
      "stddev": 0.049721516754257684,
      "median": 2.195280825,
      "user": 1.9774031666666667,
      "system": 0.201391,
      "min": 2.143766974,
      "max": 2.295712357,
      "times": [
        2.295712357,
        2.143766974,
        2.193442787,
        2.196181408,
        2.194380242,
        2.196262911
      ],
      "exit_codes": [
        0,
        0,
        0,
        0,
        0,
        0
      ]
    }
  ]
}
