{
  "results": [
    {
      "command": "at_picorv32_signals_100",
      "mean": 0.4417327404000001,
      "stddev": 0.0020682135737912703,
      "median": 0.4409222035,
      "user": 0.35021230000000003,
      "system": 0.05003609999999999,
      "min": 0.43923695700000004,
      "max": 0.444830922,
      "times": [
        0.44075552100000004,
        0.43923695700000004,
        0.444789231,
        0.44400382000000005,
        0.444830922,
        0.44095299200000004,
        0.441828836,
        0.440891415,
        0.44010583400000003,
        0.43993187600000005
      ],
      "exit_codes": [
        0,
        0,
        0,
        0,
        0,
        0,
        0,
        0,
        0,
        0
      ]
    }
  ]
}
