{
  "results": [
    {
      "command": "at_picorv32_signals_100",
      "mean": 0.4399240803000001,
      "stddev": 0.0013567500275526905,
      "median": 0.43931324150000006,
      "user": 0.3687484,
      "system": 0.05344209999999999,
      "min": 0.43830712000000005,
      "max": 0.442308338,
      "times": [
        0.438913482,
        0.438928038,
        0.43939633600000005,
        0.44163230200000003,
        0.442308338,
        0.439230147,
        0.440019875,
        0.43830712000000005,
        0.43916833200000005,
        0.44133683300000004
      ],
      "exit_codes": [
        0,
        0,
        0,
        0,
        0,
        0,
        0,
        0,
        0,
        0
      ]
    }
  ]
}
