{
  "results": [
    {
      "command": "at_picorv32_signals_100",
      "mean": 0.3591289539,
      "stddev": 0.007117474387979199,
      "median": 0.35762745,
      "user": 0.3197793,
      "system": 0.03908639999999999,
      "min": 0.34946739800000004,
      "max": 0.374216529,
      "times": [
        0.354896138,
        0.34946739800000004,
        0.36237479300000003,
        0.357538784,
        0.354236622,
        0.358551783,
        0.35771611600000003,
        0.355247978,
        0.374216529,
        0.367043398
      ],
      "exit_codes": [
        0,
        0,
        0,
        0,
        0,
        0,
        0,
        0,
        0,
        0
      ]
    }
  ]
}
