{
  "results": [
    {
      "command": "at_picorv32_signals_10",
      "mean": 0.1908730044666667,
      "stddev": 0.0019010653366096737,
      "median": 0.19070331100000001,
      "user": 0.1354423333333333,
      "system": 0.029996933333333333,
      "min": 0.187391467,
      "max": 0.19527951400000002,
      "times": [
        0.188164567,
        0.190322829,
        0.19192323700000002,
        0.18990242000000002,
        0.187391467,
        0.19110822800000002,
        0.190615692,
        0.19359899600000002,
        0.18980523200000002,
        0.19527951400000002,
        0.191291543,
        0.190626663,
        0.19070331100000001,
        0.19084288400000002,
        0.19151848400000002
      ],
      "exit_codes": [
        0,
        0,
        0,
        0,
        0,
        0,
        0,
        0,
        0,
        0,
        0,
        0,
        0,
        0,
        0
      ]
    }
  ]
}
