{
  "results": [
    {
      "command": "at_picorv32_signals_10",
      "mean": 0.19033117373333336,
      "stddev": 0.001732018418006187,
      "median": 0.18977832900000002,
      "user": 0.13938413333333333,
      "system": 0.030189133333333337,
      "min": 0.18817266300000002,
      "max": 0.19329631400000002,
      "times": [
        0.19329631400000002,
        0.192132606,
        0.190070386,
        0.189778519,
        0.18817266300000002,
        0.19264086800000002,
        0.189772619,
        0.188387206,
        0.19285116200000002,
        0.18977832900000002,
        0.188927026,
        0.189026723,
        0.18872233400000002,
        0.19177902500000002,
        0.189631826
      ],
      "exit_codes": [
        0,
        0,
        0,
        0,
        0,
        0,
        0,
        0,
        0,
        0,
        0,
        0,
        0,
        0,
        0
      ]
    }
  ]
}
