{
  "results": [
    {
      "command": "at_picorv32_signals_1",
      "mean": 0.0899402127,
      "stddev": 0.0017532019640314382,
      "median": 0.09004099900000001,
      "user": 0.0516613,
      "system": 0.0220504,
      "min": 0.08756261500000001,
      "max": 0.09281945500000001,
      "times": [
        0.09086796100000001,
        0.091630979,
        0.08826966800000001,
        0.088029729,
        0.08757113100000001,
        0.08845391300000001,
        0.08844929500000001,
        0.09281945500000001,
        0.091968482,
        0.089581904,
        0.090563502,
        0.091150881,
        0.090855739,
        0.08756261500000001,
        0.08802473000000001,
        0.089731054,
        0.09240092200000001,
        0.09215493100000001,
        0.090350944,
        0.088366419
      ],
      "exit_codes": [
        0,
        0,
        0,
        0,
        0,
        0,
        0,
        0,
        0,
        0,
        0,
        0,
        0,
        0,
        0,
        0,
        0,
        0,
        0,
        0
      ]
    }
  ]
}
