{
  "results": [
    {
      "command": "at_picorv32_signals_1",
      "mean": 0.0444863902,
      "stddev": 0.0019887969640952764,
      "median": 0.043995117,
      "user": 0.029703249999999997,
      "system": 0.014558199999999999,
      "min": 0.042235442000000005,
      "max": 0.049667318,
      "times": [
        0.045587889,
        0.049667318,
        0.044781136000000006,
        0.044103695000000005,
        0.042301546,
        0.045410306000000004,
        0.042783220000000004,
        0.042235442000000005,
        0.043437076000000005,
        0.044875102,
        0.043334583,
        0.042778800000000006,
        0.042910148,
        0.042646593000000003,
        0.043886539,
        0.046625735,
        0.043409354000000004,
        0.045890656,
        0.048185320000000004,
        0.044877346000000005
      ],
      "exit_codes": [
        0,
        0,
        0,
        0,
        0,
        0,
        0,
        0,
        0,
        0,
        0,
        0,
        0,
        0,
        0,
        0,
        0,
        0,
        0,
        0
      ]
    }
  ]
}
