{
  "results": [
    {
      "command": "at_picorv32_signals_1000",
      "mean": 2.1116949220000003,
      "stddev": 0.026058635359271394,
      "median": 2.0966203465,
      "user": 1.914367333333333,
      "system": 0.1871635,
      "min": 2.093226846,
      "max": 2.145243038,
      "times": [
        2.093230565,
        2.09452215,
        2.098718543,
        2.145243038,
        2.14522839,
        2.093226846
      ],
      "exit_codes": [
        0,
        0,
        0,
        0,
        0,
        0
      ]
    }
  ]
}
