{
  "results": [
    {
      "command": "at_picorv32_signals_1000",
      "mean": 1.9655218683333333,
      "stddev": 0.012345708391047238,
      "median": 1.9656605085,
      "user": 1.7964898333333332,
      "system": 0.16849916666666667,
      "min": 1.949409839,
      "max": 1.981568875,
      "times": [
        1.981568875,
        1.970475543,
        1.949409839,
        1.960845474,
        1.975379388,
        1.9554520910000002
      ],
      "exit_codes": [
        0,
        0,
        0,
        0,
        0,
        0
      ]
    }
  ]
}
