{
  "results": [
    {
      "command": "at_scr1_signals_1",
      "mean": 0.057238685850000005,
      "stddev": 0.0013510900017682905,
      "median": 0.057323067000000005,
      "user": 0.030224049999999995,
      "system": 0.015039549999999999,
      "min": 0.055041360000000004,
      "max": 0.06021953000000001,
      "times": [
        0.057605103000000005,
        0.055041360000000004,
        0.058377506,
        0.058263833,
        0.056169965,
        0.06021953000000001,
        0.055939763,
        0.057825443000000004,
        0.055881208,
        0.05521945,
        0.05625884900000001,
        0.059491662,
        0.058299243,
        0.057556885,
        0.057089249,
        0.057982291000000005,
        0.057001376000000006,
        0.057639369,
        0.056217036000000005,
        0.05669459600000001
      ],
      "exit_codes": [
        0,
        0,
        0,
        0,
        0,
        0,
        0,
        0,
        0,
        0,
        0,
        0,
        0,
        0,
        0,
        0,
        0,
        0,
        0,
        0
      ]
    }
  ]
}
