{
  "results": [
    {
      "command": "at_scr1_signals_10",
      "mean": 0.018932482933333335,
      "stddev": 0.0008157644783500815,
      "median": 0.019094176,
      "user": 0.010486266666666666,
      "system": 0.008268866666666668,
      "min": 0.017362629,
      "max": 0.020321328,
      "times": [
        0.020321328,
        0.01830154,
        0.018456311,
        0.01759238,
        0.018295628,
        0.017362629,
        0.019737923,
        0.019409648,
        0.019094176,
        0.019796904,
        0.018775509000000003,
        0.019134802000000003,
        0.019264545,
        0.018994188000000002,
        0.019449733
      ],
      "exit_codes": [
        0,
        0,
        0,
        0,
        0,
        0,
        0,
        0,
        0,
        0,
        0,
        0,
        0,
        0,
        0
      ]
    }
  ]
}
