{
  "results": [
    {
      "command": "at_scr1_signals_100",
      "mean": 0.05687573950000001,
      "stddev": 0.0014810455507270127,
      "median": 0.056488179,
      "user": 0.030496199999999994,
      "system": 0.0154707,
      "min": 0.054660367,
      "max": 0.058826630000000005,
      "times": [
        0.054660367,
        0.05639746,
        0.058826630000000005,
        0.055926318,
        0.058733055000000006,
        0.056578898,
        0.055411902000000006,
        0.056225469,
        0.057201087000000005,
        0.058796209
      ],
      "exit_codes": [
        0,
        0,
        0,
        0,
        0,
        0,
        0,
        0,
        0,
        0
      ]
    }
  ]
}
