{
  "results": [
    {
      "command": "at_scr1_signals_1000",
      "mean": 0.39116916866666673,
      "stddev": 0.001813668932287216,
      "median": 0.39048483050000005,
      "user": 0.3193263333333333,
      "system": 0.03972333333333333,
      "min": 0.38965903500000004,
      "max": 0.39414509400000003,
      "times": [
        0.390852784,
        0.39255208,
        0.38965903500000004,
        0.39011687700000003,
        0.38968914200000004,
        0.39414509400000003
      ],
      "exit_codes": [
        0,
        0,
        0,
        0,
        0,
        0
      ]
    }
  ]
}
