{
  "results": [
    {
      "command": "at_scr1_signals_10",
      "mean": 0.05769660546666666,
      "stddev": 0.001554349446716805,
      "median": 0.057574738,
      "user": 0.030464,
      "system": 0.015866599999999998,
      "min": 0.055426135,
      "max": 0.059531801,
      "times": [
        0.057574738,
        0.059472500000000005,
        0.059232160000000006,
        0.059419370000000006,
        0.059531801,
        0.05764460800000001,
        0.057373311,
        0.055426135,
        0.0589601,
        0.05930714,
        0.055865939,
        0.05570408600000001,
        0.05562629,
        0.057552766000000005,
        0.05675813800000001
      ],
      "exit_codes": [
        0,
        0,
        0,
        0,
        0,
        0,
        0,
        0,
        0,
        0,
        0,
        0,
        0,
        0,
        0
      ]
    }
  ]
}
