{
  "results": [
    {
      "command": "at_scr1_signals_100",
      "mean": 0.05817329880000001,
      "stddev": 0.001992713968488079,
      "median": 0.057659546000000006,
      "user": 0.031219399999999998,
      "system": 0.015486,
      "min": 0.056180046000000004,
      "max": 0.062815488,
      "times": [
        0.056454911,
        0.059922993,
        0.056920132000000005,
        0.057040467000000004,
        0.056180046000000004,
        0.057280527000000005,
        0.058177196,
        0.062815488,
        0.058902663,
        0.058038565
      ],
      "exit_codes": [
        0,
        0,
        0,
        0,
        0,
        0,
        0,
        0,
        0,
        0
      ]
    }
  ]
}
