{
  "results": [
    {
      "command": "at_scr1_signals_10",
      "mean": 0.05828678633333333,
      "stddev": 0.0010388160052189682,
      "median": 0.058116566,
      "user": 0.031226066666666667,
      "system": 0.015602,
      "min": 0.056096845000000006,
      "max": 0.06014825100000001,
      "times": [
        0.059327581000000004,
        0.059121886000000005,
        0.060049633000000005,
        0.058107018,
        0.057346570000000006,
        0.057717260000000006,
        0.058051138,
        0.058137578,
        0.058060286,
        0.058146816000000004,
        0.058116566,
        0.058321881000000006,
        0.05755248600000001,
        0.056096845000000006,
        0.06014825100000001
      ],
      "exit_codes": [
        0,
        0,
        0,
        0,
        0,
        0,
        0,
        0,
        0,
        0,
        0,
        0,
        0,
        0,
        0
      ]
    }
  ]
}
