{
  "results": [
    {
      "command": "at_scr1_signals_100",
      "mean": 0.057083715800000004,
      "stddev": 0.0019717609546519473,
      "median": 0.0566752715,
      "user": 0.0305292,
      "system": 0.0149835,
      "min": 0.054474882,
      "max": 0.061889753000000006,
      "times": [
        0.056500784000000005,
        0.0575186,
        0.056623334000000004,
        0.056015296000000006,
        0.054474882,
        0.057477302,
        0.057981176,
        0.061889753000000006,
        0.055628822,
        0.056727209
      ],
      "exit_codes": [
        0,
        0,
        0,
        0,
        0,
        0,
        0,
        0,
        0,
        0
      ]
    }
  ]
}
