{
  "results": [
    {
      "command": "at_scr1_signals_1",
      "mean": 0.057396678700000016,
      "stddev": 0.0018012849922478327,
      "median": 0.057417101500000005,
      "user": 0.031204199999999998,
      "system": 0.014848400000000003,
      "min": 0.05430219100000001,
      "max": 0.061460400000000005,
      "times": [
        0.056228176000000005,
        0.057548407,
        0.05728579600000001,
        0.05430219100000001,
        0.054506825,
        0.055951197,
        0.058503175000000004,
        0.061460400000000005,
        0.058575891000000005,
        0.056986787000000004,
        0.05628157600000001,
        0.058428325,
        0.058227228000000006,
        0.055235378,
        0.060025555,
        0.058506221000000004,
        0.055975965,
        0.059116163000000006,
        0.057122089,
        0.057666229000000006
      ],
      "exit_codes": [
        0,
        0,
        0,
        0,
        0,
        0,
        0,
        0,
        0,
        0,
        0,
        0,
        0,
        0,
        0,
        0,
        0,
        0,
        0,
        0
      ]
    }
  ]
}
