{
  "results": [
    {
      "command": "at_scr1_signals_1000",
      "mean": 0.3194848925,
      "stddev": 0.007394490837150637,
      "median": 0.31842525200000005,
      "user": 0.2888978333333333,
      "system": 0.030338833333333332,
      "min": 0.31175046,
      "max": 0.328331464,
      "times": [
        0.311901674,
        0.328075253,
        0.328331464,
        0.317486096,
        0.31175046,
        0.31936440800000004
      ],
      "exit_codes": [
        0,
        0,
        0,
        0,
        0,
        0
      ]
    }
  ]
}
