{
  "results": [
    {
      "command": "at_scr1_signals_1",
      "mean": 0.018931733149999998,
      "stddev": 0.001187220126749005,
      "median": 0.018803390500000003,
      "user": 0.010647150000000001,
      "system": 0.008092249999999999,
      "min": 0.017228428,
      "max": 0.021342051,
      "times": [
        0.020101335,
        0.019280936000000002,
        0.020155878000000002,
        0.018432285,
        0.018840009,
        0.020816536,
        0.020058955,
        0.02002939,
        0.018603136000000003,
        0.017294131,
        0.018766772,
        0.017238396,
        0.018959113,
        0.017775053000000002,
        0.017228428,
        0.017880401,
        0.019036969,
        0.018603496,
        0.021342051,
        0.018191393
      ],
      "exit_codes": [
        0,
        0,
        0,
        0,
        0,
        0,
        0,
        0,
        0,
        0,
        0,
        0,
        0,
        0,
        0,
        0,
        0,
        0,
        0,
        0
      ]
    }
  ]
}
