{
  "results": [
    {
      "command": "at_scr1_signals_1",
      "mean": 0.057242416650000016,
      "stddev": 0.0010608199948880792,
      "median": 0.057373623,
      "user": 0.029658300000000005,
      "system": 0.015554249999999995,
      "min": 0.055255844000000005,
      "max": 0.05990828300000001,
      "times": [
        0.05699263500000001,
        0.057777504,
        0.057643063,
        0.057739303000000006,
        0.055255844000000005,
        0.058042391000000006,
        0.05779465600000001,
        0.057518168,
        0.055534055000000006,
        0.057203951,
        0.05834674,
        0.057734904000000004,
        0.057801910000000005,
        0.056835010000000005,
        0.05990828300000001,
        0.056341736,
        0.057229078,
        0.056935879,
        0.056426375,
        0.05578684800000001
      ],
      "exit_codes": [
        0,
        0,
        0,
        0,
        0,
        0,
        0,
        0,
        0,
        0,
        0,
        0,
        0,
        0,
        0,
        0,
        0,
        0,
        0,
        0
      ]
    }
  ]
}
