{
  "results": [
    {
      "command": "at_scr1_signals_10",
      "mean": 0.05712396913333335,
      "stddev": 0.001034018789931089,
      "median": 0.056707282000000005,
      "user": 0.029975399999999996,
      "system": 0.015316600000000001,
      "min": 0.05575004,
      "max": 0.059360828000000004,
      "times": [
        0.057857845000000005,
        0.057780249000000006,
        0.05575004,
        0.056743849000000006,
        0.056363447000000004,
        0.059360828000000004,
        0.057890145000000004,
        0.056301732,
        0.05643399,
        0.056707282000000005,
        0.056661726,
        0.058324849000000005,
        0.056470388,
        0.058199514,
        0.056013653000000004
      ],
      "exit_codes": [
        0,
        0,
        0,
        0,
        0,
        0,
        0,
        0,
        0,
        0,
        0,
        0,
        0,
        0,
        0
      ]
    }
  ]
}
