{
  "results": [
    {
      "command": "at_scr1_signals_1000",
      "mean": 0.3910276736666667,
      "stddev": 0.0012551040657242077,
      "median": 0.39108480700000003,
      "user": 0.3232601666666666,
      "system": 0.040197666666666666,
      "min": 0.38923205400000005,
      "max": 0.392728772,
      "times": [
        0.39175001600000003,
        0.39050195000000004,
        0.390285586,
        0.391667664,
        0.38923205400000005,
        0.392728772
      ],
      "exit_codes": [
        0,
        0,
        0,
        0,
        0,
        0
      ]
    }
  ]
}
