{
  "results": [
    {
      "command": "at_scr1_signals_1000",
      "mean": 0.39119520800000007,
      "stddev": 0.0006049107594741537,
      "median": 0.39125956250000005,
      "user": 0.32475383333333335,
      "system": 0.043992166666666666,
      "min": 0.390497278,
      "max": 0.392211556,
      "times": [
        0.391282214,
        0.39128806600000005,
        0.392211556,
        0.391236911,
        0.39065522300000005,
        0.390497278
      ],
      "exit_codes": [
        0,
        0,
        0,
        0,
        0,
        0
      ]
    }
  ]
}
