{
  "results": [
    {
      "command": "at_scr1_signals_100",
      "mean": 0.019115774699999998,
      "stddev": 0.0010657748111359117,
      "median": 0.0188730915,
      "user": 0.011224299999999998,
      "system": 0.007708999999999999,
      "min": 0.017843602,
      "max": 0.021270938,
      "times": [
        0.021270938,
        0.018926822000000003,
        0.018660272000000002,
        0.017843602,
        0.018627050000000003,
        0.017855353,
        0.019771306000000002,
        0.018819361,
        0.019096341000000003,
        0.020286702
      ],
      "exit_codes": [
        0,
        0,
        0,
        0,
        0,
        0,
        0,
        0,
        0,
        0
      ]
    }
  ]
}
