{
  "results": [
    {
      "command": "change_chipyard_clusteredrocketconfig_dhrystone_signals_10_window_32us_trigger_any",
      "mean": 0.198665375,
      "stddev": 0.022642400903607054,
      "median": 0.188402113,
      "user": 0.1286078,
      "system": 0.05852339999999999,
      "min": 0.187774818,
      "max": 0.239133529,
      "times": [
        0.187774818,
        0.239133529,
        0.190144262,
        0.18787215300000001,
        0.188402113
      ],
      "exit_codes": [
        0,
        0,
        0,
        0,
        0
      ]
    }
  ]
}
