{
  "results": [
    {
      "command": "change_scr1_signals_10_window_8ns_trigger_any",
      "mean": 0.05721434066666667,
      "stddev": 0.000995079613551726,
      "median": 0.057247622000000005,
      "user": 0.03621866666666666,
      "system": 0.016945333333333333,
      "min": 0.055818048,
      "max": 0.058700219000000005,
      "times": [
        0.055818048,
        0.056101049,
        0.056814819,
        0.057766507,
        0.057964007000000005,
        0.056394370000000006,
        0.058700219000000005,
        0.058122425000000005,
        0.057247622000000005
      ],
      "exit_codes": [
        0,
        0,
        0,
        0,
        0,
        0,
        0,
        0,
        0
      ]
    }
  ]
}
