{
  "results": [
    {
      "command": "change_scr1_signals_10_window_4ns_trigger_posedge_clk",
      "mean": 0.056967703888888895,
      "stddev": 0.0015367893618827093,
      "median": 0.056466293,
      "user": 0.03721544444444444,
      "system": 0.016516777777777776,
      "min": 0.055160047000000004,
      "max": 0.05956163800000001,
      "times": [
        0.055166308000000004,
        0.056995118000000004,
        0.05956163800000001,
        0.05835243700000001,
        0.058519638000000006,
        0.056128224000000004,
        0.055160047000000004,
        0.05635963200000001,
        0.056466293
      ],
      "exit_codes": [
        0,
        0,
        0,
        0,
        0,
        0,
        0,
        0,
        0
      ]
    }
  ]
}
