{
  "results": [
    {
      "command": "change_scr1_signals_100_window_4ns_trigger_signal",
      "mean": 0.18965570183333336,
      "stddev": 0.0006221961643216445,
      "median": 0.1897289325,
      "user": 0.1451373333333333,
      "system": 0.024624166666666666,
      "min": 0.18869865800000002,
      "max": 0.19034130300000002,
      "times": [
        0.19023181700000003,
        0.19034130300000002,
        0.18869865800000002,
        0.18920456800000002,
        0.189687084,
        0.189770781
      ],
      "exit_codes": [
        0,
        0,
        0,
        0,
        0,
        0
      ]
    }
  ]
}
