{
  "results": [
    {
      "command": "change_chipyard_clusteredrocketconfig_dhrystone_signals_100_window_32us_trigger_any",
      "mean": 0.2807419666,
      "stddev": 0.02312647041770696,
      "median": 0.29035795400000003,
      "user": 0.1862782,
      "system": 0.0661698,
      "min": 0.23940535000000002,
      "max": 0.292568816,
      "times": [
        0.29024397100000005,
        0.29035795400000003,
        0.23940535000000002,
        0.29113374200000003,
        0.292568816
      ],
      "exit_codes": [
        0,
        0,
        0,
        0,
        0
      ]
    }
  ]
}
