{
  "results": [
    {
      "command": "change_chipyard_dualrocketconfig_dhrystone_signals_10_window_2us_trigger_signal",
      "mean": 0.2405219134,
      "stddev": 0.0009116028544973975,
      "median": 0.240238366,
      "user": 0.148616,
      "system": 0.06666720000000001,
      "min": 0.23959254400000002,
      "max": 0.24201408200000002,
      "times": [
        0.23959254400000002,
        0.24062144700000002,
        0.240143128,
        0.24201408200000002,
        0.240238366
      ],
      "exit_codes": [
        0,
        0,
        0,
        0,
        0
      ]
    }
  ]
}
