{
  "results": [
    {
      "command": "change_chipyard_clusteredrocketconfig_dhrystone_signals_1_window_8us_trigger_posedge_clk",
      "mean": 0.280957625,
      "stddev": 0.023765314147276548,
      "median": 0.290759378,
      "user": 0.1725264,
      "system": 0.0744628,
      "min": 0.238485,
      "max": 0.292622687,
      "times": [
        0.238485,
        0.29034996900000004,
        0.290759378,
        0.292622687,
        0.292571091
      ],
      "exit_codes": [
        0,
        0,
        0,
        0,
        0
      ]
    }
  ]
}
