{
  "results": [
    {
      "command": "change_chipyard_dualrocketconfig_dhrystone_signals_10_window_8us_trigger_signal",
      "mean": 0.2409547892,
      "stddev": 0.0007587411523113167,
      "median": 0.24119949200000002,
      "user": 0.1490046,
      "system": 0.0634068,
      "min": 0.24012100800000002,
      "max": 0.24176527900000003,
      "times": [
        0.24176527900000003,
        0.24119949200000002,
        0.240185951,
        0.24012100800000002,
        0.24150221600000002
      ],
      "exit_codes": [
        0,
        0,
        0,
        0,
        0
      ]
    }
  ]
}
