{
  "results": [
    {
      "command": "change_picorv32_signals_10_window_2us_trigger_any",
      "mean": 0.1411928052,
      "stddev": 0.0012977841066187392,
      "median": 0.141348853,
      "user": 0.0872692,
      "system": 0.0254948,
      "min": 0.139208346,
      "max": 0.142388323,
      "times": [
        0.139208346,
        0.142388323,
        0.142265891,
        0.140752613,
        0.141348853
      ],
      "exit_codes": [
        0,
        0,
        0,
        0,
        0
      ]
    }
  ]
}
