{
  "results": [
    {
      "command": "change_chipyard_clusteredrocketconfig_dhrystone_signals_10_window_32us_trigger_posedge_clk",
      "mean": 0.2192403924,
      "stddev": 0.02778538141818824,
      "median": 0.23736399200000002,
      "user": 0.13546699999999998,
      "system": 0.05623279999999999,
      "min": 0.188636514,
      "max": 0.241409007,
      "times": [
        0.241409007,
        0.18905191500000001,
        0.23736399200000002,
        0.239740534,
        0.188636514
      ],
      "exit_codes": [
        0,
        0,
        0,
        0,
        0
      ]
    }
  ]
}
