{
  "results": [
    {
      "command": "change_scr1_signals_100_window_4ns_trigger_any",
      "mean": 0.19140446783333334,
      "stddev": 0.0010480721344482793,
      "median": 0.19131859150000002,
      "user": 0.1310663333333333,
      "system": 0.025677500000000002,
      "min": 0.190200527,
      "max": 0.19281853300000001,
      "times": [
        0.19077874,
        0.190535324,
        0.19185844300000002,
        0.190200527,
        0.19281853300000001,
        0.19223524
      ],
      "exit_codes": [
        0,
        0,
        0,
        0,
        0,
        0
      ]
    }
  ]
}
