{
  "results": [
    {
      "command": "change_picorv32_signals_100_window_2000000_trigger_posedge_clk",
      "mean": 46.863674696,
      "stddev": null,
      "median": 46.863674696,
      "user": 46.275774999999996,
      "system": 0.595607,
      "min": 46.863674696,
      "max": 46.863674696,
      "times": [
        46.863674696
      ],
      "exit_codes": [
        0
      ]
    }
  ]
}
