{
  "results": [
    {
      "command": "change_scr1_signals_10_window_8ns_trigger_signal",
      "mean": 0.05622070288888889,
      "stddev": 0.0010813404224065434,
      "median": 0.056045027000000004,
      "user": 0.03719177777777778,
      "system": 0.015486666666666664,
      "min": 0.055127590000000004,
      "max": 0.058905253000000005,
      "times": [
        0.056177315000000005,
        0.055940141000000006,
        0.055127590000000004,
        0.056172305000000006,
        0.058905253000000005,
        0.055369312000000004,
        0.055906097,
        0.056343286000000006,
        0.056045027000000004
      ],
      "exit_codes": [
        0,
        0,
        0,
        0,
        0,
        0,
        0,
        0,
        0
      ]
    }
  ]
}
