{
  "results": [
    {
      "command": "change_scr1_signals_10_pos_50_window_8000_trigger_posedge_clk",
      "mean": 1.1859007522222222,
      "stddev": 0.015528304504510685,
      "median": 1.179784511,
      "user": 1.146195111111111,
      "system": 0.03922222222222222,
      "min": 1.169807929,
      "max": 1.214657702,
      "times": [
        1.20297352,
        1.173717641,
        1.194283569,
        1.169807929,
        1.179784511,
        1.189719244,
        1.173209926,
        1.214657702,
        1.174952728
      ],
      "exit_codes": [
        0,
        0,
        0,
        0,
        0,
        0,
        0,
        0,
        0
      ]
    }
  ]
}
