{
  "results": [
    {
      "command": "change_chipyard_dualrocketconfig_dhrystone_signals_10_window_2us_trigger_any",
      "mean": 0.18972270500000002,
      "stddev": 0.000653539273996604,
      "median": 0.189707174,
      "user": 0.13040120000000002,
      "system": 0.050205999999999994,
      "min": 0.189039123,
      "max": 0.19059951400000003,
      "times": [
        0.189707174,
        0.19059951400000003,
        0.189039123,
        0.190111532,
        0.189156182
      ],
      "exit_codes": [
        0,
        0,
        0,
        0,
        0
      ]
    }
  ]
}
