{
  "results": [
    {
      "command": "change_chipyard_dualrocketconfig_dhrystone_signals_100_window_32us_trigger_any",
      "mean": 0.19905635340000002,
      "stddev": 0.022339744955840228,
      "median": 0.18992935700000002,
      "user": 0.12624019999999997,
      "system": 0.057253399999999996,
      "min": 0.187931271,
      "max": 0.23898692900000001,
      "times": [
        0.188470509,
        0.187931271,
        0.23898692900000001,
        0.189963701,
        0.18992935700000002
      ],
      "exit_codes": [
        0,
        0,
        0,
        0,
        0
      ]
    }
  ]
}
