{
  "results": [
    {
      "command": "change_scr1_signals_10_pos_50_window_4000_trigger_posedge_clk",
      "mean": 1.1871056176666666,
      "stddev": 0.012082690065645644,
      "median": 1.182781291,
      "user": 1.1517951111111109,
      "system": 0.03488666666666666,
      "min": 1.1720676110000001,
      "max": 1.211196431,
      "times": [
        1.211196431,
        1.182781291,
        1.186830153,
        1.192461891,
        1.198895893,
        1.1764601,
        1.1720676110000001,
        1.1807275640000001,
        1.182529625
      ],
      "exit_codes": [
        0,
        0,
        0,
        0,
        0,
        0,
        0,
        0,
        0
      ]
    }
  ]
}
