{
  "results": [
    {
      "command": "change_picorv32_signals_1_window_8us_trigger_posedge_clk",
      "mean": 0.1425571974,
      "stddev": 0.0018954419982527293,
      "median": 0.14237349100000002,
      "user": 0.06804980000000001,
      "system": 0.029314800000000002,
      "min": 0.140116305,
      "max": 0.144558463,
      "times": [
        0.144314506,
        0.14142322200000002,
        0.140116305,
        0.144558463,
        0.14237349100000002
      ],
      "exit_codes": [
        0,
        0,
        0,
        0,
        0
      ]
    }
  ]
}
