{
  "results": [
    {
      "command": "change_scr1_signals_10_window_8ns_trigger_signal",
      "mean": 0.06542371122222224,
      "stddev": 0.01403731040488312,
      "median": 0.058608087,
      "user": 0.037718111111111105,
      "system": 0.019331222222222222,
      "min": 0.05716707100000001,
      "max": 0.090426432,
      "times": [
        0.090426432,
        0.059256986000000005,
        0.08982369100000001,
        0.060271821,
        0.05716707100000001,
        0.058608087,
        0.057477844,
        0.057732603,
        0.058048866000000005
      ],
      "exit_codes": [
        0,
        0,
        0,
        0,
        0,
        0,
        0,
        0,
        0
      ]
    }
  ]
}
