{
  "results": [
    {
      "command": "change_scr1_signals_100_window_2ns_trigger_posedge_clk",
      "mean": 0.19041915833333334,
      "stddev": 0.0014399988597214467,
      "median": 0.18980787050000003,
      "user": 0.14549383333333332,
      "system": 0.024178166666666667,
      "min": 0.18902243500000002,
      "max": 0.192457797,
      "times": [
        0.192457797,
        0.18941785800000002,
        0.18902243500000002,
        0.18987326300000001,
        0.18974247800000002,
        0.19200111900000003
      ],
      "exit_codes": [
        0,
        0,
        0,
        0,
        0,
        0
      ]
    }
  ]
}
