{
  "results": [
    {
      "command": "change_chipyard_clusteredrocketconfig_dhrystone_signals_100_window_8us_trigger_posedge_clk",
      "mean": 0.2392972088,
      "stddev": 0.001056331570714279,
      "median": 0.23952392500000003,
      "user": 0.17037539999999998,
      "system": 0.0578818,
      "min": 0.23760423900000002,
      "max": 0.24045739400000002,
      "times": [
        0.23952392500000003,
        0.23917372,
        0.24045739400000002,
        0.23760423900000002,
        0.239726766
      ],
      "exit_codes": [
        0,
        0,
        0,
        0,
        0
      ]
    }
  ]
}
