{
  "results": [
    {
      "command": "change_picorv32_signals_1_window_8us_trigger_any",
      "mean": 0.0902558306,
      "stddev": 0.000783938943587,
      "median": 0.090503556,
      "user": 0.0417484,
      "system": 0.0210502,
      "min": 0.088904673,
      "max": 0.09093783200000001,
      "times": [
        0.090559601,
        0.090373491,
        0.09093783200000001,
        0.088904673,
        0.090503556
      ],
      "exit_codes": [
        0,
        0,
        0,
        0,
        0
      ]
    }
  ]
}
