{
  "results": [
    {
      "command": "change_scr1_signals_10_window_2ns_trigger_posedge_clk",
      "mean": 0.05618282711111111,
      "stddev": 0.0012577596320855046,
      "median": 0.055878719,
      "user": 0.036121888888888884,
      "system": 0.015912999999999997,
      "min": 0.054574957,
      "max": 0.058405935000000006,
      "times": [
        0.058405935000000006,
        0.054574957,
        0.055607682000000005,
        0.055148331,
        0.055262284,
        0.056874375000000005,
        0.056190774000000006,
        0.055878719,
        0.057702387
      ],
      "exit_codes": [
        0,
        0,
        0,
        0,
        0,
        0,
        0,
        0,
        0
      ]
    }
  ]
}
