{
  "results": [
    {
      "command": "change_scr1_signals_10_window_4ns_trigger_signal",
      "mean": 0.06406119433333334,
      "stddev": 0.014347816531099403,
      "median": 0.056915247,
      "user": 0.03817788888888888,
      "system": 0.016687333333333332,
      "min": 0.05576371,
      "max": 0.089478733,
      "times": [
        0.05638858,
        0.058040443000000004,
        0.056915247,
        0.056688663,
        0.089478733,
        0.057354439,
        0.056711355000000005,
        0.05576371,
        0.08920957900000001
      ],
      "exit_codes": [
        0,
        0,
        0,
        0,
        0,
        0,
        0,
        0,
        0
      ]
    }
  ]
}
