{
  "results": [
    {
      "command": "change_chipyard_dualrocketconfig_dhrystone_signals_10_window_2000000_trigger_signal",
      "mean": 300.037899864,
      "stddev": null,
      "median": 300.037899864,
      "user": 291.382907,
      "system": 8.944312,
      "min": 300.037899864,
      "max": 300.037899864,
      "times": [
        300.037899864
      ],
      "exit_codes": [
        0
      ]
    }
  ]
}
