{
  "results": [
    {
      "command": "change_picorv32_signals_1_window_8us_trigger_signal",
      "mean": 0.0888977612,
      "stddev": 0.000709591210804997,
      "median": 0.089076021,
      "user": 0.051084,
      "system": 0.023114399999999997,
      "min": 0.08780787500000001,
      "max": 0.08952357000000001,
      "times": [
        0.089076021,
        0.08946609200000001,
        0.08861524800000001,
        0.08780787500000001,
        0.08952357000000001
      ],
      "exit_codes": [
        0,
        0,
        0,
        0,
        0
      ]
    }
  ]
}
