{
  "results": [
    {
      "command": "change_chipyard_dualrocketconfig_dhrystone_signals_100_window_2us_trigger_signal",
      "mean": 0.241540448,
      "stddev": 0.001783564724126936,
      "median": 0.24198264400000002,
      "user": 0.1490396,
      "system": 0.06812539999999999,
      "min": 0.23873951200000001,
      "max": 0.24351849,
      "times": [
        0.24232177800000002,
        0.241139816,
        0.23873951200000001,
        0.24198264400000002,
        0.24351849
      ],
      "exit_codes": [
        0,
        0,
        0,
        0,
        0
      ]
    }
  ]
}
