{
  "results": [
    {
      "command": "change_picorv32_signals_100_pos_50_window_2000_trigger_any",
      "mean": 1.3025125368333332,
      "stddev": 0.007455599917174037,
      "median": 1.3025345005,
      "user": 1.2491169999999998,
      "system": 0.052831499999999997,
      "min": 1.29115867,
      "max": 1.311319264,
      "times": [
        1.300336276,
        1.304732725,
        1.309179987,
        1.29115867,
        1.311319264,
        1.2983482990000002
      ],
      "exit_codes": [
        0,
        0,
        0,
        0,
        0,
        0
      ]
    }
  ]
}
