{
  "results": [
    {
      "command": "change_chipyard_dualrocketconfig_dhrystone_signals_10_window_32us_trigger_any",
      "mean": 0.1897491682,
      "stddev": 0.0009309942281908642,
      "median": 0.18999838500000002,
      "user": 0.1211034,
      "system": 0.055313999999999995,
      "min": 0.188790805,
      "max": 0.19089335500000001,
      "times": [
        0.19089335500000001,
        0.190267392,
        0.18999838500000002,
        0.18879590400000001,
        0.188790805
      ],
      "exit_codes": [
        0,
        0,
        0,
        0,
        0
      ]
    }
  ]
}
