{
  "results": [
    {
      "command": "change_scr1_signals_10_pos_50_window_2000_trigger_posedge_clk",
      "mean": 1.1854061786666668,
      "stddev": 0.006958427509074668,
      "median": 1.183961202,
      "user": 1.146281222222222,
      "system": 0.03855066666666666,
      "min": 1.17747765,
      "max": 1.199043824,
      "times": [
        1.199043824,
        1.186187637,
        1.18244612,
        1.183961202,
        1.178917264,
        1.17747765,
        1.193886545,
        1.184903364,
        1.181832002
      ],
      "exit_codes": [
        0,
        0,
        0,
        0,
        0,
        0,
        0,
        0,
        0
      ]
    }
  ]
}
