{
  "results": [
    {
      "command": "change_chipyard_clusteredrocketconfig_dhrystone_signals_1_pos_50_window_4000_trigger_signal",
      "mean": 0.5050360054999999,
      "stddev": 0.005799541843532507,
      "median": 0.5033883865000001,
      "user": 0.42028250000000006,
      "system": 0.08445416666666666,
      "min": 0.499048806,
      "max": 0.518999023,
      "times": [
        0.5029965710000001,
        0.5023155260000001,
        0.518999023,
        0.5097669370000001,
        0.505041184,
        0.499048806,
        0.49961772200000004,
        0.5113747000000001,
        0.49984212400000005,
        0.5037802020000001,
        0.5052741110000001,
        0.50237516
      ],
      "exit_codes": [
        0,
        0,
        0,
        0,
        0,
        0,
        0,
        0,
        0,
        0,
        0,
        0
      ]
    }
  ]
}
