{
  "results": [
    {
      "command": "change_picorv32_signals_100_window_32us_trigger_posedge_clk",
      "mean": 0.4424629940000001,
      "stddev": 0.0009289364204723621,
      "median": 0.442164457,
      "user": 0.35832239999999993,
      "system": 0.05364319999999999,
      "min": 0.441568408,
      "max": 0.443913011,
      "times": [
        0.443913011,
        0.441568408,
        0.441872629,
        0.442164457,
        0.44279646500000003
      ],
      "exit_codes": [
        0,
        0,
        0,
        0,
        0
      ]
    }
  ]
}
