{
  "results": [
    {
      "command": "change_scr1_signals_1_window_2ns_trigger_posedge_clk",
      "mean": 0.057411331249999996,
      "stddev": 0.001607716085966173,
      "median": 0.0575245335,
      "user": 0.031000083333333334,
      "system": 0.01505075,
      "min": 0.053894561,
      "max": 0.060207893000000005,
      "times": [
        0.058563414,
        0.057558011000000006,
        0.058760072,
        0.057213766000000006,
        0.057491056000000006,
        0.053894561,
        0.05826781,
        0.055862265,
        0.060207893000000005,
        0.056150786,
        0.057869223000000004,
        0.057097118
      ],
      "exit_codes": [
        0,
        0,
        0,
        0,
        0,
        0,
        0,
        0,
        0,
        0,
        0,
        0
      ]
    }
  ]
}
