{
  "results": [
    {
      "command": "change_chipyard_dualrocketconfig_dhrystone_signals_1_window_8000000_trigger_signal",
      "mean": 300.037082879,
      "stddev": null,
      "median": 300.037082879,
      "user": 291.225726,
      "system": 9.100209999999999,
      "min": 300.037082879,
      "max": 300.037082879,
      "times": [
        300.037082879
      ],
      "exit_codes": [
        0
      ]
    }
  ]
}
