{
  "results": [
    {
      "command": "change_scr1_signals_100_pos_50_window_2ns_trigger_any",
      "mean": 0.19135202566666668,
      "stddev": 0.0008882795472740884,
      "median": 0.19140621000000002,
      "user": 0.13103149999999997,
      "system": 0.027282666666666663,
      "min": 0.19030322900000002,
      "max": 0.192776474,
      "times": [
        0.19030322900000002,
        0.19157000300000002,
        0.192776474,
        0.190544547,
        0.19124241700000003,
        0.191675484
      ],
      "exit_codes": [
        0,
        0,
        0,
        0,
        0,
        0
      ]
    }
  ]
}
