{
  "results": [
    {
      "command": "change_chipyard_clusteredrocketconfig_dhrystone_signals_10_window_2us_trigger_signal",
      "mean": 0.23949077440000002,
      "stddev": 0.0009829283556405813,
      "median": 0.239949612,
      "user": 0.15780840000000002,
      "system": 0.06916220000000001,
      "min": 0.23784259400000002,
      "max": 0.24027630400000002,
      "times": [
        0.239949612,
        0.240038349,
        0.24027630400000002,
        0.23934701300000003,
        0.23784259400000002
      ],
      "exit_codes": [
        0,
        0,
        0,
        0,
        0
      ]
    }
  ]
}
