{
  "results": [
    {
      "command": "change_chipyard_clusteredrocketconfig_dhrystone_signals_1_window_2us_trigger_signal",
      "mean": 0.19079332300000001,
      "stddev": 0.0002645467868081143,
      "median": 0.19085300900000002,
      "user": 0.0902726,
      "system": 0.0630858,
      "min": 0.190528269,
      "max": 0.191166478,
      "times": [
        0.19054694400000002,
        0.190528269,
        0.190871915,
        0.191166478,
        0.19085300900000002
      ],
      "exit_codes": [
        0,
        0,
        0,
        0,
        0
      ]
    }
  ]
}
