{
  "results": [
    {
      "command": "change_scr1_signals_100_window_2ns_trigger_posedge_clk",
      "mean": 0.192318821,
      "stddev": 0.0007720907572628941,
      "median": 0.19219105150000002,
      "user": 0.13876349999999998,
      "system": 0.024713166666666665,
      "min": 0.191443937,
      "max": 0.19361776,
      "times": [
        0.19188184700000002,
        0.19185384500000002,
        0.19361776,
        0.192500256,
        0.192615281,
        0.191443937
      ],
      "exit_codes": [
        0,
        0,
        0,
        0,
        0,
        0
      ]
    }
  ]
}
