{
  "results": [
    {
      "command": "change_chipyard_dualrocketconfig_dhrystone_signals_1_window_32us_trigger_posedge_clk",
      "mean": 0.40129586240000004,
      "stddev": 0.022143514279406345,
      "median": 0.39132444400000005,
      "user": 0.29683139999999997,
      "system": 0.08449759999999999,
      "min": 0.390690674,
      "max": 0.44089170000000005,
      "times": [
        0.44089170000000005,
        0.39132444400000005,
        0.39117560500000004,
        0.392396889,
        0.390690674
      ],
      "exit_codes": [
        0,
        0,
        0,
        0,
        0
      ]
    }
  ]
}
