{
  "results": [
    {
      "command": "change_picorv32_signals_100_window_8us_trigger_signal",
      "mean": 0.44025599120000003,
      "stddev": 0.0014933981312246108,
      "median": 0.43943000600000004,
      "user": 0.3634718,
      "system": 0.0545042,
      "min": 0.439000319,
      "max": 0.442469995,
      "times": [
        0.43925402500000005,
        0.439000319,
        0.442469995,
        0.43943000600000004,
        0.44112561100000003
      ],
      "exit_codes": [
        0,
        0,
        0,
        0,
        0
      ]
    }
  ]
}
