{
  "results": [
    {
      "command": "change_chipyard_clusteredrocketconfig_dhrystone_signals_10_window_2us_trigger_posedge_clk",
      "mean": 0.23998631320000002,
      "stddev": 0.0013842710770527178,
      "median": 0.23969472000000003,
      "user": 0.1597072,
      "system": 0.0651062,
      "min": 0.23855894000000002,
      "max": 0.242024915,
      "times": [
        0.239009359,
        0.23969472000000003,
        0.23855894000000002,
        0.24064363200000002,
        0.242024915
      ],
      "exit_codes": [
        0,
        0,
        0,
        0,
        0
      ]
    }
  ]
}
