{
  "results": [
    {
      "command": "change_scr1_signals_1_pos_50_window_2000_trigger_signal",
      "mean": 0.7114620125000001,
      "stddev": 0.00929510278518583,
      "median": 0.7104854650000001,
      "user": 0.6850676666666667,
      "system": 0.026082083333333336,
      "min": 0.696635207,
      "max": 0.7246615080000001,
      "times": [
        0.70698565,
        0.7023366870000001,
        0.7184774420000001,
        0.7215614330000001,
        0.722097199,
        0.7045721110000001,
        0.7246615080000001,
        0.704296837,
        0.696635207,
        0.717410599,
        0.71398528,
        0.704524197
      ],
      "exit_codes": [
        0,
        0,
        0,
        0,
        0,
        0,
        0,
        0,
        0,
        0,
        0,
        0
      ]
    }
  ]
}
