{
  "results": [
    {
      "command": "change_picorv32_signals_10_window_8us_trigger_posedge_clk",
      "mean": 0.142300134,
      "stddev": 0.001805869836188088,
      "median": 0.142206825,
      "user": 0.0887742,
      "system": 0.0313832,
      "min": 0.13994641500000002,
      "max": 0.144213156,
      "times": [
        0.141208143,
        0.142206825,
        0.143926131,
        0.13994641500000002,
        0.144213156
      ],
      "exit_codes": [
        0,
        0,
        0,
        0,
        0
      ]
    }
  ]
}
