{
  "results": [
    {
      "command": "change_chipyard_clusteredrocketconfig_dhrystone_signals_1_window_32us_trigger_signal",
      "mean": 0.2203399366,
      "stddev": 0.027870679003148564,
      "median": 0.240276073,
      "user": 0.11516339999999999,
      "system": 0.0770486,
      "min": 0.18967381600000002,
      "max": 0.24098011600000002,
      "times": [
        0.240822169,
        0.18994750900000001,
        0.24098011600000002,
        0.240276073,
        0.18967381600000002
      ],
      "exit_codes": [
        0,
        0,
        0,
        0,
        0
      ]
    }
  ]
}
