{
  "results": [
    {
      "command": "change_chipyard_dualrocketconfig_dhrystone_signals_100_window_2000000_trigger_signal",
      "mean": 300.038215919,
      "stddev": null,
      "median": 300.038215919,
      "user": 291.485027,
      "system": 8.844808,
      "min": 300.038215919,
      "max": 300.038215919,
      "times": [
        300.038215919
      ],
      "exit_codes": [
        0
      ]
    }
  ]
}
