{
  "results": [
    {
      "command": "change_chipyard_dualrocketconfig_dhrystone_signals_1_pos_50_window_2000_trigger_signal",
      "mean": 0.320827856,
      "stddev": 0.0034529452905288664,
      "median": 0.320240911,
      "user": 0.2538541666666666,
      "system": 0.06669433333333333,
      "min": 0.314327187,
      "max": 0.326167876,
      "times": [
        0.322844205,
        0.324997662,
        0.326167876,
        0.320186032,
        0.319025675,
        0.319016707,
        0.32541489,
        0.31938632,
        0.314327187,
        0.32033108600000004,
        0.317940842,
        0.32029579
      ],
      "exit_codes": [
        0,
        0,
        0,
        0,
        0,
        0,
        0,
        0,
        0,
        0,
        0,
        0
      ]
    }
  ]
}
