{
  "results": [
    {
      "command": "change_scr1_signals_10_window_8ns_trigger_posedge_clk",
      "mean": 0.0575338748888889,
      "stddev": 0.001015342630289703,
      "median": 0.057312984000000004,
      "user": 0.03820033333333333,
      "system": 0.01767933333333333,
      "min": 0.056301905000000006,
      "max": 0.059215788000000005,
      "times": [
        0.057369631000000004,
        0.059215788000000005,
        0.058154205,
        0.057312984000000004,
        0.05891300000000001,
        0.056301905000000006,
        0.056988084,
        0.056983746,
        0.056565531
      ],
      "exit_codes": [
        0,
        0,
        0,
        0,
        0,
        0,
        0,
        0,
        0
      ]
    }
  ]
}
