{
  "results": [
    {
      "command": "change_scr1_signals_1_window_8ns_trigger_signal",
      "mean": 0.05714396558333334,
      "stddev": 0.0009989412384917122,
      "median": 0.0569778705,
      "user": 0.03729466666666666,
      "system": 0.016007666666666667,
      "min": 0.056249722,
      "max": 0.059863599,
      "times": [
        0.056291921,
        0.056249722,
        0.057416547000000005,
        0.056293354000000004,
        0.057056092,
        0.057008202,
        0.059863599,
        0.056811714000000006,
        0.058048921,
        0.056947539000000005,
        0.05710728700000001,
        0.05663268900000001
      ],
      "exit_codes": [
        0,
        0,
        0,
        0,
        0,
        0,
        0,
        0,
        0,
        0,
        0,
        0
      ]
    }
  ]
}
