{
  "results": [
    {
      "command": "change_chipyard_dualrocketconfig_dhrystone_signals_100_window_8us_trigger_posedge_clk",
      "mean": 0.24088385580000002,
      "stddev": 0.000783345936760194,
      "median": 0.24133838000000002,
      "user": 0.1490518,
      "system": 0.06746759999999999,
      "min": 0.23997132300000001,
      "max": 0.241557663,
      "times": [
        0.24133838000000002,
        0.241557663,
        0.240091152,
        0.24146076100000002,
        0.23997132300000001
      ],
      "exit_codes": [
        0,
        0,
        0,
        0,
        0
      ]
    }
  ]
}
