{
  "results": [
    {
      "command": "change_chipyard_dualrocketconfig_dhrystone_signals_10_window_32us_trigger_posedge_clk",
      "mean": 0.9424203558,
      "stddev": 0.0021765903041635255,
      "median": 0.943033094,
      "user": 0.7481566,
      "system": 0.1736216,
      "min": 0.939335545,
      "max": 0.9446406150000001,
      "times": [
        0.939335545,
        0.9446406150000001,
        0.9411149310000001,
        0.943977594,
        0.943033094
      ],
      "exit_codes": [
        0,
        0,
        0,
        0,
        0
      ]
    }
  ]
}
