{
  "results": [
    {
      "command": "change_scr1_signals_100_pos_50_window_4000_trigger_any",
      "mean": 5.9963672221666675,
      "stddev": 0.01671373525807171,
      "median": 6.0001062019999996,
      "user": 5.836686499999999,
      "system": 0.15830633333333333,
      "min": 5.971158047,
      "max": 6.012345362,
      "times": [
        6.004625855,
        6.012345362,
        5.995586549,
        5.982485878,
        6.012001642,
        5.971158047
      ],
      "exit_codes": [
        0,
        0,
        0,
        0,
        0,
        0
      ]
    }
  ]
}
