{
  "results": [
    {
      "command": "change_scr1_signals_100_pos_50_window_8000_trigger_posedge_clk",
      "mean": 11.674767492166668,
      "stddev": 0.03435880573576534,
      "median": 11.677297494000001,
      "user": 11.364709,
      "system": 0.30711216666666663,
      "min": 11.629440724,
      "max": 11.712627681,
      "times": [
        11.629440724,
        11.662986973,
        11.644431533,
        11.712627681,
        11.691608015,
        11.707510027
      ],
      "exit_codes": [
        0,
        0,
        0,
        0,
        0,
        0
      ]
    }
  ]
}
