{
  "results": [
    {
      "command": "change_picorv32_signals_100_window_2us_trigger_signal",
      "mean": 0.43050228200000007,
      "stddev": 0.02291439059049566,
      "median": 0.44078067200000004,
      "user": 0.34268479999999996,
      "system": 0.052759200000000006,
      "min": 0.389535707,
      "max": 0.441686838,
      "times": [
        0.440989471,
        0.441686838,
        0.44078067200000004,
        0.389535707,
        0.43951872200000003
      ],
      "exit_codes": [
        0,
        0,
        0,
        0,
        0
      ]
    }
  ]
}
