{
  "results": [
    {
      "command": "change_chipyard_clusteredrocketconfig_dhrystone_signals_10_pos_50_window_4000_trigger_signal",
      "mean": 1.7955483331111108,
      "stddev": 0.02028823851094377,
      "median": 1.793929741,
      "user": 1.6541263333333334,
      "system": 0.14098255555555556,
      "min": 1.767036139,
      "max": 1.832473805,
      "times": [
        1.7920238990000001,
        1.772528672,
        1.793929741,
        1.795876733,
        1.767036139,
        1.810339548,
        1.784788185,
        1.832473805,
        1.810938276
      ],
      "exit_codes": [
        0,
        0,
        0,
        0,
        0,
        0,
        0,
        0,
        0
      ]
    }
  ]
}
