{
  "results": [
    {
      "command": "change_scr1_signals_100_pos_50_window_2ns_trigger_any",
      "mean": 0.19028948466666665,
      "stddev": 0.0014934531384418704,
      "median": 0.18959216,
      "user": 0.13860533333333333,
      "system": 0.025664999999999997,
      "min": 0.18897011700000002,
      "max": 0.19286476100000002,
      "times": [
        0.189418409,
        0.189710918,
        0.18897011700000002,
        0.189473402,
        0.191299301,
        0.19286476100000002
      ],
      "exit_codes": [
        0,
        0,
        0,
        0,
        0,
        0
      ]
    }
  ]
}
