{
  "results": [
    {
      "command": "change_scr1_signals_1_window_4ns_trigger_any",
      "mean": 0.056512949916666666,
      "stddev": 0.0014223788946940235,
      "median": 0.056426405,
      "user": 0.02873425,
      "system": 0.0167545,
      "min": 0.05445947,
      "max": 0.059080539,
      "times": [
        0.056568922,
        0.057162685000000005,
        0.057931555,
        0.05744304,
        0.059080539,
        0.055743486,
        0.057870922000000005,
        0.056283888000000004,
        0.055416022,
        0.055568307000000004,
        0.05445947,
        0.054626563
      ],
      "exit_codes": [
        0,
        0,
        0,
        0,
        0,
        0,
        0,
        0,
        0,
        0,
        0,
        0
      ]
    }
  ]
}
