{
  "results": [
    {
      "command": "change_chipyard_dualrocketconfig_dhrystone_signals_1_window_2us_trigger_any",
      "mean": 0.139516628,
      "stddev": 0.0013059774011710587,
      "median": 0.138891122,
      "user": 0.057794599999999995,
      "system": 0.043247400000000005,
      "min": 0.138247817,
      "max": 0.14093128500000002,
      "times": [
        0.138247817,
        0.14093128500000002,
        0.138891122,
        0.138593514,
        0.140919402
      ],
      "exit_codes": [
        0,
        0,
        0,
        0,
        0
      ]
    }
  ]
}
