{
  "results": [
    {
      "command": "change_picorv32_signals_100_window_8us_trigger_any",
      "mean": 4.2686196558,
      "stddev": 0.026844268867583565,
      "median": 4.249432529,
      "user": 3.5751046000000004,
      "system": 0.6718582000000001,
      "min": 4.248572148,
      "max": 4.299381303,
      "times": [
        4.29662836,
        4.249083939,
        4.249432529,
        4.299381303,
        4.248572148
      ],
      "exit_codes": [
        0,
        0,
        0,
        0,
        0
      ]
    }
  ]
}
