{
  "results": [
    {
      "command": "change_chipyard_dualrocketconfig_dhrystone_signals_1_window_32us_trigger_any",
      "mean": 0.15962671,
      "stddev": 0.028535372315173557,
      "median": 0.13970996300000002,
      "user": 0.07692639999999999,
      "system": 0.060811399999999995,
      "min": 0.137851644,
      "max": 0.191659515,
      "times": [
        0.137851644,
        0.191659515,
        0.13970996300000002,
        0.190083258,
        0.13882917
      ],
      "exit_codes": [
        0,
        0,
        0,
        0,
        0
      ]
    }
  ]
}
