{
  "results": [
    {
      "command": "change_chipyard_dualrocketconfig_dhrystone_signals_100_window_32us_trigger_signal",
      "mean": 0.2411157754,
      "stddev": 0.0011051401112181596,
      "median": 0.240875263,
      "user": 0.15292579999999997,
      "system": 0.0666514,
      "min": 0.24005910300000002,
      "max": 0.242991909,
      "times": [
        0.24071797800000003,
        0.240875263,
        0.24005910300000002,
        0.242991909,
        0.24093462400000001
      ],
      "exit_codes": [
        0,
        0,
        0,
        0,
        0
      ]
    }
  ]
}
