{
  "results": [
    {
      "command": "change_chipyard_dualrocketconfig_dhrystone_signals_100_window_8us_trigger_posedge_clk",
      "mean": 0.18907109420000004,
      "stddev": 0.0014129420368966669,
      "median": 0.18891924200000001,
      "user": 0.12736660000000002,
      "system": 0.04703619999999999,
      "min": 0.18757794900000002,
      "max": 0.19134467600000002,
      "times": [
        0.188328815,
        0.18891924200000001,
        0.18757794900000002,
        0.19134467600000002,
        0.18918478900000002
      ],
      "exit_codes": [
        0,
        0,
        0,
        0,
        0
      ]
    }
  ]
}
