{
  "results": [
    {
      "command": "change_scr1_coremark_imem_axi_2sig_to_1000ps",
      "mean": 0.09125345388888889,
      "stddev": 0.0012627428381488087,
      "median": 0.09088330900000001,
      "user": 0.038187,
      "system": 0.022928444444444442,
      "min": 0.089546964,
      "max": 0.092845968,
      "times": [
        0.090359539,
        0.091957668,
        0.089546964,
        0.090303163,
        0.092845968,
        0.092630981,
        0.09014287,
        0.092610623,
        0.09088330900000001
      ],
      "exit_codes": [
        0,
        0,
        0,
        0,
        0,
        0,
        0,
        0,
        0
      ]
    }
  ]
}
