{
  "results": [
    {
      "command": "change_chipyard_clusteredrocketconfig_dhrystone_signals_1_window_2000000_trigger_posedge_clk",
      "mean": 151.208061574,
      "stddev": null,
      "median": 151.208061574,
      "user": 144.21429999999998,
      "system": 7.109522,
      "min": 151.208061574,
      "max": 151.208061574,
      "times": [
        151.208061574
      ],
      "exit_codes": [
        0
      ]
    }
  ]
}
