{
  "results": [
    {
      "command": "change_scr1_signals_10_window_8ns_trigger_signal",
      "mean": 0.060094097555555566,
      "stddev": 0.011351635138096453,
      "median": 0.056645115,
      "user": 0.037511444444444444,
      "system": 0.016779444444444444,
      "min": 0.05448602,
      "max": 0.09024206500000001,
      "times": [
        0.057844182,
        0.05448602,
        0.056969263000000006,
        0.055300165000000005,
        0.055720142,
        0.056465629,
        0.056645115,
        0.057174297000000006,
        0.09024206500000001
      ],
      "exit_codes": [
        0,
        0,
        0,
        0,
        0,
        0,
        0,
        0,
        0
      ]
    }
  ]
}
