{
  "results": [
    {
      "command": "change_scr1_signals_100_window_8000_trigger_any",
      "mean": 6.151855078833333,
      "stddev": 0.0019488133880863673,
      "median": 6.15246066,
      "user": 5.954678833333333,
      "system": 0.18734433333333333,
      "min": 6.148360633,
      "max": 6.153395711,
      "times": [
        6.151077237,
        6.151846545,
        6.148360633,
        6.153074775,
        6.153375572,
        6.153395711
      ],
      "exit_codes": [
        0,
        0,
        0,
        0,
        0,
        0
      ]
    }
  ]
}
