{
  "results": [
    {
      "command": "change_picorv32_signals_1_window_32us_trigger_posedge_clk",
      "mean": 0.1401416904,
      "stddev": 0.00027745238432350913,
      "median": 0.14018307400000002,
      "user": 0.06722320000000001,
      "system": 0.0285132,
      "min": 0.1397122,
      "max": 0.14042598,
      "times": [
        0.140060304,
        0.14042598,
        0.1397122,
        0.140326894,
        0.14018307400000002
      ],
      "exit_codes": [
        0,
        0,
        0,
        0,
        0
      ]
    }
  ]
}
