{
  "results": [
    {
      "command": "change_chipyard_clusteredrocketconfig_dhrystone_signals_10_window_32us_trigger_any",
      "mean": 0.23042822980000005,
      "stddev": 0.023154022353133276,
      "median": 0.240577004,
      "user": 0.1401078,
      "system": 0.0549816,
      "min": 0.189011648,
      "max": 0.24120380200000002,
      "times": [
        0.189011648,
        0.240577004,
        0.24120380200000002,
        0.240786879,
        0.240561816
      ],
      "exit_codes": [
        0,
        0,
        0,
        0,
        0
      ]
    }
  ]
}
