{
  "results": [
    {
      "command": "change_scr1_signals_100_window_8ns_trigger_any",
      "mean": 0.19322869633333337,
      "stddev": 0.001444879529400522,
      "median": 0.193554065,
      "user": 0.14329899999999998,
      "system": 0.023540166666666668,
      "min": 0.190561175,
      "max": 0.194601449,
      "times": [
        0.19291175400000002,
        0.193872351,
        0.194601449,
        0.19418967,
        0.190561175,
        0.19323577900000002
      ],
      "exit_codes": [
        0,
        0,
        0,
        0,
        0,
        0
      ]
    }
  ]
}
