{
  "results": [
    {
      "command": "change_chipyard_clusteredrocketconfig_dhrystone_signals_100_window_2us_trigger_any",
      "mean": 0.269632036,
      "stddev": 0.028061130180710554,
      "median": 0.28883853000000004,
      "user": 0.1754478,
      "system": 0.0679584,
      "min": 0.238711777,
      "max": 0.290807107,
      "times": [
        0.239098142,
        0.28883853000000004,
        0.290704624,
        0.238711777,
        0.290807107
      ],
      "exit_codes": [
        0,
        0,
        0,
        0,
        0
      ]
    }
  ]
}
