{
  "results": [
    {
      "command": "change_scr1_signals_100_window_8ns_trigger_any",
      "mean": 5.579506516166667,
      "stddev": 0.02729258614894277,
      "median": 5.5802377045,
      "user": 4.603313,
      "system": 0.9501206666666667,
      "min": 5.552169215,
      "max": 5.607096938,
      "times": [
        5.558439305,
        5.5535192460000005,
        5.603778289,
        5.607096938,
        5.552169215,
        5.602036104
      ],
      "exit_codes": [
        0,
        0,
        0,
        0,
        0,
        0
      ]
    }
  ]
}
