{
  "results": [
    {
      "command": "change_picorv32_signals_10_window_32us_trigger_signal",
      "mean": 0.14092869160000002,
      "stddev": 0.0016862795813735315,
      "median": 0.140770831,
      "user": 0.0905546,
      "system": 0.029771,
      "min": 0.138583905,
      "max": 0.143253774,
      "times": [
        0.14148085200000002,
        0.14055409600000002,
        0.140770831,
        0.138583905,
        0.143253774
      ],
      "exit_codes": [
        0,
        0,
        0,
        0,
        0
      ]
    }
  ]
}
