{
  "results": [
    {
      "command": "change_chipyard_clusteredrocketconfig_dhrystone_signals_10_window_2us_trigger_posedge_clk",
      "mean": 0.2403199942,
      "stddev": 0.0007979290685112264,
      "median": 0.240617614,
      "user": 0.16000379999999997,
      "system": 0.06472,
      "min": 0.23889806200000002,
      "max": 0.240756084,
      "times": [
        0.240617614,
        0.240756084,
        0.240595933,
        0.23889806200000002,
        0.24073227800000002
      ],
      "exit_codes": [
        0,
        0,
        0,
        0,
        0
      ]
    }
  ]
}
