{
  "results": [
    {
      "command": "change_chipyard_clusteredrocketconfig_dhrystone_signals_1_window_8us_trigger_posedge_clk",
      "mean": 0.292468036,
      "stddev": 0.0023521979197870494,
      "median": 0.292141843,
      "user": 0.18289879999999997,
      "system": 0.069089,
      "min": 0.28958448400000003,
      "max": 0.29615318900000004,
      "times": [
        0.29615318900000004,
        0.29232173,
        0.292141843,
        0.292138934,
        0.28958448400000003
      ],
      "exit_codes": [
        0,
        0,
        0,
        0,
        0
      ]
    }
  ]
}
