{
  "results": [
    {
      "command": "change_picorv32_signals_10_window_8us_trigger_any",
      "mean": 0.1416912382,
      "stddev": 0.0025049052652251504,
      "median": 0.141834068,
      "user": 0.0877796,
      "system": 0.0250482,
      "min": 0.139307968,
      "max": 0.145463233,
      "times": [
        0.142339153,
        0.141834068,
        0.139511769,
        0.145463233,
        0.139307968
      ],
      "exit_codes": [
        0,
        0,
        0,
        0,
        0
      ]
    }
  ]
}
