{
  "results": [
    {
      "command": "change_chipyard_dualrocketconfig_dhrystone_signals_10_window_2us_trigger_any",
      "mean": 0.9024512942000001,
      "stddev": 0.02228372104927068,
      "median": 0.8937610840000001,
      "user": 0.7196984,
      "system": 0.16454960000000002,
      "min": 0.890738946,
      "max": 0.942217877,
      "times": [
        0.894301309,
        0.890738946,
        0.8912372550000001,
        0.942217877,
        0.8937610840000001
      ],
      "exit_codes": [
        0,
        0,
        0,
        0,
        0
      ]
    }
  ]
}
