{
  "results": [
    {
      "command": "change_picorv32_signals_10_pos_50_window_2000_trigger_any",
      "mean": 0.1949885007777778,
      "stddev": 0.007203476292993156,
      "median": 0.194736778,
      "user": 0.16731700000000002,
      "system": 0.02731688888888889,
      "min": 0.18625248400000002,
      "max": 0.20876972700000002,
      "times": [
        0.18625248400000002,
        0.187590885,
        0.18807942100000002,
        0.193745889,
        0.19706367200000002,
        0.20876972700000002,
        0.19813936000000001,
        0.20051829100000002,
        0.194736778
      ],
      "exit_codes": [
        0,
        0,
        0,
        0,
        0,
        0,
        0,
        0,
        0
      ]
    }
  ]
}
