{
  "results": [
    {
      "command": "change_scr1_signals_10_window_8000_trigger_posedge_clk",
      "mean": 1.2581897321111108,
      "stddev": 0.026613836891014184,
      "median": 1.241206302,
      "user": 1.1945866666666665,
      "system": 0.04675844444444445,
      "min": 1.238102848,
      "max": 1.296022932,
      "times": [
        1.296022932,
        1.241206302,
        1.241447946,
        1.29200396,
        1.238102848,
        1.292844138,
        1.240927049,
        1.240506681,
        1.240645733
      ],
      "exit_codes": [
        0,
        0,
        0,
        0,
        0,
        0,
        0,
        0,
        0
      ]
    }
  ]
}
