{
  "results": [
    {
      "command": "change_scr1_signals_100_window_4ns_trigger_posedge_clk",
      "mean": 0.19271781816666667,
      "stddev": 0.0020316932502862086,
      "median": 0.192248417,
      "user": 0.14118683333333334,
      "system": 0.023360833333333334,
      "min": 0.190703794,
      "max": 0.195209451,
      "times": [
        0.190703794,
        0.191654387,
        0.195209451,
        0.195084017,
        0.192842447,
        0.19081281300000003
      ],
      "exit_codes": [
        0,
        0,
        0,
        0,
        0,
        0
      ]
    }
  ]
}
