{
  "results": [
    {
      "command": "change_picorv32_signals_1_window_8000000_trigger_any",
      "mean": 1.996672242,
      "stddev": null,
      "median": 1.996672242,
      "user": 1.9186869999999998,
      "system": 0.056523,
      "min": 1.996672242,
      "max": 1.996672242,
      "times": [
        1.996672242
      ],
      "exit_codes": [
        0
      ]
    }
  ]
}
