{
  "results": [
    {
      "command": "change_scr1_signals_100_window_8ns_trigger_posedge_clk",
      "mean": 0.19017570516666668,
      "stddev": 0.0006801086467026884,
      "median": 0.1901265265,
      "user": 0.14398666666666668,
      "system": 0.026205500000000003,
      "min": 0.18939909300000002,
      "max": 0.191185509,
      "times": [
        0.189909355,
        0.19064757200000002,
        0.18939909300000002,
        0.190343698,
        0.191185509,
        0.189569004
      ],
      "exit_codes": [
        0,
        0,
        0,
        0,
        0,
        0
      ]
    }
  ]
}
