{
  "results": [
    {
      "command": "change_picorv32_signals_100_window_8us_trigger_signal",
      "mean": 0.42078290220000003,
      "stddev": 0.028426626461219497,
      "median": 0.44081229000000005,
      "user": 0.3443636,
      "system": 0.051447999999999994,
      "min": 0.387819617,
      "max": 0.442078201,
      "times": [
        0.44166304300000003,
        0.442078201,
        0.39154136,
        0.387819617,
        0.44081229000000005
      ],
      "exit_codes": [
        0,
        0,
        0,
        0,
        0
      ]
    }
  ]
}
