{
  "results": [
    {
      "command": "change_scr1_coremark_imem_axi_1sig_to_1000ps",
      "mean": 0.09076207822222221,
      "stddev": 0.0016727619150980338,
      "median": 0.091454372,
      "user": 0.036076,
      "system": 0.024387555555555558,
      "min": 0.088459407,
      "max": 0.092954228,
      "times": [
        0.089159813,
        0.09210820900000001,
        0.09151930400000001,
        0.08860596200000001,
        0.088459407,
        0.091454372,
        0.09039856900000001,
        0.09219884,
        0.092954228
      ],
      "exit_codes": [
        0,
        0,
        0,
        0,
        0,
        0,
        0,
        0,
        0
      ]
    }
  ]
}
