{
  "results": [
    {
      "command": "change_scr1_signals_1_window_8000_trigger_signal",
      "mean": 1.0423229955833333,
      "stddev": 0.001816196268680721,
      "median": 1.0424837585,
      "user": 0.9754406666666666,
      "system": 0.040315833333333335,
      "min": 1.039533937,
      "max": 1.044579206,
      "times": [
        1.041199803,
        1.042653512,
        1.040078168,
        1.044579206,
        1.040023746,
        1.039533937,
        1.041713278,
        1.042314005,
        1.043203215,
        1.044109787,
        1.04443102,
        1.04403627
      ],
      "exit_codes": [
        0,
        0,
        0,
        0,
        0,
        0,
        0,
        0,
        0,
        0,
        0,
        0
      ]
    }
  ]
}
