{
  "results": [
    {
      "command": "change_scr1_signals_1_window_8ns_trigger_any",
      "mean": 0.056957270083333324,
      "stddev": 0.0009207378112933974,
      "median": 0.056934313,
      "user": 0.029920666666666665,
      "system": 0.016111666666666666,
      "min": 0.055693173000000006,
      "max": 0.058464117,
      "times": [
        0.057783578,
        0.057856195000000006,
        0.057946624,
        0.055951509,
        0.055703953,
        0.056713529000000006,
        0.057099514000000004,
        0.056406423000000004,
        0.057035924,
        0.058464117,
        0.055693173000000006,
        0.056832702000000006
      ],
      "exit_codes": [
        0,
        0,
        0,
        0,
        0,
        0,
        0,
        0,
        0,
        0,
        0,
        0
      ]
    }
  ]
}
