{
  "results": [
    {
      "command": "change_chipyard_dualrocketconfig_dhrystone_signals_100_window_2us_trigger_signal",
      "mean": 0.2415245848,
      "stddev": 0.001562389151595463,
      "median": 0.24105047100000002,
      "user": 0.1424104,
      "system": 0.0664794,
      "min": 0.24028893,
      "max": 0.244237265,
      "times": [
        0.244237265,
        0.24028893,
        0.24074829900000003,
        0.24105047100000002,
        0.241297959
      ],
      "exit_codes": [
        0,
        0,
        0,
        0,
        0
      ]
    }
  ]
}
