{
  "results": [
    {
      "command": "change_scr1_signals_1_window_4ns_trigger_posedge_clk",
      "mean": 0.056670944166666674,
      "stddev": 0.000809207506527201,
      "median": 0.0564895035,
      "user": 0.03005475,
      "system": 0.0163335,
      "min": 0.05564108500000001,
      "max": 0.05805595,
      "times": [
        0.056402495000000004,
        0.056455785,
        0.05805595,
        0.057085067,
        0.057911379000000006,
        0.057195264,
        0.055939926,
        0.055905431000000005,
        0.05564108500000001,
        0.055798541,
        0.05713718500000001,
        0.056523222000000005
      ],
      "exit_codes": [
        0,
        0,
        0,
        0,
        0,
        0,
        0,
        0,
        0,
        0,
        0,
        0
      ]
    }
  ]
}
