{
  "results": [
    {
      "command": "change_picorv32_signals_10_window_32us_trigger_posedge_clk",
      "mean": 0.14054625880000002,
      "stddev": 0.0009116119250211158,
      "median": 0.140461489,
      "user": 0.08896059999999999,
      "system": 0.028784399999999998,
      "min": 0.139451617,
      "max": 0.141716696,
      "times": [
        0.139451617,
        0.13993888200000001,
        0.140461489,
        0.141716696,
        0.14116261000000002
      ],
      "exit_codes": [
        0,
        0,
        0,
        0,
        0
      ]
    }
  ]
}
