{
  "results": [
    {
      "command": "change_picorv32_signals_1_window_32us_trigger_posedge_clk",
      "mean": 0.1410026518,
      "stddev": 0.0009399670846916345,
      "median": 0.14087712900000002,
      "user": 0.0681228,
      "system": 0.0264718,
      "min": 0.139832904,
      "max": 0.142238377,
      "times": [
        0.139832904,
        0.140475066,
        0.141589783,
        0.142238377,
        0.14087712900000002
      ],
      "exit_codes": [
        0,
        0,
        0,
        0,
        0
      ]
    }
  ]
}
