{
  "results": [
    {
      "command": "change_scr1_signals_1_window_8ns_trigger_signal",
      "mean": 0.060530322000000004,
      "stddev": 0.009999158566452844,
      "median": 0.05782493650000001,
      "user": 0.03845858333333333,
      "system": 0.017798000000000005,
      "min": 0.056296236000000006,
      "max": 0.09218538500000001,
      "times": [
        0.058958014,
        0.05831962500000001,
        0.09218538500000001,
        0.056439244000000006,
        0.058355082,
        0.057230760000000006,
        0.058164654,
        0.058007089000000005,
        0.057642784,
        0.056296236000000006,
        0.057455893,
        0.057309098
      ],
      "exit_codes": [
        0,
        0,
        0,
        0,
        0,
        0,
        0,
        0,
        0,
        0,
        0,
        0
      ]
    }
  ]
}
