{
  "results": [
    {
      "command": "change_chipyard_dualrocketconfig_dhrystone_signals_1_window_2us_trigger_signal",
      "mean": 0.1383286024,
      "stddev": 0.0010202938210382346,
      "median": 0.13832665900000002,
      "user": 0.0770984,
      "system": 0.0545088,
      "min": 0.137201042,
      "max": 0.139751541,
      "times": [
        0.138824067,
        0.137201042,
        0.137539703,
        0.13832665900000002,
        0.139751541
      ],
      "exit_codes": [
        0,
        0,
        0,
        0,
        0
      ]
    }
  ]
}
