{
  "results": [
    {
      "command": "change_scr1_signals_10_pos_50_window_8000_trigger_any",
      "mean": 0.6147328410000001,
      "stddev": 0.015038424102935863,
      "median": 0.6085365530000001,
      "user": 0.5894805555555555,
      "system": 0.024889666666666664,
      "min": 0.6047902500000001,
      "max": 0.6505119300000001,
      "times": [
        0.612767477,
        0.6505119300000001,
        0.605001895,
        0.6072735930000001,
        0.6047902500000001,
        0.607366128,
        0.6271096730000001,
        0.6085365530000001,
        0.6092380700000001
      ],
      "exit_codes": [
        0,
        0,
        0,
        0,
        0,
        0,
        0,
        0,
        0
      ]
    }
  ]
}
