{
  "results": [
    {
      "command": "change_chipyard_clusteredrocketconfig_dhrystone_signals_1_pos_50_window_4000_trigger_any",
      "mean": 0.3407323996666667,
      "stddev": 0.003828957921000428,
      "median": 0.3404164125,
      "user": 0.2628281666666667,
      "system": 0.07764208333333333,
      "min": 0.335778993,
      "max": 0.347647409,
      "times": [
        0.347647409,
        0.341659299,
        0.336995162,
        0.346175873,
        0.34240430600000005,
        0.335778993,
        0.339237683,
        0.33640185,
        0.340326995,
        0.34050583,
        0.344024733,
        0.337630663
      ],
      "exit_codes": [
        0,
        0,
        0,
        0,
        0,
        0,
        0,
        0,
        0,
        0,
        0,
        0
      ]
    }
  ]
}
