{
  "results": [
    {
      "command": "change_chipyard_dualrocketconfig_dhrystone_signals_1_pos_50_window_4000_trigger_signal",
      "mean": 0.44221081200000006,
      "stddev": 0.005684037650119347,
      "median": 0.44388264050000004,
      "user": 0.3699993333333333,
      "system": 0.07193458333333332,
      "min": 0.432931969,
      "max": 0.45067963600000005,
      "times": [
        0.444216174,
        0.437348593,
        0.448048058,
        0.43640408,
        0.44366019500000003,
        0.43676276,
        0.45067963600000005,
        0.438187979,
        0.445888094,
        0.44829712000000005,
        0.432931969,
        0.44410508600000004
      ],
      "exit_codes": [
        0,
        0,
        0,
        0,
        0,
        0,
        0,
        0,
        0,
        0,
        0,
        0
      ]
    }
  ]
}
