{
  "results": [
    {
      "command": "change_chipyard_clusteredrocketconfig_dhrystone_signals_10_window_2us_trigger_posedge_clk",
      "mean": 0.2396401638,
      "stddev": 0.0009719549365601826,
      "median": 0.23940660900000002,
      "user": 0.1582866,
      "system": 0.0657478,
      "min": 0.23856258700000002,
      "max": 0.24118612800000003,
      "times": [
        0.239253037,
        0.24118612800000003,
        0.23940660900000002,
        0.23856258700000002,
        0.239792458
      ],
      "exit_codes": [
        0,
        0,
        0,
        0,
        0
      ]
    }
  ]
}
