{
  "results": [
    {
      "command": "change_picorv32_signals_10_window_8us_trigger_posedge_clk",
      "mean": 0.14045219120000002,
      "stddev": 0.0025903264371675665,
      "median": 0.13979935300000002,
      "user": 0.09461680000000001,
      "system": 0.029719799999999998,
      "min": 0.137998682,
      "max": 0.14487159900000002,
      "times": [
        0.137998682,
        0.139799533,
        0.139791789,
        0.14487159900000002,
        0.13979935300000002
      ],
      "exit_codes": [
        0,
        0,
        0,
        0,
        0
      ]
    }
  ]
}
