{
  "results": [
    {
      "command": "change_chipyard_clusteredrocketconfig_dhrystone_signals_1_window_8us_trigger_signal",
      "mean": 0.19055630099999998,
      "stddev": 0.001155867430701503,
      "median": 0.190234608,
      "user": 0.0875136,
      "system": 0.0636198,
      "min": 0.18934931700000002,
      "max": 0.192383197,
      "times": [
        0.190234608,
        0.18934931700000002,
        0.190855413,
        0.192383197,
        0.18995897
      ],
      "exit_codes": [
        0,
        0,
        0,
        0,
        0
      ]
    }
  ]
}
