{
  "results": [
    {
      "command": "change_chipyard_dualrocketconfig_dhrystone_signals_1_window_2us_trigger_posedge_clk",
      "mean": 0.25059369420000005,
      "stddev": 0.022000240687415247,
      "median": 0.24198828400000003,
      "user": 0.157625,
      "system": 0.06541119999999999,
      "min": 0.23775115100000002,
      "max": 0.28978605300000004,
      "times": [
        0.23775115100000002,
        0.28978605300000004,
        0.24038257200000002,
        0.24198828400000003,
        0.243060411
      ],
      "exit_codes": [
        0,
        0,
        0,
        0,
        0
      ]
    }
  ]
}
