{
  "results": [
    {
      "command": "change_chipyard_dualrocketconfig_dhrystone_signals_10_window_2us_trigger_any",
      "mean": 0.2006813306,
      "stddev": 0.02226559217003416,
      "median": 0.192088686,
      "user": 0.1248702,
      "system": 0.056233599999999995,
      "min": 0.188942675,
      "max": 0.24040233400000002,
      "times": [
        0.188942675,
        0.189304457,
        0.24040233400000002,
        0.192088686,
        0.19266850100000002
      ],
      "exit_codes": [
        0,
        0,
        0,
        0,
        0
      ]
    }
  ]
}
