{
  "results": [
    {
      "command": "change_chipyard_clusteredrocketconfig_dhrystone_signals_100_window_8us_trigger_any",
      "mean": 0.2391358486,
      "stddev": 0.0011294610797394913,
      "median": 0.23936975700000002,
      "user": 0.17531259999999996,
      "system": 0.0571184,
      "min": 0.237815555,
      "max": 0.240254715,
      "times": [
        0.240132636,
        0.23810658,
        0.237815555,
        0.23936975700000002,
        0.240254715
      ],
      "exit_codes": [
        0,
        0,
        0,
        0,
        0
      ]
    }
  ]
}
