{
  "results": [
    {
      "command": "change_picorv32_signals_1_window_2us_trigger_posedge_clk",
      "mean": 0.140714412,
      "stddev": 0.0008356448323651061,
      "median": 0.140562812,
      "user": 0.0673554,
      "system": 0.0262836,
      "min": 0.139676942,
      "max": 0.141850625,
      "times": [
        0.140562812,
        0.141188895,
        0.140292786,
        0.141850625,
        0.139676942
      ],
      "exit_codes": [
        0,
        0,
        0,
        0,
        0
      ]
    }
  ]
}
