{
  "results": [
    {
      "command": "change_scr1_signals_10_window_8ns_trigger_signal",
      "mean": 0.060912282333333345,
      "stddev": 0.012359804507799464,
      "median": 0.057127791000000004,
      "user": 0.03812111111111111,
      "system": 0.016541666666666666,
      "min": 0.055105547000000005,
      "max": 0.093669797,
      "times": [
        0.055946096,
        0.055105547000000005,
        0.057127791000000004,
        0.055360368,
        0.059591592000000006,
        0.057842963000000004,
        0.056414161000000004,
        0.093669797,
        0.057152226
      ],
      "exit_codes": [
        0,
        0,
        0,
        0,
        0,
        0,
        0,
        0,
        0
      ]
    }
  ]
}
