{
  "results": [
    {
      "command": "change_chipyard_dualrocketconfig_dhrystone_signals_10_window_8us_trigger_any",
      "mean": 0.190162326,
      "stddev": 0.001672614750928315,
      "median": 0.189835378,
      "user": 0.1243156,
      "system": 0.051174,
      "min": 0.18819776900000001,
      "max": 0.192125859,
      "times": [
        0.191613739,
        0.18903888500000002,
        0.18819776900000001,
        0.192125859,
        0.189835378
      ],
      "exit_codes": [
        0,
        0,
        0,
        0,
        0
      ]
    }
  ]
}
