{
  "results": [
    {
      "command": "change_scr1_signals_100_window_4ns_trigger_signal",
      "mean": 0.19063248300000002,
      "stddev": 0.0027809515834302427,
      "median": 0.190399341,
      "user": 0.1434835,
      "system": 0.021758333333333334,
      "min": 0.187126488,
      "max": 0.195255129,
      "times": [
        0.195255129,
        0.189901964,
        0.187126488,
        0.18885943300000002,
        0.19089671800000002,
        0.191755166
      ],
      "exit_codes": [
        0,
        0,
        0,
        0,
        0,
        0
      ]
    }
  ]
}
