{
  "results": [
    {
      "command": "change_chipyard_dualrocketconfig_dhrystone_signals_100_window_8us_trigger_signal",
      "mean": 0.23985017440000003,
      "stddev": 0.0026094624733736488,
      "median": 0.239834286,
      "user": 0.14326699999999998,
      "system": 0.06459200000000001,
      "min": 0.236415861,
      "max": 0.24350533800000002,
      "times": [
        0.236415861,
        0.238732511,
        0.239834286,
        0.24350533800000002,
        0.24076287600000001
      ],
      "exit_codes": [
        0,
        0,
        0,
        0,
        0
      ]
    }
  ]
}
