{
  "results": [
    {
      "command": "change_chipyard_dualrocketconfig_dhrystone_signals_1_window_2us_trigger_signal",
      "mean": 0.1591692966,
      "stddev": 0.028721321306550824,
      "median": 0.13903779200000002,
      "user": 0.07963579999999999,
      "system": 0.056664400000000004,
      "min": 0.137354265,
      "max": 0.190626924,
      "times": [
        0.13903779200000002,
        0.138204085,
        0.190626924,
        0.137354265,
        0.19062341700000002
      ],
      "exit_codes": [
        0,
        0,
        0,
        0,
        0
      ]
    }
  ]
}
