{
  "results": [
    {
      "command": "change_chipyard_clusteredrocketconfig_dhrystone_signals_10_window_2000000_trigger_signal",
      "mean": 300.038780935,
      "stddev": null,
      "median": 300.038780935,
      "user": 286.623153,
      "system": 13.69685,
      "min": 300.038780935,
      "max": 300.038780935,
      "times": [
        300.038780935
      ],
      "exit_codes": [
        0
      ]
    }
  ]
}
