{
  "results": [
    {
      "command": "change_chipyard_clusteredrocketconfig_dhrystone_signals_1_window_32us_trigger_any",
      "mean": 0.18962159960000002,
      "stddev": 0.0010454237166734397,
      "median": 0.189821133,
      "user": 0.0893858,
      "system": 0.06412159999999999,
      "min": 0.188222268,
      "max": 0.190602287,
      "times": [
        0.189821133,
        0.190564206,
        0.190602287,
        0.188898104,
        0.188222268
      ],
      "exit_codes": [
        0,
        0,
        0,
        0,
        0
      ]
    }
  ]
}
