{
  "results": [
    {
      "command": "change_chipyard_clusteredrocketconfig_dhrystone_signals_10_window_2us_trigger_any",
      "mean": 0.24040818440000003,
      "stddev": 0.0008143900327004258,
      "median": 0.24040471000000002,
      "user": 0.13219619999999999,
      "system": 0.061671,
      "min": 0.23943219300000002,
      "max": 0.24159919300000002,
      "times": [
        0.23943219300000002,
        0.24159919300000002,
        0.239942221,
        0.240662605,
        0.24040471000000002
      ],
      "exit_codes": [
        0,
        0,
        0,
        0,
        0
      ]
    }
  ]
}
