{
  "results": [
    {
      "command": "change_scr1_signals_1_window_4ns_trigger_any",
      "mean": 0.05768311791666667,
      "stddev": 0.0014136000221327521,
      "median": 0.057989619500000006,
      "user": 0.029600166666666667,
      "system": 0.01666875,
      "min": 0.054987718000000005,
      "max": 0.059837449,
      "times": [
        0.057056041,
        0.059837449,
        0.058552093000000006,
        0.057906193,
        0.054987718000000005,
        0.05636077900000001,
        0.059142117,
        0.058073046,
        0.058394448,
        0.056794481,
        0.058872082000000006,
        0.056220968
      ],
      "exit_codes": [
        0,
        0,
        0,
        0,
        0,
        0,
        0,
        0,
        0,
        0,
        0,
        0
      ]
    }
  ]
}
