{
  "results": [
    {
      "command": "change_picorv32_signals_10_window_8us_trigger_signal",
      "mean": 0.15021198400000002,
      "stddev": 0.02487605906076995,
      "median": 0.139495373,
      "user": 0.09510539999999999,
      "system": 0.034096,
      "min": 0.137799748,
      "max": 0.19464603500000002,
      "times": [
        0.19464603500000002,
        0.139495373,
        0.141144178,
        0.137974586,
        0.137799748
      ],
      "exit_codes": [
        0,
        0,
        0,
        0,
        0
      ]
    }
  ]
}
