{
  "results": [
    {
      "command": "change_picorv32_signals_100_window_32us_trigger_posedge_clk",
      "mean": 0.42093742060000006,
      "stddev": 0.02932024879786097,
      "median": 0.440613627,
      "user": 0.3389289999999999,
      "system": 0.0509482,
      "min": 0.38802016,
      "max": 0.44471791200000005,
      "times": [
        0.38971623600000005,
        0.38802016,
        0.441619168,
        0.44471791200000005,
        0.440613627
      ],
      "exit_codes": [
        0,
        0,
        0,
        0,
        0
      ]
    }
  ]
}
