{
  "results": [
    {
      "command": "change_scr1_signals_10_pos_50_window_2000_trigger_signal",
      "mean": 3.435338147,
      "stddev": 0.012184221840654085,
      "median": 3.435708148,
      "user": 3.3441396666666665,
      "system": 0.09032855555555556,
      "min": 3.415691172,
      "max": 3.450723962,
      "times": [
        3.447756379,
        3.442441893,
        3.431047021,
        3.435708148,
        3.4426030020000002,
        3.450723962,
        3.418425154,
        3.415691172,
        3.433646592
      ],
      "exit_codes": [
        0,
        0,
        0,
        0,
        0,
        0,
        0,
        0,
        0
      ]
    }
  ]
}
