{
  "results": [
    {
      "command": "change_scr1_signals_1_window_4ns_trigger_posedge_clk",
      "mean": 0.05681110041666667,
      "stddev": 0.0008928801189594226,
      "median": 0.056518923500000005,
      "user": 0.029021916666666665,
      "system": 0.015908416666666664,
      "min": 0.055287091000000003,
      "max": 0.0582222,
      "times": [
        0.057520756000000006,
        0.056168041,
        0.055287091000000003,
        0.0582222,
        0.05600692,
        0.056295711000000005,
        0.056601383000000005,
        0.056338911000000005,
        0.058014010000000005,
        0.057301676,
        0.056436464000000006,
        0.057540042000000007
      ],
      "exit_codes": [
        0,
        0,
        0,
        0,
        0,
        0,
        0,
        0,
        0,
        0,
        0,
        0
      ]
    }
  ]
}
