{
  "results": [
    {
      "command": "change_chipyard_clusteredrocketconfig_dhrystone_signals_100_window_32us_trigger_any",
      "mean": 2.78718504,
      "stddev": 0.022787889748275256,
      "median": 2.796923365,
      "user": 2.2822321999999997,
      "system": 0.47906699999999997,
      "min": 2.746444511,
      "max": 2.7985284960000003,
      "times": [
        2.796923365,
        2.796458168,
        2.79757066,
        2.7985284960000003,
        2.746444511
      ],
      "exit_codes": [
        0,
        0,
        0,
        0,
        0
      ]
    }
  ]
}
