{
  "results": [
    {
      "command": "change_chipyard_clusteredrocketconfig_dhrystone_signals_10_window_2us_trigger_any",
      "mean": 0.18850792840000002,
      "stddev": 0.0004690132038629669,
      "median": 0.188506522,
      "user": 0.13089140000000002,
      "system": 0.05521539999999999,
      "min": 0.187907549,
      "max": 0.18919992100000002,
      "times": [
        0.18919992100000002,
        0.188327707,
        0.18859794300000002,
        0.188506522,
        0.187907549
      ],
      "exit_codes": [
        0,
        0,
        0,
        0,
        0
      ]
    }
  ]
}
