{
  "results": [
    {
      "command": "change_chipyard_dualrocketconfig_dhrystone_signals_1_window_32us_trigger_posedge_clk",
      "mean": 0.5912892322000001,
      "stddev": 0.00045686081247105345,
      "median": 0.5910584990000001,
      "user": 0.45198459999999996,
      "system": 0.09851439999999999,
      "min": 0.590986565,
      "max": 0.5920787630000001,
      "times": [
        0.5912913240000001,
        0.5910584990000001,
        0.590986565,
        0.59103101,
        0.5920787630000001
      ],
      "exit_codes": [
        0,
        0,
        0,
        0,
        0
      ]
    }
  ]
}
