{
  "results": [
    {
      "command": "change_chipyard_dualrocketconfig_dhrystone_signals_1_window_32000000_trigger_posedge_clk",
      "mean": 300.038303707,
      "stddev": null,
      "median": 300.038303707,
      "user": 290.902176,
      "system": 9.425049999999999,
      "min": 300.038303707,
      "max": 300.038303707,
      "times": [
        300.038303707
      ],
      "exit_codes": [
        0
      ]
    }
  ]
}
