{
  "results": [
    {
      "command": "change_chipyard_clusteredrocketconfig_dhrystone_signals_10_window_8us_trigger_any",
      "mean": 0.24072600940000002,
      "stddev": 0.0008864405244760122,
      "median": 0.24072860000000001,
      "user": 0.1373026,
      "system": 0.0601076,
      "min": 0.239824593,
      "max": 0.24214791500000002,
      "times": [
        0.24072860000000001,
        0.24214791500000002,
        0.24017127400000002,
        0.240757665,
        0.239824593
      ],
      "exit_codes": [
        0,
        0,
        0,
        0,
        0
      ]
    }
  ]
}
