{
  "results": [
    {
      "command": "change_chipyard_clusteredrocketconfig_dhrystone_signals_1_window_8us_trigger_signal",
      "mean": 0.19162578800000002,
      "stddev": 0.001129607919382209,
      "median": 0.191723628,
      "user": 0.08900459999999999,
      "system": 0.06176079999999999,
      "min": 0.189761481,
      "max": 0.192590381,
      "times": [
        0.191723628,
        0.19159841300000002,
        0.192590381,
        0.189761481,
        0.19245503700000002
      ],
      "exit_codes": [
        0,
        0,
        0,
        0,
        0
      ]
    }
  ]
}
