{
  "results": [
    {
      "command": "change_scr1_coremark_imem_axi_2sig_to_1000ps",
      "mean": 0.09047105055555556,
      "stddev": 0.0009625359815482378,
      "median": 0.09024962900000001,
      "user": 0.03611822222222222,
      "system": 0.025100888888888884,
      "min": 0.089389965,
      "max": 0.092071521,
      "times": [
        0.090771129,
        0.09024962900000001,
        0.090862861,
        0.09175567700000001,
        0.08961665,
        0.089389965,
        0.089747116,
        0.089774907,
        0.092071521
      ],
      "exit_codes": [
        0,
        0,
        0,
        0,
        0,
        0,
        0,
        0,
        0
      ]
    }
  ]
}
