{
  "results": [
    {
      "command": "change_chipyard_clusteredrocketconfig_dhrystone_signals_100_window_2us_trigger_signal",
      "mean": 0.29154232560000004,
      "stddev": 0.0015835781040450176,
      "median": 0.291103794,
      "user": 0.1983636,
      "system": 0.06846559999999999,
      "min": 0.289916389,
      "max": 0.293965837,
      "times": [
        0.29215559500000005,
        0.293965837,
        0.290570013,
        0.289916389,
        0.291103794
      ],
      "exit_codes": [
        0,
        0,
        0,
        0,
        0
      ]
    }
  ]
}
