{
  "results": [
    {
      "command": "change_chipyard_clusteredrocketconfig_dhrystone_signals_100_window_8us_trigger_any",
      "mean": 0.2489742326,
      "stddev": 0.023761549362426256,
      "median": 0.238791784,
      "user": 0.1698636,
      "system": 0.06757579999999999,
      "min": 0.23740432900000003,
      "max": 0.291466177,
      "times": [
        0.23823748800000003,
        0.291466177,
        0.238791784,
        0.238971385,
        0.23740432900000003
      ],
      "exit_codes": [
        0,
        0,
        0,
        0,
        0
      ]
    }
  ]
}
