{
  "results": [
    {
      "command": "change_chipyard_clusteredrocketconfig_dhrystone_signals_100_window_2us_trigger_signal",
      "mean": 0.30054943200000006,
      "stddev": 0.021958965962687878,
      "median": 0.29100447300000004,
      "user": 0.19704239999999998,
      "system": 0.083101,
      "min": 0.289674241,
      "max": 0.339793259,
      "times": [
        0.29100447300000004,
        0.29009707500000004,
        0.339793259,
        0.29217811200000005,
        0.289674241
      ],
      "exit_codes": [
        0,
        0,
        0,
        0,
        0
      ]
    }
  ]
}
