{
  "results": [
    {
      "command": "change_picorv32_signals_100_window_2000000_trigger_signal",
      "mean": 95.639759169,
      "stddev": null,
      "median": 95.639759169,
      "user": 94.57388,
      "system": 1.140476,
      "min": 95.639759169,
      "max": 95.639759169,
      "times": [
        95.639759169
      ],
      "exit_codes": [
        0
      ]
    }
  ]
}
