{
  "results": [
    {
      "command": "change_chipyard_clusteredrocketconfig_dhrystone_signals_100_window_8us_trigger_signal",
      "mean": 0.2908088686,
      "stddev": 0.001301648437077294,
      "median": 0.29084465600000003,
      "user": 0.19265139999999997,
      "system": 0.0813608,
      "min": 0.28918708200000004,
      "max": 0.292674812,
      "times": [
        0.29010999000000004,
        0.28918708200000004,
        0.291227803,
        0.29084465600000003,
        0.292674812
      ],
      "exit_codes": [
        0,
        0,
        0,
        0,
        0
      ]
    }
  ]
}
