{
  "results": [
    {
      "command": "change_chipyard_clusteredrocketconfig_dhrystone_signals_10_pos_50_window_4000_trigger_any",
      "mean": 1.792206680444444,
      "stddev": 0.015410497822350759,
      "median": 1.7958857570000002,
      "user": 1.6472745555555555,
      "system": 0.14441855555555555,
      "min": 1.7687863400000001,
      "max": 1.817044659,
      "times": [
        1.787627911,
        1.7958857570000002,
        1.817044659,
        1.798745615,
        1.799843438,
        1.7755299469999999,
        1.805823041,
        1.7805734160000002,
        1.7687863400000001
      ],
      "exit_codes": [
        0,
        0,
        0,
        0,
        0,
        0,
        0,
        0,
        0
      ]
    }
  ]
}
