{
  "results": [
    {
      "command": "change_picorv32_signals_1_window_8us_trigger_any",
      "mean": 0.09059650420000001,
      "stddev": 0.0006634264006886518,
      "median": 0.090613101,
      "user": 0.0396462,
      "system": 0.0227548,
      "min": 0.089749114,
      "max": 0.091435241,
      "times": [
        0.090181022,
        0.091004043,
        0.089749114,
        0.091435241,
        0.090613101
      ],
      "exit_codes": [
        0,
        0,
        0,
        0,
        0
      ]
    }
  ]
}
