{
  "results": [
    {
      "command": "change_scr1_signals_10_window_2ns_trigger_posedge_clk",
      "mean": 0.05614923455555555,
      "stddev": 0.0010160528361237069,
      "median": 0.055725082,
      "user": 0.03515922222222222,
      "system": 0.016982111111111114,
      "min": 0.054904972,
      "max": 0.057949876000000004,
      "times": [
        0.054904972,
        0.056117773,
        0.055422740000000005,
        0.05726885,
        0.056954105000000005,
        0.0555864,
        0.055413313000000006,
        0.055725082,
        0.057949876000000004
      ],
      "exit_codes": [
        0,
        0,
        0,
        0,
        0,
        0,
        0,
        0,
        0
      ]
    }
  ]
}
