{
  "results": [
    {
      "command": "change_scr1_signals_1_window_4ns_trigger_signal",
      "mean": 0.05690299991666666,
      "stddev": 0.0010366017141755653,
      "median": 0.056741049,
      "user": 0.03689966666666666,
      "system": 0.016254083333333332,
      "min": 0.055163188,
      "max": 0.05878728800000001,
      "times": [
        0.056798233000000004,
        0.058226492000000005,
        0.05668386500000001,
        0.056670732,
        0.056403888000000006,
        0.05878728800000001,
        0.057292569,
        0.056462434000000006,
        0.057765525000000005,
        0.057093898000000004,
        0.055163188,
        0.05548788700000001
      ],
      "exit_codes": [
        0,
        0,
        0,
        0,
        0,
        0,
        0,
        0,
        0,
        0,
        0,
        0
      ]
    }
  ]
}
