{
  "results": [
    {
      "command": "change_chipyard_dualrocketconfig_dhrystone_signals_10_window_2us_trigger_posedge_clk",
      "mean": 0.2403034108,
      "stddev": 0.0008008964121044002,
      "median": 0.24027261300000002,
      "user": 0.1392636,
      "system": 0.0651842,
      "min": 0.23949044800000002,
      "max": 0.24123569800000003,
      "times": [
        0.24027261300000002,
        0.24123569800000003,
        0.24097706300000002,
        0.23954123200000002,
        0.23949044800000002
      ],
      "exit_codes": [
        0,
        0,
        0,
        0,
        0
      ]
    }
  ]
}
