{
  "results": [
    {
      "command": "change_picorv32_signals_10_window_8us_trigger_posedge_clk",
      "mean": 0.14051495420000001,
      "stddev": 0.001101004458132526,
      "median": 0.140888582,
      "user": 0.088695,
      "system": 0.02898,
      "min": 0.138960239,
      "max": 0.141721212,
      "times": [
        0.140888582,
        0.13985555700000002,
        0.138960239,
        0.141149181,
        0.141721212
      ],
      "exit_codes": [
        0,
        0,
        0,
        0,
        0
      ]
    }
  ]
}
