{
  "results": [
    {
      "command": "change_chipyard_dualrocketconfig_dhrystone_signals_1_window_8us_trigger_posedge_clk",
      "mean": 0.23945043040000002,
      "stddev": 0.001852250855397235,
      "median": 0.23851660100000002,
      "user": 0.1687456,
      "system": 0.0662182,
      "min": 0.23834227300000002,
      "max": 0.242680525,
      "times": [
        0.242680525,
        0.23834227300000002,
        0.23934829700000002,
        0.238364456,
        0.23851660100000002
      ],
      "exit_codes": [
        0,
        0,
        0,
        0,
        0
      ]
    }
  ]
}
