{
  "results": [
    {
      "command": "change_scr1_signals_100_window_2ns_trigger_signal",
      "mean": 0.19160490750000003,
      "stddev": 0.002274788026777946,
      "median": 0.191506454,
      "user": 0.13842583333333333,
      "system": 0.026901833333333333,
      "min": 0.188556462,
      "max": 0.194808208,
      "times": [
        0.190339253,
        0.190289116,
        0.194808208,
        0.192673655,
        0.19296275100000002,
        0.188556462
      ],
      "exit_codes": [
        0,
        0,
        0,
        0,
        0,
        0
      ]
    }
  ]
}
