{
  "results": [
    {
      "command": "change_scr1_signals_1_window_2ns_trigger_posedge_clk",
      "mean": 0.057377099916666674,
      "stddev": 0.0011711455341763364,
      "median": 0.05775055850000001,
      "user": 0.03047216666666667,
      "system": 0.01550225,
      "min": 0.055077232000000004,
      "max": 0.058975014000000006,
      "times": [
        0.056159421,
        0.055077232000000004,
        0.057917912,
        0.057161252,
        0.056733148000000004,
        0.058454823,
        0.05849762100000001,
        0.057651679000000004,
        0.056013126,
        0.058975014000000006,
        0.058034533000000006,
        0.057849438
      ],
      "exit_codes": [
        0,
        0,
        0,
        0,
        0,
        0,
        0,
        0,
        0,
        0,
        0,
        0
      ]
    }
  ]
}
