{
  "results": [
    {
      "command": "change_chipyard_dualrocketconfig_dhrystone_signals_10_window_2us_trigger_posedge_clk",
      "mean": 0.24136196080000002,
      "stddev": 0.0009276376858567705,
      "median": 0.24177798800000003,
      "user": 0.145597,
      "system": 0.06677340000000001,
      "min": 0.240130535,
      "max": 0.24242319,
      "times": [
        0.240130535,
        0.24178500100000003,
        0.24069309000000003,
        0.24242319,
        0.24177798800000003
      ],
      "exit_codes": [
        0,
        0,
        0,
        0,
        0
      ]
    }
  ]
}
