{
  "results": [
    {
      "command": "change_chipyard_dualrocketconfig_dhrystone_signals_100_pos_50_window_4000_trigger_any",
      "mean": 13.453003905833334,
      "stddev": 0.10316535814582245,
      "median": 13.41034449,
      "user": 12.980575333333332,
      "system": 0.47027016666666666,
      "min": 13.360120004,
      "max": 13.603291457000001,
      "times": [
        13.5577929,
        13.437471235,
        13.376130094,
        13.360120004,
        13.383217745,
        13.603291457000001
      ],
      "exit_codes": [
        0,
        0,
        0,
        0,
        0,
        0
      ]
    }
  ]
}
