{
  "results": [
    {
      "command": "change_chipyard_clusteredrocketconfig_dhrystone_signals_1_window_2us_trigger_posedge_clk",
      "mean": 0.24976130459999996,
      "stddev": 0.023181311118922205,
      "median": 0.239852647,
      "user": 0.16021939999999998,
      "system": 0.07570479999999999,
      "min": 0.23778918200000002,
      "max": 0.291147174,
      "times": [
        0.239852647,
        0.238433151,
        0.23778918200000002,
        0.291147174,
        0.24158436900000002
      ],
      "exit_codes": [
        0,
        0,
        0,
        0,
        0
      ]
    }
  ]
}
