{
  "results": [
    {
      "command": "change_chipyard_dualrocketconfig_dhrystone_signals_10_pos_50_window_2000_trigger_any",
      "mean": 0.9226312101111112,
      "stddev": 0.008208554949534904,
      "median": 0.9245497060000001,
      "user": 0.8381234444444445,
      "system": 0.084123,
      "min": 0.9101201790000001,
      "max": 0.9316438570000001,
      "times": [
        0.9245497060000001,
        0.9316438570000001,
        0.930295957,
        0.9187870340000001,
        0.9103954540000001,
        0.9101201790000001,
        0.9308480750000001,
        0.9218968890000001,
        0.9251437400000001
      ],
      "exit_codes": [
        0,
        0,
        0,
        0,
        0,
        0,
        0,
        0,
        0
      ]
    }
  ]
}
