{
  "results": [
    {
      "command": "change_chipyard_clusteredrocketconfig_dhrystone_signals_1_window_2us_trigger_signal",
      "mean": 0.1912898354,
      "stddev": 0.0009058209205104014,
      "median": 0.190900126,
      "user": 0.089558,
      "system": 0.06324959999999999,
      "min": 0.190701631,
      "max": 0.19288294900000003,
      "times": [
        0.19081350200000002,
        0.190701631,
        0.190900126,
        0.191150969,
        0.19288294900000003
      ],
      "exit_codes": [
        0,
        0,
        0,
        0,
        0
      ]
    }
  ]
}
