{
  "results": [
    {
      "command": "change_picorv32_signals_10_pos_50_window_8000_trigger_signal",
      "mean": 0.19111379244444449,
      "stddev": 0.0037258932910725303,
      "median": 0.19157784600000002,
      "user": 0.16411077777777777,
      "system": 0.026759777777777775,
      "min": 0.186506254,
      "max": 0.195554565,
      "times": [
        0.18691047200000002,
        0.195554565,
        0.187039484,
        0.19157784600000002,
        0.19421406000000002,
        0.19469623500000002,
        0.194246321,
        0.189278895,
        0.186506254
      ],
      "exit_codes": [
        0,
        0,
        0,
        0,
        0,
        0,
        0,
        0,
        0
      ]
    }
  ]
}
