{
  "results": [
    {
      "command": "change_scr1_signals_100_window_4ns_trigger_posedge_clk",
      "mean": 0.19048437433333335,
      "stddev": 0.0008215103129847254,
      "median": 0.1904952765,
      "user": 0.14298733333333333,
      "system": 0.02816516666666666,
      "min": 0.18956161800000002,
      "max": 0.19143421500000002,
      "times": [
        0.18956161800000002,
        0.18956909200000002,
        0.191350768,
        0.19143421500000002,
        0.190368584,
        0.190621969
      ],
      "exit_codes": [
        0,
        0,
        0,
        0,
        0,
        0
      ]
    }
  ]
}
