{
  "results": [
    {
      "command": "change_scr1_signals_1_window_4ns_trigger_signal",
      "mean": 0.05734835225000001,
      "stddev": 0.001254199705386023,
      "median": 0.056971935,
      "user": 0.03725141666666666,
      "system": 0.018042083333333334,
      "min": 0.055889822000000006,
      "max": 0.060145174,
      "times": [
        0.055889822000000006,
        0.05774270200000001,
        0.056686118,
        0.05821931700000001,
        0.057234408,
        0.060145174,
        0.058277706000000006,
        0.058422919000000004,
        0.056258154000000005,
        0.056011581000000005,
        0.056709462,
        0.056582864000000004
      ],
      "exit_codes": [
        0,
        0,
        0,
        0,
        0,
        0,
        0,
        0,
        0,
        0,
        0,
        0
      ]
    }
  ]
}
