{
  "results": [
    {
      "command": "change_chipyard_clusteredrocketconfig_dhrystone_signals_100_window_8000000_trigger_signal",
      "mean": 300.037564358,
      "stddev": null,
      "median": 300.037564358,
      "user": 286.010408,
      "system": 14.311748,
      "min": 300.037564358,
      "max": 300.037564358,
      "times": [
        300.037564358
      ],
      "exit_codes": [
        0
      ]
    }
  ]
}
