{
  "results": [
    {
      "command": "change_scr1_signals_10_window_2000_trigger_signal",
      "mean": 3.558536619777778,
      "stddev": 0.022985154544628815,
      "median": 3.547595919,
      "user": 3.430935222222222,
      "system": 0.1098068888888889,
      "min": 3.543657432,
      "max": 3.600717282,
      "times": [
        3.543657432,
        3.550910473,
        3.597029248,
        3.546753496,
        3.548756039,
        3.600717282,
        3.547595919,
        3.544566867,
        3.546842822
      ],
      "exit_codes": [
        0,
        0,
        0,
        0,
        0,
        0,
        0,
        0,
        0
      ]
    }
  ]
}
