{
  "results": [
    {
      "command": "change_chipyard_clusteredrocketconfig_dhrystone_signals_100_window_32us_trigger_posedge_clk",
      "mean": 0.33091970840000007,
      "stddev": 0.021687751308762406,
      "median": 0.34020003800000004,
      "user": 0.22295879999999996,
      "system": 0.0736444,
      "min": 0.292135342,
      "max": 0.34142008100000004,
      "times": [
        0.340064342,
        0.340778739,
        0.292135342,
        0.34142008100000004,
        0.34020003800000004
      ],
      "exit_codes": [
        0,
        0,
        0,
        0,
        0
      ]
    }
  ]
}
