{
  "results": [
    {
      "command": "change_picorv32_signals_1_window_32us_trigger_signal",
      "mean": 0.08945918900000001,
      "stddev": 0.0007298428968552106,
      "median": 0.089730287,
      "user": 0.0481894,
      "system": 0.027221199999999994,
      "min": 0.08834417,
      "max": 0.09016658400000001,
      "times": [
        0.08991744800000001,
        0.09016658400000001,
        0.089137456,
        0.089730287,
        0.08834417
      ],
      "exit_codes": [
        0,
        0,
        0,
        0,
        0
      ]
    }
  ]
}
