{
  "results": [
    {
      "command": "change_chipyard_dualrocketconfig_dhrystone_signals_1_window_32us_trigger_any",
      "mean": 0.1395203066,
      "stddev": 0.0006995839127061867,
      "median": 0.13958406,
      "user": 0.07514699999999999,
      "system": 0.054227199999999996,
      "min": 0.138512562,
      "max": 0.140390551,
      "times": [
        0.13925884100000002,
        0.139855519,
        0.140390551,
        0.13958406,
        0.138512562
      ],
      "exit_codes": [
        0,
        0,
        0,
        0,
        0
      ]
    }
  ]
}
