{
  "results": [
    {
      "command": "change_chipyard_dualrocketconfig_dhrystone_signals_10_window_32us_trigger_posedge_clk",
      "mean": 0.1898709172,
      "stddev": 0.0009673466813483755,
      "median": 0.18952718400000002,
      "user": 0.12441900000000002,
      "system": 0.0543222,
      "min": 0.189013599,
      "max": 0.19141137200000002,
      "times": [
        0.189013599,
        0.19141137200000002,
        0.189222001,
        0.19018043,
        0.18952718400000002
      ],
      "exit_codes": [
        0,
        0,
        0,
        0,
        0
      ]
    }
  ]
}
