{
  "results": [
    {
      "command": "change_picorv32_signals_10_window_2us_trigger_signal",
      "mean": 0.14150282320000002,
      "stddev": 0.0002740202643842247,
      "median": 0.141382891,
      "user": 0.09174739999999999,
      "system": 0.030113400000000002,
      "min": 0.141256293,
      "max": 0.141821793,
      "times": [
        0.14127926600000001,
        0.141256293,
        0.141382891,
        0.141821793,
        0.14177387300000002
      ],
      "exit_codes": [
        0,
        0,
        0,
        0,
        0
      ]
    }
  ]
}
