{
  "results": [
    {
      "command": "change_chipyard_dualrocketconfig_dhrystone_signals_1_window_8us_trigger_any",
      "mean": 0.14034037719999998,
      "stddev": 0.00022884378017919293,
      "median": 0.14042944400000001,
      "user": 0.055065600000000006,
      "system": 0.0462194,
      "min": 0.140074649,
      "max": 0.140625832,
      "times": [
        0.140433512,
        0.140074649,
        0.14042944400000001,
        0.140625832,
        0.140138449
      ],
      "exit_codes": [
        0,
        0,
        0,
        0,
        0
      ]
    }
  ]
}
