{
  "results": [
    {
      "command": "change_chipyard_clusteredrocketconfig_dhrystone_signals_10_window_8us_trigger_any",
      "mean": 0.591895786,
      "stddev": 0.002157136890970553,
      "median": 0.5914479420000001,
      "user": 0.43580659999999993,
      "system": 0.11641520000000001,
      "min": 0.58967715,
      "max": 0.5949465460000001,
      "times": [
        0.59027028,
        0.58967715,
        0.5914479420000001,
        0.593137012,
        0.5949465460000001
      ],
      "exit_codes": [
        0,
        0,
        0,
        0,
        0
      ]
    }
  ]
}
