{
  "results": [
    {
      "command": "change_chipyard_dualrocketconfig_dhrystone_signals_10_window_8us_trigger_any",
      "mean": 0.1891580024,
      "stddev": 0.0009321059633688737,
      "median": 0.188846385,
      "user": 0.1229218,
      "system": 0.0534988,
      "min": 0.188063915,
      "max": 0.19046832500000002,
      "times": [
        0.19046832500000002,
        0.188063915,
        0.18872628800000002,
        0.18968509900000002,
        0.188846385
      ],
      "exit_codes": [
        0,
        0,
        0,
        0,
        0
      ]
    }
  ]
}
