{
  "results": [
    {
      "command": "change_chipyard_dualrocketconfig_dhrystone_signals_100_window_32us_trigger_signal",
      "mean": 0.23948630720000003,
      "stddev": 0.0017518368533758196,
      "median": 0.24020472,
      "user": 0.15140039999999996,
      "system": 0.0702648,
      "min": 0.23678643100000002,
      "max": 0.24114911800000002,
      "times": [
        0.24020472,
        0.24114911800000002,
        0.240555186,
        0.23873608100000002,
        0.23678643100000002
      ],
      "exit_codes": [
        0,
        0,
        0,
        0,
        0
      ]
    }
  ]
}
