{
  "results": [
    {
      "command": "change_chipyard_clusteredrocketconfig_dhrystone_signals_100_window_32us_trigger_signal",
      "mean": 0.30098414500000004,
      "stddev": 0.023109300980129182,
      "median": 0.290254832,
      "user": 0.21122099999999996,
      "system": 0.0780084,
      "min": 0.289911067,
      "max": 0.34228722500000003,
      "times": [
        0.292316644,
        0.289911067,
        0.29015095700000004,
        0.34228722500000003,
        0.290254832
      ],
      "exit_codes": [
        0,
        0,
        0,
        0,
        0
      ]
    }
  ]
}
