{
  "results": [
    {
      "command": "change_chipyard_dualrocketconfig_dhrystone_signals_10_window_8us_trigger_signal",
      "mean": 0.24126013139999997,
      "stddev": 0.0007842069418302827,
      "median": 0.240962698,
      "user": 0.14859680000000003,
      "system": 0.06705699999999999,
      "min": 0.24042154300000002,
      "max": 0.24241985600000002,
      "times": [
        0.24042154300000002,
        0.24241985600000002,
        0.24165014,
        0.240962698,
        0.24084642
      ],
      "exit_codes": [
        0,
        0,
        0,
        0,
        0
      ]
    }
  ]
}
