{
  "results": [
    {
      "command": "change_chipyard_dualrocketconfig_dhrystone_signals_1_window_8us_trigger_posedge_clk",
      "mean": 0.23914722139999997,
      "stddev": 0.0017824552098864364,
      "median": 0.23861205600000002,
      "user": 0.1622832,
      "system": 0.0639124,
      "min": 0.237368391,
      "max": 0.241927613,
      "times": [
        0.23807182200000002,
        0.23861205600000002,
        0.237368391,
        0.241927613,
        0.23975622500000002
      ],
      "exit_codes": [
        0,
        0,
        0,
        0,
        0
      ]
    }
  ]
}
