{
  "results": [
    {
      "command": "change_scr1_signals_100_window_4ns_trigger_posedge_clk",
      "mean": 0.1923028336666667,
      "stddev": 0.001609590906836104,
      "median": 0.19263393250000002,
      "user": 0.14224099999999998,
      "system": 0.024965666666666664,
      "min": 0.190231743,
      "max": 0.19454448200000002,
      "times": [
        0.190231743,
        0.19243178000000002,
        0.19454448200000002,
        0.19066338900000002,
        0.19283608500000002,
        0.193109523
      ],
      "exit_codes": [
        0,
        0,
        0,
        0,
        0,
        0
      ]
    }
  ]
}
