{
  "results": [
    {
      "command": "change_chipyard_dualrocketconfig_dhrystone_signals_1_window_32us_trigger_any",
      "mean": 0.14953260100000001,
      "stddev": 0.023148003251996434,
      "median": 0.13984026500000002,
      "user": 0.0740348,
      "system": 0.06384100000000001,
      "min": 0.138033031,
      "max": 0.190912978,
      "times": [
        0.190912978,
        0.13984026500000002,
        0.140151089,
        0.138725642,
        0.138033031
      ],
      "exit_codes": [
        0,
        0,
        0,
        0,
        0
      ]
    }
  ]
}
