{
  "results": [
    {
      "command": "change_scr1_signals_10_window_2ns_trigger_signal",
      "mean": 0.056866868888888894,
      "stddev": 0.0016045212037796874,
      "median": 0.056121840000000006,
      "user": 0.03683688888888889,
      "system": 0.016489222222222225,
      "min": 0.055157414,
      "max": 0.059325389000000006,
      "times": [
        0.056121840000000006,
        0.058973540000000005,
        0.059325389000000006,
        0.057925078000000005,
        0.055621163,
        0.057541519000000006,
        0.055157414,
        0.055308097,
        0.05582778
      ],
      "exit_codes": [
        0,
        0,
        0,
        0,
        0,
        0,
        0,
        0,
        0
      ]
    }
  ]
}
