{
  "results": [
    {
      "command": "change_chipyard_dualrocketconfig_dhrystone_signals_100_window_32us_trigger_signal",
      "mean": 0.24122340020000005,
      "stddev": 0.0014237912862959153,
      "median": 0.240920885,
      "user": 0.1473652,
      "system": 0.07004239999999999,
      "min": 0.23973827600000003,
      "max": 0.24328399,
      "times": [
        0.240920885,
        0.24021275800000003,
        0.24196109200000002,
        0.24328399,
        0.23973827600000003
      ],
      "exit_codes": [
        0,
        0,
        0,
        0,
        0
      ]
    }
  ]
}
