{
  "results": [
    {
      "command": "change_scr1_signals_10_window_4ns_trigger_any",
      "mean": 0.05591712122222223,
      "stddev": 0.0007503892069216112,
      "median": 0.055892966,
      "user": 0.034901888888888885,
      "system": 0.015330888888888887,
      "min": 0.054657040000000004,
      "max": 0.057355366000000005,
      "times": [
        0.055825339,
        0.055292651000000005,
        0.056487881000000004,
        0.056141842000000004,
        0.055649039000000004,
        0.057355366000000005,
        0.055951967000000005,
        0.055892966,
        0.054657040000000004
      ],
      "exit_codes": [
        0,
        0,
        0,
        0,
        0,
        0,
        0,
        0,
        0
      ]
    }
  ]
}
