{
  "results": [
    {
      "command": "change_chipyard_dualrocketconfig_dhrystone_signals_100_window_32us_trigger_any",
      "mean": 0.1894976658,
      "stddev": 0.0018621512644546889,
      "median": 0.18993443200000001,
      "user": 0.1251494,
      "system": 0.058356200000000004,
      "min": 0.18762508800000002,
      "max": 0.19203588600000002,
      "times": [
        0.19203588600000002,
        0.187696881,
        0.18762508800000002,
        0.18993443200000001,
        0.190196042
      ],
      "exit_codes": [
        0,
        0,
        0,
        0,
        0
      ]
    }
  ]
}
