{
  "results": [
    {
      "command": "change_chipyard_clusteredrocketconfig_dhrystone_signals_100_window_32us_trigger_posedge_clk",
      "mean": 0.3428470472,
      "stddev": 0.003775846937115067,
      "median": 0.342157565,
      "user": 0.22616640000000002,
      "system": 0.0884988,
      "min": 0.338087083,
      "max": 0.347674621,
      "times": [
        0.338087083,
        0.34087800500000004,
        0.347674621,
        0.34543796200000004,
        0.342157565
      ],
      "exit_codes": [
        0,
        0,
        0,
        0,
        0
      ]
    }
  ]
}
