{
  "results": [
    {
      "command": "change_chipyard_clusteredrocketconfig_dhrystone_signals_100_window_32000000_trigger_posedge_clk",
      "mean": 192.018158286,
      "stddev": null,
      "median": 192.018158286,
      "user": 182.675265,
      "system": 9.478943,
      "min": 192.018158286,
      "max": 192.018158286,
      "times": [
        192.018158286
      ],
      "exit_codes": [
        0
      ]
    }
  ]
}
