{
  "results": [
    {
      "command": "change_chipyard_dualrocketconfig_dhrystone_signals_1_pos_50_window_4000_trigger_any",
      "mean": 0.2987336065833334,
      "stddev": 0.002896277208585979,
      "median": 0.29791188700000004,
      "user": 0.23109391666666665,
      "system": 0.0673925,
      "min": 0.29585378300000004,
      "max": 0.304078626,
      "times": [
        0.299679299,
        0.296297927,
        0.304078626,
        0.30070325400000003,
        0.303703738,
        0.297621346,
        0.29607182400000004,
        0.29585378300000004,
        0.298202428,
        0.29675005800000004,
        0.296168311,
        0.299672685
      ],
      "exit_codes": [
        0,
        0,
        0,
        0,
        0,
        0,
        0,
        0,
        0,
        0,
        0,
        0
      ]
    }
  ]
}
