{
  "results": [
    {
      "command": "change_picorv32_signals_1_window_2us_trigger_any",
      "mean": 0.089718934,
      "stddev": 0.0009409264593774041,
      "median": 0.089586313,
      "user": 0.0410696,
      "system": 0.022581999999999998,
      "min": 0.088761474,
      "max": 0.090928403,
      "times": [
        0.088761474,
        0.090928403,
        0.090413266,
        0.08890521400000001,
        0.089586313
      ],
      "exit_codes": [
        0,
        0,
        0,
        0,
        0
      ]
    }
  ]
}
