{
  "results": [
    {
      "command": "change_chipyard_dualrocketconfig_dhrystone_signals_100_window_32us_trigger_any",
      "mean": 0.19940024080000002,
      "stddev": 0.022563445731914617,
      "median": 0.189255732,
      "user": 0.1339936,
      "system": 0.055309399999999995,
      "min": 0.18874391100000001,
      "max": 0.23975004800000002,
      "times": [
        0.189001304,
        0.189255732,
        0.18874391100000001,
        0.190250209,
        0.23975004800000002
      ],
      "exit_codes": [
        0,
        0,
        0,
        0,
        0
      ]
    }
  ]
}
