{
  "results": [
    {
      "command": "change_chipyard_dualrocketconfig_dhrystone_signals_1_window_8us_trigger_posedge_clk",
      "mean": 0.239683525,
      "stddev": 0.0017911655843143007,
      "median": 0.23897372700000002,
      "user": 0.16228179999999998,
      "system": 0.0648328,
      "min": 0.237933849,
      "max": 0.24168488700000001,
      "times": [
        0.241518435,
        0.237933849,
        0.23830672700000002,
        0.24168488700000001,
        0.23897372700000002
      ],
      "exit_codes": [
        0,
        0,
        0,
        0,
        0
      ]
    }
  ]
}
