{
  "results": [
    {
      "command": "change_scr1_signals_100_window_8ns_trigger_signal",
      "mean": 0.19159208283333337,
      "stddev": 0.0012870241094796008,
      "median": 0.191283223,
      "user": 0.140116,
      "system": 0.026748333333333336,
      "min": 0.19025829000000002,
      "max": 0.193639899,
      "times": [
        0.193639899,
        0.19025829000000002,
        0.190685128,
        0.191848506,
        0.19071794,
        0.19240273400000002
      ],
      "exit_codes": [
        0,
        0,
        0,
        0,
        0,
        0
      ]
    }
  ]
}
