{
  "results": [
    {
      "command": "change_chipyard_clusteredrocketconfig_dhrystone_signals_1_window_32us_trigger_any",
      "mean": 0.1905691724,
      "stddev": 0.0008617698134097631,
      "median": 0.190821752,
      "user": 0.097373,
      "system": 0.059102,
      "min": 0.18906293400000002,
      "max": 0.19120315400000001,
      "times": [
        0.19073050900000002,
        0.190821752,
        0.18906293400000002,
        0.191027513,
        0.19120315400000001
      ],
      "exit_codes": [
        0,
        0,
        0,
        0,
        0
      ]
    }
  ]
}
