{
  "results": [
    {
      "command": "change_scr1_signals_1_window_8ns_trigger_posedge_clk",
      "mean": 0.05804006425,
      "stddev": 0.0017790009616499081,
      "median": 0.0578063165,
      "user": 0.03259850000000001,
      "system": 0.014460333333333332,
      "min": 0.055463219,
      "max": 0.061436975000000005,
      "times": [
        0.055989895000000005,
        0.058009046,
        0.059995927000000004,
        0.061436975000000005,
        0.060159593000000004,
        0.057472692000000006,
        0.058340477,
        0.055463219,
        0.056929154,
        0.058482303000000006,
        0.057603587000000005,
        0.056597903000000005
      ],
      "exit_codes": [
        0,
        0,
        0,
        0,
        0,
        0,
        0,
        0,
        0,
        0,
        0,
        0
      ]
    }
  ]
}
