{
  "results": [
    {
      "command": "change_scr1_signals_100_pos_50_window_8000_trigger_signal",
      "mean": 47.05573741216667,
      "stddev": 0.14545449093681814,
      "median": 47.023058647,
      "user": 45.90744083333333,
      "system": 1.1372076666666666,
      "min": 46.922991755,
      "max": 47.314818874,
      "times": [
        46.976846233,
        47.105167855,
        47.069271061,
        47.314818874,
        46.922991755,
        46.945328695
      ],
      "exit_codes": [
        0,
        0,
        0,
        0,
        0,
        0
      ]
    }
  ]
}
