{
  "results": [
    {
      "command": "change_picorv32_signals_1_window_8us_trigger_signal",
      "mean": 0.089834712,
      "stddev": 0.0018860306642678134,
      "median": 0.09068601800000001,
      "user": 0.049172400000000005,
      "system": 0.0264754,
      "min": 0.08683763200000001,
      "max": 0.091653289,
      "times": [
        0.091653289,
        0.089236574,
        0.08683763200000001,
        0.09076004700000001,
        0.09068601800000001
      ],
      "exit_codes": [
        0,
        0,
        0,
        0,
        0
      ]
    }
  ]
}
