{
  "results": [
    {
      "command": "change_chipyard_clusteredrocketconfig_dhrystone_signals_10_window_8us_trigger_signal",
      "mean": 0.2519836534,
      "stddev": 0.02555771396273653,
      "median": 0.24191980800000001,
      "user": 0.1669238,
      "system": 0.07391400000000001,
      "min": 0.23845975100000003,
      "max": 0.297609089,
      "times": [
        0.297609089,
        0.23953305600000002,
        0.24191980800000001,
        0.23845975100000003,
        0.242396563
      ],
      "exit_codes": [
        0,
        0,
        0,
        0,
        0
      ]
    }
  ]
}
