{
  "results": [
    {
      "command": "change_scr1_signals_10_window_4ns_trigger_any",
      "mean": 0.05659405633333333,
      "stddev": 0.0010251684861751996,
      "median": 0.056520206,
      "user": 0.036106333333333324,
      "system": 0.014453,
      "min": 0.054863736,
      "max": 0.058153852000000006,
      "times": [
        0.058153852000000006,
        0.056086065000000004,
        0.055669819,
        0.054863736,
        0.05704668,
        0.056219237000000005,
        0.0577396,
        0.057047312,
        0.056520206
      ],
      "exit_codes": [
        0,
        0,
        0,
        0,
        0,
        0,
        0,
        0,
        0
      ]
    }
  ]
}
