{
  "results": [
    {
      "command": "change_scr1_signals_10_window_2ns_trigger_any",
      "mean": 0.05639581433333334,
      "stddev": 0.0014150855454302049,
      "median": 0.056106422,
      "user": 0.037184555555555554,
      "system": 0.014131444444444443,
      "min": 0.054687645,
      "max": 0.058519800000000004,
      "times": [
        0.05572554800000001,
        0.055122749000000006,
        0.054687645,
        0.055015969000000005,
        0.056106422,
        0.057982675000000004,
        0.058519800000000004,
        0.056601218,
        0.057800303000000004
      ],
      "exit_codes": [
        0,
        0,
        0,
        0,
        0,
        0,
        0,
        0,
        0
      ]
    }
  ]
}
