{
  "results": [
    {
      "command": "change_scr1_signals_1_window_4ns_trigger_any",
      "mean": 0.057289278750000006,
      "stddev": 0.0011683596750008212,
      "median": 0.0576255415,
      "user": 0.031138750000000003,
      "system": 0.015500666666666668,
      "min": 0.055545636,
      "max": 0.058682137,
      "times": [
        0.058682137,
        0.055545636,
        0.057797455000000005,
        0.056897285000000006,
        0.058474516000000004,
        0.055588376,
        0.057678441000000004,
        0.056073457,
        0.05830588900000001,
        0.058555539000000004,
        0.056299972000000004,
        0.057572642
      ],
      "exit_codes": [
        0,
        0,
        0,
        0,
        0,
        0,
        0,
        0,
        0,
        0,
        0,
        0
      ]
    }
  ]
}
