{
  "results": [
    {
      "command": "change_scr1_signals_1_window_4ns_trigger_signal",
      "mean": 0.05713426033333333,
      "stddev": 0.00114240894168613,
      "median": 0.057104888000000006,
      "user": 0.036794583333333325,
      "system": 0.017545416666666664,
      "min": 0.055647664000000006,
      "max": 0.059159029,
      "times": [
        0.059159029,
        0.055844663,
        0.055703669000000004,
        0.057774707,
        0.058010348,
        0.057380018000000005,
        0.056829758,
        0.058074639000000004,
        0.05824713200000001,
        0.055647664000000006,
        0.056470986,
        0.056468511000000006
      ],
      "exit_codes": [
        0,
        0,
        0,
        0,
        0,
        0,
        0,
        0,
        0,
        0,
        0,
        0
      ]
    }
  ]
}
