{
  "results": [
    {
      "command": "change_chipyard_clusteredrocketconfig_dhrystone_signals_1_pos_50_window_8000_trigger_signal",
      "mean": 0.8321885746666667,
      "stddev": 0.00837928267899164,
      "median": 0.830427161,
      "user": 0.73358775,
      "system": 0.09824041666666666,
      "min": 0.8196935070000001,
      "max": 0.847420758,
      "times": [
        0.8196935070000001,
        0.8425739670000001,
        0.847420758,
        0.826870246,
        0.8309591470000001,
        0.8298951750000001,
        0.8242760680000001,
        0.8372456890000001,
        0.839275041,
        0.8356006180000001,
        0.823053079,
        0.8293996010000001
      ],
      "exit_codes": [
        0,
        0,
        0,
        0,
        0,
        0,
        0,
        0,
        0,
        0,
        0,
        0
      ]
    }
  ]
}
