{
  "results": [
    {
      "command": "change_scr1_signals_1_window_2000_trigger_posedge_clk",
      "mean": 0.19038404083333335,
      "stddev": 0.001739238658650433,
      "median": 0.190767399,
      "user": 0.14830308333333334,
      "system": 0.020422916666666666,
      "min": 0.187031993,
      "max": 0.19307147900000002,
      "times": [
        0.188838163,
        0.19045350500000002,
        0.19116133400000002,
        0.19159953700000001,
        0.191081293,
        0.191721035,
        0.190199639,
        0.18817465800000002,
        0.191867099,
        0.187031993,
        0.19307147900000002,
        0.189408755
      ],
      "exit_codes": [
        0,
        0,
        0,
        0,
        0,
        0,
        0,
        0,
        0,
        0,
        0,
        0
      ]
    }
  ]
}
