{
  "results": [
    {
      "command": "change_picorv32_signals_10_window_32us_trigger_posedge_clk",
      "mean": 0.1391546098,
      "stddev": 0.001541966743016912,
      "median": 0.13844588100000002,
      "user": 0.09666459999999999,
      "system": 0.0261626,
      "min": 0.137752318,
      "max": 0.141460522,
      "times": [
        0.139980664,
        0.141460522,
        0.137752318,
        0.13813366400000002,
        0.13844588100000002
      ],
      "exit_codes": [
        0,
        0,
        0,
        0,
        0
      ]
    }
  ]
}
