{
  "results": [
    {
      "command": "change_chipyard_dualrocketconfig_dhrystone_signals_1_window_32us_trigger_signal",
      "mean": 0.19156304140000005,
      "stddev": 0.0018211004211684235,
      "median": 0.19100213600000002,
      "user": 0.0957982,
      "system": 0.05651199999999999,
      "min": 0.189825606,
      "max": 0.19352565500000002,
      "times": [
        0.19346643400000002,
        0.189825606,
        0.19100213600000002,
        0.19352565500000002,
        0.18999537600000002
      ],
      "exit_codes": [
        0,
        0,
        0,
        0,
        0
      ]
    }
  ]
}
