{
  "results": [
    {
      "command": "change_scr1_signals_1_pos_50_window_2000_trigger_any",
      "mean": 0.07915258058333334,
      "stddev": 0.0017589998688695215,
      "median": 0.0787565585,
      "user": 0.06695725000000001,
      "system": 0.01198025,
      "min": 0.07677692800000001,
      "max": 0.083533933,
      "times": [
        0.083533933,
        0.07919055200000001,
        0.08059118600000001,
        0.07941732700000001,
        0.07797965200000001,
        0.07728487,
        0.08029775700000001,
        0.078797054,
        0.07677692800000001,
        0.078716063,
        0.078626454,
        0.078619191
      ],
      "exit_codes": [
        0,
        0,
        0,
        0,
        0,
        0,
        0,
        0,
        0,
        0,
        0,
        0
      ]
    }
  ]
}
