{
  "results": [
    {
      "command": "change_picorv32_signals_1_window_2us_trigger_posedge_clk",
      "mean": 0.1408072268,
      "stddev": 0.0013519506884811716,
      "median": 0.139992091,
      "user": 0.0647128,
      "system": 0.029143399999999996,
      "min": 0.139632387,
      "max": 0.14251987400000002,
      "times": [
        0.13987473,
        0.142017052,
        0.14251987400000002,
        0.139992091,
        0.139632387
      ],
      "exit_codes": [
        0,
        0,
        0,
        0,
        0
      ]
    }
  ]
}
