{
  "results": [
    {
      "command": "change_picorv32_signals_1_pos_50_window_8000_trigger_posedge_clk",
      "mean": 0.06167712958333333,
      "stddev": 0.0020193805761387434,
      "median": 0.0608871265,
      "user": 0.04133341666666667,
      "system": 0.020118833333333332,
      "min": 0.059562486000000005,
      "max": 0.06645289,
      "times": [
        0.06645289,
        0.060877944,
        0.060896309,
        0.062703057,
        0.06371786,
        0.062262862,
        0.06287796500000001,
        0.059562486000000005,
        0.060775863000000006,
        0.06015066,
        0.060058337,
        0.059789322000000006
      ],
      "exit_codes": [
        0,
        0,
        0,
        0,
        0,
        0,
        0,
        0,
        0,
        0,
        0,
        0
      ]
    }
  ]
}
