{
  "results": [
    {
      "command": "change_chipyard_clusteredrocketconfig_dhrystone_signals_1_window_32us_trigger_posedge_clk",
      "mean": 0.5110090462000001,
      "stddev": 0.027635593603961683,
      "median": 0.49249668500000005,
      "user": 0.3988576,
      "system": 0.0931876,
      "min": 0.48864166200000003,
      "max": 0.5428496930000001,
      "times": [
        0.49147431,
        0.5395828810000001,
        0.5428496930000001,
        0.49249668500000005,
        0.48864166200000003
      ],
      "exit_codes": [
        0,
        0,
        0,
        0,
        0
      ]
    }
  ]
}
