{
  "results": [
    {
      "command": "change_chipyard_dualrocketconfig_dhrystone_signals_1_window_2us_trigger_any",
      "mean": 0.14061662619999998,
      "stddev": 0.0010198984848408747,
      "median": 0.14050657,
      "user": 0.05674559999999999,
      "system": 0.045265999999999994,
      "min": 0.139384899,
      "max": 0.14197889800000002,
      "times": [
        0.139384899,
        0.141229083,
        0.139983681,
        0.14197889800000002,
        0.14050657
      ],
      "exit_codes": [
        0,
        0,
        0,
        0,
        0
      ]
    }
  ]
}
