{
  "results": [
    {
      "command": "change_scr1_signals_1_pos_50_window_8000_trigger_posedge_clk",
      "mean": 0.1404669166666667,
      "stddev": 0.005862258704380052,
      "median": 0.13857880300000003,
      "user": 0.12762608333333333,
      "system": 0.012580833333333333,
      "min": 0.13413744900000002,
      "max": 0.153522504,
      "times": [
        0.143012614,
        0.143631173,
        0.13557470300000002,
        0.13824007800000002,
        0.13413744900000002,
        0.134980219,
        0.136939911,
        0.135529438,
        0.146249852,
        0.14486753100000002,
        0.138917528,
        0.153522504
      ],
      "exit_codes": [
        0,
        0,
        0,
        0,
        0,
        0,
        0,
        0,
        0,
        0,
        0,
        0
      ]
    }
  ]
}
