{
  "results": [
    {
      "command": "change_picorv32_signals_1_window_2us_trigger_any",
      "mean": 0.09048445480000002,
      "stddev": 0.0015879331622653998,
      "median": 0.08951049500000001,
      "user": 0.040894999999999994,
      "system": 0.020258400000000003,
      "min": 0.08904392100000001,
      "max": 0.09242945100000001,
      "times": [
        0.091978006,
        0.08951049500000001,
        0.08946040100000001,
        0.09242945100000001,
        0.08904392100000001
      ],
      "exit_codes": [
        0,
        0,
        0,
        0,
        0
      ]
    }
  ]
}
