{
  "results": [
    {
      "command": "change_picorv32_signals_100_window_32us_trigger_signal",
      "mean": 0.4426250574,
      "stddev": 0.001457895531015268,
      "median": 0.44296268000000005,
      "user": 0.3455854,
      "system": 0.051725999999999994,
      "min": 0.44023188700000004,
      "max": 0.443788096,
      "times": [
        0.442396909,
        0.44374571500000004,
        0.44296268000000005,
        0.443788096,
        0.44023188700000004
      ],
      "exit_codes": [
        0,
        0,
        0,
        0,
        0
      ]
    }
  ]
}
