{
  "results": [
    {
      "command": "change_picorv32_signals_100_window_2us_trigger_any",
      "mean": 0.3888953068,
      "stddev": 0.0008933757308272929,
      "median": 0.38853596100000004,
      "user": 0.3346632,
      "system": 0.048546,
      "min": 0.388114661,
      "max": 0.39027391300000003,
      "times": [
        0.39027391300000003,
        0.389288308,
        0.388114661,
        0.388263691,
        0.38853596100000004
      ],
      "exit_codes": [
        0,
        0,
        0,
        0,
        0
      ]
    }
  ]
}
