{
  "results": [
    {
      "command": "change_chipyard_dualrocketconfig_dhrystone_signals_1_pos_50_window_8000_trigger_signal",
      "mean": 0.7114584695000001,
      "stddev": 0.0073552454546369364,
      "median": 0.7115977995,
      "user": 0.6323549999999999,
      "system": 0.07875258333333333,
      "min": 0.698405334,
      "max": 0.7215142830000001,
      "times": [
        0.7167338820000001,
        0.7215142830000001,
        0.713510857,
        0.698405334,
        0.7047291210000001,
        0.721249437,
        0.718525708,
        0.7022318980000001,
        0.7089260930000001,
        0.7116184360000001,
        0.7115771630000001,
        0.708479422
      ],
      "exit_codes": [
        0,
        0,
        0,
        0,
        0,
        0,
        0,
        0,
        0,
        0,
        0,
        0
      ]
    }
  ]
}
