{
  "results": [
    {
      "command": "change_chipyard_clusteredrocketconfig_dhrystone_signals_100_window_32us_trigger_signal",
      "mean": 0.3010840922,
      "stddev": 0.021472659900986266,
      "median": 0.29236465300000003,
      "user": 0.1987512,
      "system": 0.07741719999999999,
      "min": 0.289914281,
      "max": 0.339439266,
      "times": [
        0.29087833300000004,
        0.292823928,
        0.29236465300000003,
        0.339439266,
        0.289914281
      ],
      "exit_codes": [
        0,
        0,
        0,
        0,
        0
      ]
    }
  ]
}
