{
  "results": [
    {
      "command": "change_chipyard_clusteredrocketconfig_dhrystone_signals_10_window_2us_trigger_signal",
      "mean": 0.23842463419999999,
      "stddev": 0.0008662277287438266,
      "median": 0.23854739600000002,
      "user": 0.15403080000000002,
      "system": 0.0776898,
      "min": 0.23743845100000002,
      "max": 0.239366251,
      "times": [
        0.23743845100000002,
        0.237635845,
        0.23854739600000002,
        0.239366251,
        0.239135228
      ],
      "exit_codes": [
        0,
        0,
        0,
        0,
        0
      ]
    }
  ]
}
