{
  "results": [
    {
      "command": "change_scr1_signals_1_window_4ns_trigger_posedge_clk",
      "mean": 0.05779082825,
      "stddev": 0.0012253258785402293,
      "median": 0.0579975215,
      "user": 0.031131833333333327,
      "system": 0.015482249999999998,
      "min": 0.055968992,
      "max": 0.060406581,
      "times": [
        0.058419761,
        0.058580042000000006,
        0.056675592000000004,
        0.058464422,
        0.057577005,
        0.056892135,
        0.058418038000000005,
        0.055968992,
        0.060406581,
        0.058469672,
        0.05677451100000001,
        0.056843188
      ],
      "exit_codes": [
        0,
        0,
        0,
        0,
        0,
        0,
        0,
        0,
        0,
        0,
        0,
        0
      ]
    }
  ]
}
