{
  "results": [
    {
      "command": "change_picorv32_signals_10_window_8us_trigger_signal",
      "mean": 0.14040846020000003,
      "stddev": 0.0006746083090065651,
      "median": 0.140229096,
      "user": 0.09024659999999998,
      "system": 0.030290799999999996,
      "min": 0.139788349,
      "max": 0.141398889,
      "times": [
        0.139788349,
        0.140229096,
        0.13986326400000001,
        0.141398889,
        0.14076270300000002
      ],
      "exit_codes": [
        0,
        0,
        0,
        0,
        0
      ]
    }
  ]
}
