{
  "results": [
    {
      "command": "change_chipyard_dualrocketconfig_dhrystone_signals_100_window_8us_trigger_any",
      "mean": 0.189701634,
      "stddev": 0.0010073052963900718,
      "median": 0.189621578,
      "user": 0.12340739999999999,
      "system": 0.0514436,
      "min": 0.18834102800000002,
      "max": 0.191080402,
      "times": [
        0.190118639,
        0.191080402,
        0.18934652300000002,
        0.189621578,
        0.18834102800000002
      ],
      "exit_codes": [
        0,
        0,
        0,
        0,
        0
      ]
    }
  ]
}
