{
  "results": [
    {
      "command": "change_chipyard_clusteredrocketconfig_dhrystone_signals_1_window_2us_trigger_any",
      "mean": 0.1406512972,
      "stddev": 0.0010088393571861217,
      "median": 0.14052461600000002,
      "user": 0.06920879999999999,
      "system": 0.0470322,
      "min": 0.139651621,
      "max": 0.14232071400000001,
      "times": [
        0.139651621,
        0.14232071400000001,
        0.140625956,
        0.140133579,
        0.14052461600000002
      ],
      "exit_codes": [
        0,
        0,
        0,
        0,
        0
      ]
    }
  ]
}
