{
  "results": [
    {
      "command": "change_picorv32_signals_100_window_2us_trigger_posedge_clk",
      "mean": 0.41025829859999996,
      "stddev": 0.028503287636000196,
      "median": 0.391360292,
      "user": 0.3393566,
      "system": 0.04973280000000001,
      "min": 0.38738178300000004,
      "max": 0.44386395300000003,
      "times": [
        0.389780823,
        0.438904642,
        0.44386395300000003,
        0.391360292,
        0.38738178300000004
      ],
      "exit_codes": [
        0,
        0,
        0,
        0,
        0
      ]
    }
  ]
}
