{
  "results": [
    {
      "command": "change_scr1_coremark_imem_axi_2sig_to_1000ps",
      "mean": 0.08422859155555557,
      "stddev": 0.015307514665995793,
      "median": 0.09099963600000001,
      "user": 0.03749077777777778,
      "system": 0.023151888888888892,
      "min": 0.056473656000000004,
      "max": 0.09403159300000001,
      "times": [
        0.09403159300000001,
        0.090788621,
        0.091660664,
        0.09099963600000001,
        0.058133354000000005,
        0.09077765,
        0.056473656000000004,
        0.092847947,
        0.092344203
      ],
      "exit_codes": [
        0,
        0,
        0,
        0,
        0,
        0,
        0,
        0,
        0
      ]
    }
  ]
}
