{
  "results": [
    {
      "command": "change_chipyard_clusteredrocketconfig_dhrystone_signals_10_window_2us_trigger_any",
      "mean": 0.21014295880000003,
      "stddev": 0.02793167238942577,
      "median": 0.19025639500000002,
      "user": 0.1376928,
      "system": 0.0551534,
      "min": 0.18949243300000002,
      "max": 0.24152648300000001,
      "times": [
        0.18950095700000003,
        0.18949243300000002,
        0.239938526,
        0.24152648300000001,
        0.19025639500000002
      ],
      "exit_codes": [
        0,
        0,
        0,
        0,
        0
      ]
    }
  ]
}
