{
  "results": [
    {
      "command": "change_scr1_signals_10_window_4ns_trigger_any",
      "mean": 0.057609200555555566,
      "stddev": 0.0017763630773811486,
      "median": 0.057422786,
      "user": 0.036915444444444445,
      "system": 0.01532988888888889,
      "min": 0.055011288000000005,
      "max": 0.060325420000000005,
      "times": [
        0.056792501,
        0.05852289,
        0.060325420000000005,
        0.05978742,
        0.057275111000000004,
        0.057891261000000006,
        0.057422786,
        0.055454128000000005,
        0.055011288000000005
      ],
      "exit_codes": [
        0,
        0,
        0,
        0,
        0,
        0,
        0,
        0,
        0
      ]
    }
  ]
}
