{
  "results": [
    {
      "command": "change_scr1_signals_100_window_8ns_trigger_posedge_clk",
      "mean": 0.19160873683333335,
      "stddev": 0.0012419678113646,
      "median": 0.19135935800000003,
      "user": 0.14172366666666666,
      "system": 0.023069499999999996,
      "min": 0.189864066,
      "max": 0.193070174,
      "times": [
        0.19167751400000002,
        0.19297445400000002,
        0.19102501100000002,
        0.189864066,
        0.193070174,
        0.19104120200000002
      ],
      "exit_codes": [
        0,
        0,
        0,
        0,
        0,
        0
      ]
    }
  ]
}
