{
  "results": [
    {
      "command": "change_picorv32_signals_10_window_32us_trigger_signal",
      "mean": 0.138896774,
      "stddev": 0.0015333440517421356,
      "median": 0.13881010500000002,
      "user": 0.09375339999999999,
      "system": 0.031342,
      "min": 0.13725204900000001,
      "max": 0.141030666,
      "times": [
        0.13881010500000002,
        0.141030666,
        0.13725204900000001,
        0.137681265,
        0.139709785
      ],
      "exit_codes": [
        0,
        0,
        0,
        0,
        0
      ]
    }
  ]
}
