{
  "results": [
    {
      "command": "change_scr1_signals_100_pos_50_window_2000_trigger_posedge_clk",
      "mean": 11.861650464999999,
      "stddev": 0.027970133608072437,
      "median": 11.8568717985,
      "user": 11.564005833333333,
      "system": 0.2959578333333333,
      "min": 11.836068438,
      "max": 11.911140825,
      "times": [
        11.911140825,
        11.872216475,
        11.860727753,
        11.853015844,
        11.836733455000001,
        11.836068438
      ],
      "exit_codes": [
        0,
        0,
        0,
        0,
        0,
        0
      ]
    }
  ]
}
