{
  "results": [
    {
      "command": "change_chipyard_dualrocketconfig_dhrystone_signals_100_window_2us_trigger_any",
      "mean": 0.1888667564,
      "stddev": 0.0013832468934569446,
      "median": 0.189407297,
      "user": 0.1283576,
      "system": 0.04759079999999999,
      "min": 0.18692199,
      "max": 0.190401921,
      "times": [
        0.18692199,
        0.189580352,
        0.189407297,
        0.190401921,
        0.18802222200000002
      ],
      "exit_codes": [
        0,
        0,
        0,
        0,
        0
      ]
    }
  ]
}
