{
  "results": [
    {
      "command": "change_picorv32_signals_100_window_2us_trigger_signal",
      "mean": 0.44174748519999996,
      "stddev": 0.0021866783896859754,
      "median": 0.44057452900000005,
      "user": 0.3515014,
      "system": 0.048017199999999996,
      "min": 0.43997304400000004,
      "max": 0.444594168,
      "times": [
        0.439996023,
        0.443599662,
        0.43997304400000004,
        0.44057452900000005,
        0.444594168
      ],
      "exit_codes": [
        0,
        0,
        0,
        0,
        0
      ]
    }
  ]
}
