{
  "results": [
    {
      "command": "change_chipyard_clusteredrocketconfig_dhrystone_signals_1_pos_50_window_2000_trigger_any",
      "mean": 0.27169110875,
      "stddev": 0.0035439410065631286,
      "median": 0.2712793495,
      "user": 0.1990618333333333,
      "system": 0.07235916666666665,
      "min": 0.267486759,
      "max": 0.280396446,
      "times": [
        0.26915515500000003,
        0.272433657,
        0.268606777,
        0.267486759,
        0.271311234,
        0.27397424400000003,
        0.268489268,
        0.280396446,
        0.27301895400000004,
        0.274358013,
        0.269815333,
        0.271247465
      ],
      "exit_codes": [
        0,
        0,
        0,
        0,
        0,
        0,
        0,
        0,
        0,
        0,
        0,
        0
      ]
    }
  ]
}
