{
  "results": [
    {
      "command": "change_scr1_signals_100_window_8ns_trigger_posedge_clk",
      "mean": 0.19043331700000002,
      "stddev": 0.0008907055626616494,
      "median": 0.1907883965,
      "user": 0.137982,
      "system": 0.02386033333333333,
      "min": 0.189005688,
      "max": 0.19129025700000002,
      "times": [
        0.190728484,
        0.19104374500000001,
        0.19084830900000002,
        0.19129025700000002,
        0.189005688,
        0.18968341900000002
      ],
      "exit_codes": [
        0,
        0,
        0,
        0,
        0,
        0
      ]
    }
  ]
}
