{
  "results": [
    {
      "command": "change_picorv32_signals_1_window_32us_trigger_signal",
      "mean": 0.08951741580000001,
      "stddev": 0.0012290788098086743,
      "median": 0.08948639600000001,
      "user": 0.054320400000000005,
      "system": 0.025448199999999997,
      "min": 0.088106033,
      "max": 0.09138634400000001,
      "times": [
        0.089786709,
        0.09138634400000001,
        0.08948639600000001,
        0.088106033,
        0.088821597
      ],
      "exit_codes": [
        0,
        0,
        0,
        0,
        0
      ]
    }
  ]
}
