{
  "results": [
    {
      "command": "change_chipyard_clusteredrocketconfig_dhrystone_signals_100_window_32us_trigger_any",
      "mean": 0.24990665100000004,
      "stddev": 0.023725378598453695,
      "median": 0.23975294000000003,
      "user": 0.17654759999999997,
      "system": 0.0606302,
      "min": 0.23866958100000002,
      "max": 0.292335763,
      "times": [
        0.23996607800000003,
        0.23866958100000002,
        0.23975294000000003,
        0.23880889300000002,
        0.292335763
      ],
      "exit_codes": [
        0,
        0,
        0,
        0,
        0
      ]
    }
  ]
}
