{
  "results": [
    {
      "command": "change_scr1_signals_10_window_2ns_trigger_any",
      "mean": 0.05623673677777779,
      "stddev": 0.0008193909827240253,
      "median": 0.056253923000000004,
      "user": 0.03593933333333334,
      "system": 0.013901999999999998,
      "min": 0.055123264000000005,
      "max": 0.057245250000000004,
      "times": [
        0.056047595000000006,
        0.057033523,
        0.05564888900000001,
        0.056387002000000006,
        0.055123264000000005,
        0.055177795,
        0.057245250000000004,
        0.056253923000000004,
        0.05721339
      ],
      "exit_codes": [
        0,
        0,
        0,
        0,
        0,
        0,
        0,
        0,
        0
      ]
    }
  ]
}
