{
  "results": [
    {
      "command": "change_chipyard_dualrocketconfig_dhrystone_signals_100_window_8us_trigger_any",
      "mean": 4.4341031008,
      "stddev": 0.026831423719845728,
      "median": 4.452511877,
      "user": 3.6692167999999996,
      "system": 0.7397142,
      "min": 4.403357234,
      "max": 4.455480202,
      "times": [
        4.452511877,
        4.455480202,
        4.453010307,
        4.403357234,
        4.406155884
      ],
      "exit_codes": [
        0,
        0,
        0,
        0,
        0
      ]
    }
  ]
}
