{
  "results": [
    {
      "command": "change_chipyard_dualrocketconfig_dhrystone_signals_100_window_8000000_trigger_posedge_clk",
      "mean": 161.799936083,
      "stddev": null,
      "median": 161.799936083,
      "user": 157.16419,
      "system": 4.783606,
      "min": 161.799936083,
      "max": 161.799936083,
      "times": [
        161.799936083
      ],
      "exit_codes": [
        0
      ]
    }
  ]
}
