{
  "results": [
    {
      "command": "change_picorv32_signals_100_window_32us_trigger_any",
      "mean": 0.389907112,
      "stddev": 0.001621339409811682,
      "median": 0.389325162,
      "user": 0.33442120000000003,
      "system": 0.051937,
      "min": 0.388088384,
      "max": 0.392370763,
      "times": [
        0.390506882,
        0.388088384,
        0.392370763,
        0.38924436900000003,
        0.389325162
      ],
      "exit_codes": [
        0,
        0,
        0,
        0,
        0
      ]
    }
  ]
}
