{
  "results": [
    {
      "command": "change_chipyard_clusteredrocketconfig_dhrystone_signals_1_window_32us_trigger_any",
      "mean": 0.18988142860000004,
      "stddev": 0.001370252382445218,
      "median": 0.19034562600000002,
      "user": 0.09059039999999999,
      "system": 0.0646308,
      "min": 0.188399892,
      "max": 0.191511646,
      "times": [
        0.188513265,
        0.188399892,
        0.19034562600000002,
        0.190636714,
        0.191511646
      ],
      "exit_codes": [
        0,
        0,
        0,
        0,
        0
      ]
    }
  ]
}
