{
  "results": [
    {
      "command": "change_picorv32_signals_1_window_8us_trigger_posedge_clk",
      "mean": 0.1400612552,
      "stddev": 0.0009662970752960503,
      "median": 0.140107592,
      "user": 0.06921340000000001,
      "system": 0.0263704,
      "min": 0.13874857000000002,
      "max": 0.14130815700000002,
      "times": [
        0.13874857000000002,
        0.14130815700000002,
        0.140547779,
        0.140107592,
        0.139594178
      ],
      "exit_codes": [
        0,
        0,
        0,
        0,
        0
      ]
    }
  ]
}
