{
  "results": [
    {
      "command": "change_scr1_signals_100_window_8ns_trigger_any",
      "mean": 0.19170427266666668,
      "stddev": 0.0030762535571768283,
      "median": 0.19042674850000002,
      "user": 0.14260133333333333,
      "system": 0.022980333333333335,
      "min": 0.18909028300000003,
      "max": 0.19648235600000002,
      "times": [
        0.19456619800000002,
        0.190210868,
        0.18909028300000003,
        0.19648235600000002,
        0.18923330200000002,
        0.190642629
      ],
      "exit_codes": [
        0,
        0,
        0,
        0,
        0,
        0
      ]
    }
  ]
}
