{
  "results": [
    {
      "command": "change_chipyard_dualrocketconfig_dhrystone_signals_1_window_32us_trigger_signal",
      "mean": 0.1904415404,
      "stddev": 0.0009407872604913439,
      "median": 0.19035616300000002,
      "user": 0.0930324,
      "system": 0.0567912,
      "min": 0.189496972,
      "max": 0.19174945300000001,
      "times": [
        0.19097022300000002,
        0.19035616300000002,
        0.189496972,
        0.189634891,
        0.19174945300000001
      ],
      "exit_codes": [
        0,
        0,
        0,
        0,
        0
      ]
    }
  ]
}
