{
  "results": [
    {
      "command": "change_chipyard_clusteredrocketconfig_dhrystone_signals_1_window_2us_trigger_any",
      "mean": 0.14126696619999998,
      "stddev": 0.0014020125446377843,
      "median": 0.140968837,
      "user": 0.06806540000000001,
      "system": 0.049349399999999995,
      "min": 0.139627585,
      "max": 0.14350021100000002,
      "times": [
        0.139627585,
        0.14128492,
        0.14095327800000002,
        0.14350021100000002,
        0.140968837
      ],
      "exit_codes": [
        0,
        0,
        0,
        0,
        0
      ]
    }
  ]
}
