{
  "results": [
    {
      "command": "change_picorv32_signals_10_window_32000000_trigger_any",
      "mean": 2.700131774,
      "stddev": null,
      "median": 2.700131774,
      "user": 2.594048,
      "system": 0.072714,
      "min": 2.700131774,
      "max": 2.700131774,
      "times": [
        2.700131774
      ],
      "exit_codes": [
        0
      ]
    }
  ]
}
