{
  "results": [
    {
      "command": "change_scr1_signals_1_window_2ns_trigger_any",
      "mean": 0.058264030083333335,
      "stddev": 0.002165405645436249,
      "median": 0.057934054500000005,
      "user": 0.03031083333333333,
      "system": 0.016172166666666668,
      "min": 0.054844784,
      "max": 0.062565903,
      "times": [
        0.056196447000000004,
        0.062565903,
        0.057964795000000006,
        0.061345737000000004,
        0.057903314000000004,
        0.057810527,
        0.054844784,
        0.056790101,
        0.056596732000000004,
        0.05882152400000001,
        0.059551784,
        0.058776713
      ],
      "exit_codes": [
        0,
        0,
        0,
        0,
        0,
        0,
        0,
        0,
        0,
        0,
        0,
        0
      ]
    }
  ]
}
