{
  "results": [
    {
      "command": "change_picorv32_signals_100_window_8000000_trigger_posedge_clk",
      "mean": 46.865943231,
      "stddev": null,
      "median": 46.865943231,
      "user": 46.28118,
      "system": 0.585492,
      "min": 46.865943231,
      "max": 46.865943231,
      "times": [
        46.865943231
      ],
      "exit_codes": [
        0
      ]
    }
  ]
}
