{
  "results": [
    {
      "command": "change_scr1_signals_1_window_8ns_trigger_any",
      "mean": 0.05756320616666668,
      "stddev": 0.0014901670857137175,
      "median": 0.057732112,
      "user": 0.030624416666666664,
      "system": 0.015957583333333334,
      "min": 0.054274653000000006,
      "max": 0.059817041,
      "times": [
        0.059405080000000006,
        0.057664761,
        0.058381594,
        0.056720313,
        0.057099142000000006,
        0.058101188000000005,
        0.056592474000000004,
        0.059817041,
        0.058505246000000004,
        0.057799463,
        0.054274653000000006,
        0.056397519
      ],
      "exit_codes": [
        0,
        0,
        0,
        0,
        0,
        0,
        0,
        0,
        0,
        0,
        0,
        0
      ]
    }
  ]
}
