{
  "results": [
    {
      "command": "change_scr1_signals_1_pos_50_window_2000_trigger_posedge_clk",
      "mean": 0.13971038200000002,
      "stddev": 0.005622496584585567,
      "median": 0.1387220405,
      "user": 0.12596424999999997,
      "system": 0.013404333333333332,
      "min": 0.13449894,
      "max": 0.154956584,
      "times": [
        0.154956584,
        0.143195801,
        0.138609654,
        0.140150623,
        0.136575572,
        0.134761712,
        0.142262672,
        0.14093623600000002,
        0.138834427,
        0.134871608,
        0.136870755,
        0.13449894
      ],
      "exit_codes": [
        0,
        0,
        0,
        0,
        0,
        0,
        0,
        0,
        0,
        0,
        0,
        0
      ]
    }
  ]
}
