{
  "results": [
    {
      "command": "change_chipyard_clusteredrocketconfig_dhrystone_signals_1_window_8us_trigger_any",
      "mean": 0.13966750760000002,
      "stddev": 0.0015844975042459948,
      "median": 0.13916814700000002,
      "user": 0.0686992,
      "system": 0.048387799999999995,
      "min": 0.137945951,
      "max": 0.142113039,
      "times": [
        0.13916814700000002,
        0.137945951,
        0.138913499,
        0.142113039,
        0.140196902
      ],
      "exit_codes": [
        0,
        0,
        0,
        0,
        0
      ]
    }
  ]
}
