{
  "results": [
    {
      "command": "change_scr1_signals_100_pos_50_window_2ns_trigger_any",
      "mean": 0.1911260975,
      "stddev": 0.0013043377258479898,
      "median": 0.19081754,
      "user": 0.13364366666666666,
      "system": 0.026427500000000003,
      "min": 0.18961598400000002,
      "max": 0.19313200800000002,
      "times": [
        0.18961598400000002,
        0.192088475,
        0.19313200800000002,
        0.19038257,
        0.19028503800000002,
        0.19125251000000001
      ],
      "exit_codes": [
        0,
        0,
        0,
        0,
        0,
        0
      ]
    }
  ]
}
