{
  "results": [
    {
      "command": "change_scr1_signals_100_window_4ns_trigger_any",
      "mean": 5.570997190499999,
      "stddev": 0.02455035541213468,
      "median": 5.556255877,
      "user": 4.624407499999999,
      "system": 0.9279506666666667,
      "min": 5.5533733860000005,
      "max": 5.604285853,
      "times": [
        5.554836986,
        5.556715478,
        5.604285853,
        5.5533733860000005,
        5.555796276,
        5.600975164
      ],
      "exit_codes": [
        0,
        0,
        0,
        0,
        0,
        0
      ]
    }
  ]
}
