{
  "results": [
    {
      "command": "change_picorv32_signals_10_window_2us_trigger_posedge_clk",
      "mean": 0.13975194740000002,
      "stddev": 0.0006776152385194731,
      "median": 0.139748968,
      "user": 0.09106099999999999,
      "system": 0.029238999999999998,
      "min": 0.13882576400000002,
      "max": 0.14073943800000002,
      "times": [
        0.13882576400000002,
        0.139748968,
        0.139691269,
        0.139754298,
        0.14073943800000002
      ],
      "exit_codes": [
        0,
        0,
        0,
        0,
        0
      ]
    }
  ]
}
