{
  "results": [
    {
      "command": "change_chipyard_dualrocketconfig_dhrystone_signals_10_window_32us_trigger_posedge_clk",
      "mean": 0.1899768686,
      "stddev": 0.0024631386689306124,
      "median": 0.189022968,
      "user": 0.12016439999999999,
      "system": 0.05521739999999999,
      "min": 0.18798282300000002,
      "max": 0.193938037,
      "times": [
        0.193938037,
        0.18798282300000002,
        0.18820972200000002,
        0.189022968,
        0.190730793
      ],
      "exit_codes": [
        0,
        0,
        0,
        0,
        0
      ]
    }
  ]
}
