{
  "results": [
    {
      "command": "change_picorv32_signals_10_window_32us_trigger_any",
      "mean": 0.14223641700000003,
      "stddev": 0.0009665526223682779,
      "median": 0.14221572000000002,
      "user": 0.08329659999999998,
      "system": 0.028078199999999998,
      "min": 0.140938808,
      "max": 0.143363518,
      "times": [
        0.141713941,
        0.140938808,
        0.142950098,
        0.14221572000000002,
        0.143363518
      ],
      "exit_codes": [
        0,
        0,
        0,
        0,
        0
      ]
    }
  ]
}
