{
  "results": [
    {
      "command": "change_chipyard_dualrocketconfig_dhrystone_signals_100_window_32000000_trigger_any",
      "mean": 82.048525165,
      "stddev": null,
      "median": 82.048525165,
      "user": 79.544922,
      "system": 2.569413,
      "min": 82.048525165,
      "max": 82.048525165,
      "times": [
        82.048525165
      ],
      "exit_codes": [
        0
      ]
    }
  ]
}
