{
  "results": [
    {
      "command": "change_scr1_signals_100_window_4ns_trigger_any",
      "mean": 0.1898717725,
      "stddev": 0.001478840453131,
      "median": 0.1896620715,
      "user": 0.14019566666666666,
      "system": 0.028697499999999997,
      "min": 0.18834889100000002,
      "max": 0.19178572500000002,
      "times": [
        0.188435975,
        0.190236235,
        0.19178572500000002,
        0.18834889100000002,
        0.189087908,
        0.191335901
      ],
      "exit_codes": [
        0,
        0,
        0,
        0,
        0,
        0
      ]
    }
  ]
}
