{
  "results": [
    {
      "command": "change_picorv32_signals_10_window_2us_trigger_any",
      "mean": 0.1418442794,
      "stddev": 0.000630907951534375,
      "median": 0.142189441,
      "user": 0.08463459999999999,
      "system": 0.025622,
      "min": 0.141010771,
      "max": 0.142448696,
      "times": [
        0.141010771,
        0.142448696,
        0.142236939,
        0.14133555,
        0.142189441
      ],
      "exit_codes": [
        0,
        0,
        0,
        0,
        0
      ]
    }
  ]
}
