{
  "results": [
    {
      "command": "change_picorv32_signals_1_window_2000000_trigger_any",
      "mean": 1.996247346,
      "stddev": null,
      "median": 1.996247346,
      "user": 1.927895,
      "system": 0.048943999999999994,
      "min": 1.996247346,
      "max": 1.996247346,
      "times": [
        1.996247346
      ],
      "exit_codes": [
        0
      ]
    }
  ]
}
