{
  "results": [
    {
      "command": "change_scr1_signals_1_window_2ns_trigger_signal",
      "mean": 0.056469964333333345,
      "stddev": 0.0007319345424105205,
      "median": 0.056266801000000005,
      "user": 0.03518975,
      "system": 0.017274833333333333,
      "min": 0.055609945,
      "max": 0.057693178000000005,
      "times": [
        0.055611739,
        0.056173772000000004,
        0.05571792800000001,
        0.056996954,
        0.057454151,
        0.057258615000000006,
        0.057693178000000005,
        0.056266886,
        0.056651978000000006,
        0.056266716,
        0.05593771,
        0.055609945
      ],
      "exit_codes": [
        0,
        0,
        0,
        0,
        0,
        0,
        0,
        0,
        0,
        0,
        0,
        0
      ]
    }
  ]
}
