{
  "results": [
    {
      "command": "change_chipyard_clusteredrocketconfig_dhrystone_signals_100_window_8us_trigger_posedge_clk",
      "mean": 0.3000641924,
      "stddev": 0.022575787046971087,
      "median": 0.28952463700000003,
      "user": 0.20480539999999997,
      "system": 0.0807016,
      "min": 0.28908021,
      "max": 0.340403297,
      "times": [
        0.340403297,
        0.28908021,
        0.289499169,
        0.28952463700000003,
        0.291813649
      ],
      "exit_codes": [
        0,
        0,
        0,
        0,
        0
      ]
    }
  ]
}
