{
  "results": [
    {
      "command": "change_chipyard_dualrocketconfig_dhrystone_signals_10_pos_50_window_4000_trigger_posedge_clk",
      "mean": 1.5156925975555557,
      "stddev": 0.018784458651602175,
      "median": 1.521941051,
      "user": 1.406543222222222,
      "system": 0.10865744444444443,
      "min": 1.4905871670000002,
      "max": 1.537237501,
      "times": [
        1.537237501,
        1.521941051,
        1.492459442,
        1.533091061,
        1.528491245,
        1.5128980250000001,
        1.4905871670000002,
        1.494212267,
        1.530315619
      ],
      "exit_codes": [
        0,
        0,
        0,
        0,
        0,
        0,
        0,
        0,
        0
      ]
    }
  ]
}
