{
  "results": [
    {
      "command": "change_picorv32_signals_1_window_32us_trigger_signal",
      "mean": 0.0907277036,
      "stddev": 0.0008544826467677982,
      "median": 0.090771682,
      "user": 0.0547468,
      "system": 0.021518000000000002,
      "min": 0.08963826100000001,
      "max": 0.09185090200000001,
      "times": [
        0.09185090200000001,
        0.090205542,
        0.090771682,
        0.08963826100000001,
        0.091172131
      ],
      "exit_codes": [
        0,
        0,
        0,
        0,
        0
      ]
    }
  ]
}
