{
  "results": [
    {
      "command": "change_chipyard_dualrocketconfig_dhrystone_signals_1_window_32us_trigger_any",
      "mean": 0.13935355060000001,
      "stddev": 0.0009109713752422777,
      "median": 0.13905835800000002,
      "user": 0.07570279999999999,
      "system": 0.0582338,
      "min": 0.138396508,
      "max": 0.14084470200000002,
      "times": [
        0.138396508,
        0.139413443,
        0.139054742,
        0.13905835800000002,
        0.14084470200000002
      ],
      "exit_codes": [
        0,
        0,
        0,
        0,
        0
      ]
    }
  ]
}
