{
  "results": [
    {
      "command": "change_chipyard_dualrocketconfig_dhrystone_signals_100_pos_50_window_2000_trigger_signal",
      "mean": 7.6617019035,
      "stddev": 0.0800706524491602,
      "median": 7.6457657245,
      "user": 7.387217166666666,
      "system": 0.2731316666666666,
      "min": 7.580014049,
      "max": 7.779479808,
      "times": [
        7.779479808,
        7.593149969,
        7.6128581230000005,
        7.726036146,
        7.580014049,
        7.678673326
      ],
      "exit_codes": [
        0,
        0,
        0,
        0,
        0,
        0
      ]
    }
  ]
}
