{
  "results": [
    {
      "command": "change_scr1_signals_1_pos_50_window_8000_trigger_any",
      "mean": 0.07922588991666667,
      "stddev": 0.0018089908239275541,
      "median": 0.07885143950000001,
      "user": 0.06834,
      "system": 0.01066575,
      "min": 0.077400179,
      "max": 0.08289476900000001,
      "times": [
        0.07871605500000001,
        0.07918006600000001,
        0.079776884,
        0.08289476900000001,
        0.08236657900000001,
        0.077650258,
        0.080067389,
        0.078233351,
        0.077719468,
        0.077718857,
        0.077400179,
        0.07898682400000001
      ],
      "exit_codes": [
        0,
        0,
        0,
        0,
        0,
        0,
        0,
        0,
        0,
        0,
        0,
        0
      ]
    }
  ]
}
