{
  "results": [
    {
      "command": "change_chipyard_clusteredrocketconfig_dhrystone_signals_1_pos_50_window_2000_trigger_posedge_clk",
      "mean": 0.27317434875,
      "stddev": 0.006781314111857074,
      "median": 0.2714533515,
      "user": 0.19902766666666663,
      "system": 0.07389583333333331,
      "min": 0.266433647,
      "max": 0.290243827,
      "times": [
        0.278013352,
        0.271518453,
        0.266433647,
        0.26953549800000004,
        0.290243827,
        0.269350572,
        0.272132033,
        0.27138825,
        0.267018233,
        0.28006368400000003,
        0.26823343,
        0.274161206
      ],
      "exit_codes": [
        0,
        0,
        0,
        0,
        0,
        0,
        0,
        0,
        0,
        0,
        0,
        0
      ]
    }
  ]
}
