{
  "results": [
    {
      "command": "change_scr1_signals_1_pos_50_window_4000_trigger_any",
      "mean": 0.07911173,
      "stddev": 0.0019280275580804895,
      "median": 0.07831006800000001,
      "user": 0.06807241666666666,
      "system": 0.010825916666666666,
      "min": 0.077053297,
      "max": 0.082207268,
      "times": [
        0.078497895,
        0.077053297,
        0.07749243,
        0.077309187,
        0.077889305,
        0.079478273,
        0.08022362000000001,
        0.07812224100000001,
        0.07752474200000001,
        0.081375079,
        0.082207268,
        0.082167423
      ],
      "exit_codes": [
        0,
        0,
        0,
        0,
        0,
        0,
        0,
        0,
        0,
        0,
        0,
        0
      ]
    }
  ]
}
