{
  "results": [
    {
      "command": "change_scr1_signals_100_pos_50_window_4000_trigger_posedge_clk",
      "mean": 11.699520376333334,
      "stddev": 0.033443875962841055,
      "median": 11.693201987,
      "user": 11.3820215,
      "system": 0.31496433333333335,
      "min": 11.662814211,
      "max": 11.756967643,
      "times": [
        11.756967643,
        11.714940306,
        11.699281642,
        11.687122332,
        11.662814211,
        11.675996124000001
      ],
      "exit_codes": [
        0,
        0,
        0,
        0,
        0,
        0
      ]
    }
  ]
}
