{
  "results": [
    {
      "command": "change_chipyard_dualrocketconfig_dhrystone_signals_10_window_2000000_trigger_any",
      "mean": 8.461781856,
      "stddev": null,
      "median": 8.461781856,
      "user": 8.127535,
      "system": 0.320773,
      "min": 8.461781856,
      "max": 8.461781856,
      "times": [
        8.461781856
      ],
      "exit_codes": [
        0
      ]
    }
  ]
}
