{
  "results": [
    {
      "command": "change_picorv32_signals_1_window_8us_trigger_any",
      "mean": 0.09120427119999999,
      "stddev": 0.0008209543896561488,
      "median": 0.091237782,
      "user": 0.039956599999999995,
      "system": 0.02274,
      "min": 0.09005703000000001,
      "max": 0.09209674100000001,
      "times": [
        0.09005703000000001,
        0.091237782,
        0.09078688700000001,
        0.09209674100000001,
        0.09184291600000001
      ],
      "exit_codes": [
        0,
        0,
        0,
        0,
        0
      ]
    }
  ]
}
