{
  "results": [
    {
      "command": "change_picorv32_signals_10_window_32000000_trigger_signal",
      "mean": 10.214628436,
      "stddev": null,
      "median": 10.214628436,
      "user": 10.075097999999999,
      "system": 0.145405,
      "min": 10.214628436,
      "max": 10.214628436,
      "times": [
        10.214628436
      ],
      "exit_codes": [
        0
      ]
    }
  ]
}
