{
  "results": [
    {
      "command": "change_picorv32_signals_1_window_8us_trigger_any",
      "mean": 0.0905360724,
      "stddev": 0.002630696074409547,
      "median": 0.090782659,
      "user": 0.0409746,
      "system": 0.0207264,
      "min": 0.086760927,
      "max": 0.093266002,
      "times": [
        0.09260845300000001,
        0.090782659,
        0.089262321,
        0.086760927,
        0.093266002
      ],
      "exit_codes": [
        0,
        0,
        0,
        0,
        0
      ]
    }
  ]
}
