{
  "results": [
    {
      "command": "change_scr1_signals_10_window_8ns_trigger_posedge_clk",
      "mean": 0.05702663111111111,
      "stddev": 0.0010345678572601512,
      "median": 0.056989501000000005,
      "user": 0.03800688888888889,
      "system": 0.015306888888888889,
      "min": 0.055640905000000004,
      "max": 0.058733772000000004,
      "times": [
        0.055640905000000004,
        0.057230894000000004,
        0.057848633,
        0.058733772000000004,
        0.058072317000000005,
        0.056032763000000006,
        0.056349585,
        0.056341310000000006,
        0.056989501000000005
      ],
      "exit_codes": [
        0,
        0,
        0,
        0,
        0,
        0,
        0,
        0,
        0
      ]
    }
  ]
}
