{
  "results": [
    {
      "command": "change_chipyard_dualrocketconfig_dhrystone_signals_10_window_32us_trigger_signal",
      "mean": 0.2390093958,
      "stddev": 0.0012124917047442905,
      "median": 0.23886236100000002,
      "user": 0.1580704,
      "system": 0.0686148,
      "min": 0.237585608,
      "max": 0.24036223,
      "times": [
        0.24011283300000003,
        0.24036223,
        0.238123947,
        0.23886236100000002,
        0.237585608
      ],
      "exit_codes": [
        0,
        0,
        0,
        0,
        0
      ]
    }
  ]
}
