{
  "results": [
    {
      "command": "change_chipyard_dualrocketconfig_dhrystone_signals_1_window_32us_trigger_posedge_clk",
      "mean": 0.592913793,
      "stddev": 0.0012518996831861274,
      "median": 0.5928909870000001,
      "user": 0.45554439999999996,
      "system": 0.0942166,
      "min": 0.591555183,
      "max": 0.594801215,
      "times": [
        0.5920556920000001,
        0.5928909870000001,
        0.594801215,
        0.593265888,
        0.591555183
      ],
      "exit_codes": [
        0,
        0,
        0,
        0,
        0
      ]
    }
  ]
}
