{
  "results": [
    {
      "command": "change_picorv32_signals_100_pos_50_window_4000_trigger_posedge_clk",
      "mean": 1.3217562445000002,
      "stddev": 0.017734586047759772,
      "median": 1.3145174389999998,
      "user": 1.2646436666666665,
      "system": 0.056491833333333324,
      "min": 1.309841589,
      "max": 1.356561788,
      "times": [
        1.315223976,
        1.323794693,
        1.3113045190000001,
        1.313810902,
        1.309841589,
        1.356561788
      ],
      "exit_codes": [
        0,
        0,
        0,
        0,
        0,
        0
      ]
    }
  ]
}
