{
  "results": [
    {
      "command": "change_picorv32_signals_10_window_32us_trigger_any",
      "mean": 0.591324618,
      "stddev": 0.0015067177730286921,
      "median": 0.5910495680000001,
      "user": 0.47515739999999995,
      "system": 0.0943832,
      "min": 0.589666832,
      "max": 0.5933582270000001,
      "times": [
        0.5933582270000001,
        0.589666832,
        0.592302882,
        0.5910495680000001,
        0.590245581
      ],
      "exit_codes": [
        0,
        0,
        0,
        0,
        0
      ]
    }
  ]
}
