{
  "results": [
    {
      "command": "change_chipyard_dualrocketconfig_dhrystone_signals_1_window_2us_trigger_posedge_clk",
      "mean": 0.2410295704,
      "stddev": 0.0020224597530851644,
      "median": 0.24036641400000003,
      "user": 0.14582420000000001,
      "system": 0.068158,
      "min": 0.23860736100000002,
      "max": 0.24379998400000003,
      "times": [
        0.24379998400000003,
        0.240107762,
        0.242266331,
        0.24036641400000003,
        0.23860736100000002
      ],
      "exit_codes": [
        0,
        0,
        0,
        0,
        0
      ]
    }
  ]
}
