{
  "results": [
    {
      "command": "change_scr1_signals_1_window_4ns_trigger_signal",
      "mean": 0.05651960916666666,
      "stddev": 0.0010396911637507674,
      "median": 0.056204269,
      "user": 0.0359185,
      "system": 0.01696425,
      "min": 0.055100170000000004,
      "max": 0.058199708,
      "times": [
        0.057220393,
        0.055100170000000004,
        0.057676698000000005,
        0.056166268000000005,
        0.055608112,
        0.055448994,
        0.057188023000000004,
        0.057756117,
        0.056242270000000004,
        0.058199708,
        0.055622549,
        0.056006008
      ],
      "exit_codes": [
        0,
        0,
        0,
        0,
        0,
        0,
        0,
        0,
        0,
        0,
        0,
        0
      ]
    }
  ]
}
