{
  "results": [
    {
      "command": "change_chipyard_clusteredrocketconfig_dhrystone_signals_1_window_8us_trigger_signal",
      "mean": 0.19227422400000002,
      "stddev": 0.0029748408276590995,
      "median": 0.191056525,
      "user": 0.0907168,
      "system": 0.06517919999999999,
      "min": 0.18936487200000002,
      "max": 0.196787081,
      "times": [
        0.191056525,
        0.196787081,
        0.193664244,
        0.190498398,
        0.18936487200000002
      ],
      "exit_codes": [
        0,
        0,
        0,
        0,
        0
      ]
    }
  ]
}
