{
  "results": [
    {
      "command": "change_scr1_signals_10_window_4ns_trigger_any",
      "mean": 0.05700446944444445,
      "stddev": 0.000497326708006195,
      "median": 0.056959721000000005,
      "user": 0.03593366666666667,
      "system": 0.01719244444444444,
      "min": 0.056333224,
      "max": 0.057846677000000006,
      "times": [
        0.057369551000000005,
        0.057846677000000006,
        0.056481292,
        0.05660235,
        0.056959721000000005,
        0.057493774000000004,
        0.056333224,
        0.057036555,
        0.056917081
      ],
      "exit_codes": [
        0,
        0,
        0,
        0,
        0,
        0,
        0,
        0,
        0
      ]
    }
  ]
}
