{
  "results": [
    {
      "command": "change_scr1_signals_10_window_2ns_trigger_signal",
      "mean": 0.05644534211111112,
      "stddev": 0.001152540373980392,
      "median": 0.056653877000000005,
      "user": 0.03692644444444444,
      "system": 0.015391333333333332,
      "min": 0.054219738,
      "max": 0.058434783000000004,
      "times": [
        0.054219738,
        0.056519022,
        0.058434783000000004,
        0.056735001,
        0.056683032,
        0.057225828000000006,
        0.056653877000000005,
        0.05575066,
        0.055786138000000006
      ],
      "exit_codes": [
        0,
        0,
        0,
        0,
        0,
        0,
        0,
        0,
        0
      ]
    }
  ]
}
