{
  "results": [
    {
      "command": "change_chipyard_dualrocketconfig_dhrystone_signals_1_window_8us_trigger_any",
      "mean": 0.1412152196,
      "stddev": 0.0015776568231916912,
      "median": 0.14144472900000002,
      "user": 0.05843079999999999,
      "system": 0.0458776,
      "min": 0.13883077500000002,
      "max": 0.14322700600000002,
      "times": [
        0.14322700600000002,
        0.141003754,
        0.13883077500000002,
        0.14144472900000002,
        0.141569834
      ],
      "exit_codes": [
        0,
        0,
        0,
        0,
        0
      ]
    }
  ]
}
