{
  "results": [
    {
      "command": "change_chipyard_clusteredrocketconfig_dhrystone_signals_100_window_32us_trigger_any",
      "mean": 0.26175940200000003,
      "stddev": 0.029411902384710482,
      "median": 0.24259026400000003,
      "user": 0.1749782,
      "system": 0.0648444,
      "min": 0.23872532700000001,
      "max": 0.294926173,
      "times": [
        0.292936132,
        0.23961911400000002,
        0.23872532700000001,
        0.24259026400000003,
        0.294926173
      ],
      "exit_codes": [
        0,
        0,
        0,
        0,
        0
      ]
    }
  ]
}
