{
  "results": [
    {
      "command": "change_picorv32_signals_1_window_2us_trigger_signal",
      "mean": 0.08875763880000001,
      "stddev": 0.0004973775329181033,
      "median": 0.0890042,
      "user": 0.052188799999999994,
      "system": 0.022723999999999998,
      "min": 0.08807235000000001,
      "max": 0.08917751900000001,
      "times": [
        0.08807235000000001,
        0.089142993,
        0.08839113200000001,
        0.08917751900000001,
        0.0890042
      ],
      "exit_codes": [
        0,
        0,
        0,
        0,
        0
      ]
    }
  ]
}
