{
  "results": [
    {
      "command": "change_picorv32_signals_100_pos_50_window_8000_trigger_any",
      "mean": 1.3200117446666668,
      "stddev": 0.010909829531785946,
      "median": 1.319839266,
      "user": 1.2657663333333333,
      "system": 0.0536575,
      "min": 1.304501928,
      "max": 1.3375246729999999,
      "times": [
        1.3375246729999999,
        1.304501928,
        1.318908889,
        1.320769643,
        1.314455121,
        1.323910214
      ],
      "exit_codes": [
        0,
        0,
        0,
        0,
        0,
        0
      ]
    }
  ]
}
