{
  "results": [
    {
      "command": "change_chipyard_dualrocketconfig_dhrystone_signals_10_window_8us_trigger_any",
      "mean": 0.1909284096,
      "stddev": 0.002977045595625434,
      "median": 0.190329471,
      "user": 0.1298836,
      "system": 0.0537662,
      "min": 0.188476962,
      "max": 0.196034705,
      "times": [
        0.18923140900000002,
        0.190329471,
        0.190569501,
        0.196034705,
        0.188476962
      ],
      "exit_codes": [
        0,
        0,
        0,
        0,
        0
      ]
    }
  ]
}
