{
  "results": [
    {
      "command": "change_chipyard_dualrocketconfig_dhrystone_signals_10_window_2us_trigger_posedge_clk",
      "mean": 0.24183965560000004,
      "stddev": 0.0012163162102859265,
      "median": 0.241007416,
      "user": 0.14481019999999997,
      "system": 0.062194799999999995,
      "min": 0.24094267100000002,
      "max": 0.24351649200000003,
      "times": [
        0.24276232700000003,
        0.24094267100000002,
        0.24096937200000001,
        0.24351649200000003,
        0.241007416
      ],
      "exit_codes": [
        0,
        0,
        0,
        0,
        0
      ]
    }
  ]
}
