{
  "results": [
    {
      "command": "change_chipyard_dualrocketconfig_dhrystone_signals_1_window_2us_trigger_signal",
      "mean": 0.138455356,
      "stddev": 0.0005869666995775814,
      "median": 0.138518943,
      "user": 0.07804199999999999,
      "system": 0.0551522,
      "min": 0.13761852300000002,
      "max": 0.13919499300000002,
      "times": [
        0.138518943,
        0.13761852300000002,
        0.13919499300000002,
        0.138723317,
        0.138221004
      ],
      "exit_codes": [
        0,
        0,
        0,
        0,
        0
      ]
    }
  ]
}
