{
  "results": [
    {
      "command": "change_chipyard_clusteredrocketconfig_dhrystone_signals_100_window_8us_trigger_posedge_clk",
      "mean": 0.282664876,
      "stddev": 0.024755163231405718,
      "median": 0.29201428700000004,
      "user": 0.1910606,
      "system": 0.0632064,
      "min": 0.23917432800000002,
      "max": 0.30112696,
      "times": [
        0.30112696,
        0.28842254300000003,
        0.29258626200000004,
        0.29201428700000004,
        0.23917432800000002
      ],
      "exit_codes": [
        0,
        0,
        0,
        0,
        0
      ]
    }
  ]
}
