{
  "results": [
    {
      "command": "change_scr1_signals_10_window_4ns_trigger_signal",
      "mean": 0.05609093277777778,
      "stddev": 0.0009082322811747812,
      "median": 0.056094582000000004,
      "user": 0.03595066666666666,
      "system": 0.016929555555555555,
      "min": 0.055253132,
      "max": 0.058184030000000005,
      "times": [
        0.055308386,
        0.056388306000000006,
        0.056221612000000004,
        0.055291685,
        0.056094582000000004,
        0.055253132,
        0.058184030000000005,
        0.055760942,
        0.05631572000000001
      ],
      "exit_codes": [
        0,
        0,
        0,
        0,
        0,
        0,
        0,
        0,
        0
      ]
    }
  ]
}
