{
  "results": [
    {
      "command": "change_chipyard_clusteredrocketconfig_dhrystone_signals_1_window_2us_trigger_posedge_clk",
      "mean": 0.23942904180000002,
      "stddev": 0.0013432393802069345,
      "median": 0.23932676400000003,
      "user": 0.15994039999999998,
      "system": 0.06861779999999998,
      "min": 0.237791317,
      "max": 0.241258093,
      "times": [
        0.23932676400000003,
        0.24015105900000003,
        0.237791317,
        0.241258093,
        0.238617976
      ],
      "exit_codes": [
        0,
        0,
        0,
        0,
        0
      ]
    }
  ]
}
