{
  "results": [
    {
      "command": "change_chipyard_dualrocketconfig_dhrystone_signals_1_window_2000000_trigger_signal",
      "mean": 124.704592242,
      "stddev": null,
      "median": 124.704592242,
      "user": 121.029348,
      "system": 3.7565049999999998,
      "min": 124.704592242,
      "max": 124.704592242,
      "times": [
        124.704592242
      ],
      "exit_codes": [
        0
      ]
    }
  ]
}
