{
  "results": [
    {
      "command": "change_chipyard_clusteredrocketconfig_dhrystone_signals_10_window_32000000_trigger_posedge_clk",
      "mean": 19.740443977,
      "stddev": null,
      "median": 19.740443977,
      "user": 18.755592,
      "system": 0.955851,
      "min": 19.740443977,
      "max": 19.740443977,
      "times": [
        19.740443977
      ],
      "exit_codes": [
        0
      ]
    }
  ]
}
