{
  "results": [
    {
      "command": "change_picorv32_signals_100_window_8000000_trigger_any",
      "mean": 23.902822184,
      "stddev": null,
      "median": 23.902822184,
      "user": 23.588144999999997,
      "system": 0.30915,
      "min": 23.902822184,
      "max": 23.902822184,
      "times": [
        23.902822184
      ],
      "exit_codes": [
        0
      ]
    }
  ]
}
