{
  "results": [
    {
      "command": "change_chipyard_dualrocketconfig_dhrystone_signals_1_window_32us_trigger_posedge_clk",
      "mean": 0.5923181948,
      "stddev": 0.0012658499763847269,
      "median": 0.592168589,
      "user": 0.4639926,
      "system": 0.091967,
      "min": 0.591037416,
      "max": 0.593893985,
      "times": [
        0.591037416,
        0.593893985,
        0.5933068690000001,
        0.591184115,
        0.592168589
      ],
      "exit_codes": [
        0,
        0,
        0,
        0,
        0
      ]
    }
  ]
}
