{
  "results": [
    {
      "command": "change_chipyard_clusteredrocketconfig_dhrystone_signals_10_window_32us_trigger_signal",
      "mean": 0.29100489820000003,
      "stddev": 0.0022523547272625976,
      "median": 0.289951946,
      "user": 0.1810062,
      "system": 0.08649319999999999,
      "min": 0.28952214600000004,
      "max": 0.294936507,
      "times": [
        0.28952214600000004,
        0.294936507,
        0.28978096000000003,
        0.29083293200000004,
        0.289951946
      ],
      "exit_codes": [
        0,
        0,
        0,
        0,
        0
      ]
    }
  ]
}
