{
  "results": [
    {
      "command": "change_picorv32_signals_1_window_32us_trigger_posedge_clk",
      "mean": 0.1405606938,
      "stddev": 0.001330169955707427,
      "median": 0.14065607700000002,
      "user": 0.06533359999999999,
      "system": 0.0275114,
      "min": 0.138548357,
      "max": 0.142010044,
      "times": [
        0.138548357,
        0.140158544,
        0.14143044700000001,
        0.14065607700000002,
        0.142010044
      ],
      "exit_codes": [
        0,
        0,
        0,
        0,
        0
      ]
    }
  ]
}
