{
  "results": [
    {
      "command": "change_chipyard_dualrocketconfig_dhrystone_signals_10_window_8us_trigger_any",
      "mean": 0.9423075156000001,
      "stddev": 0.0010308606879476149,
      "median": 0.9424766550000001,
      "user": 0.7332704000000001,
      "system": 0.18150119999999997,
      "min": 0.941228346,
      "max": 0.9438059070000001,
      "times": [
        0.942578675,
        0.9414479950000001,
        0.9438059070000001,
        0.9424766550000001,
        0.941228346
      ],
      "exit_codes": [
        0,
        0,
        0,
        0,
        0
      ]
    }
  ]
}
