{
  "results": [
    {
      "command": "change_chipyard_clusteredrocketconfig_dhrystone_signals_1_window_8us_trigger_signal",
      "mean": 0.19016872600000004,
      "stddev": 0.001277185770267388,
      "median": 0.19042054900000002,
      "user": 0.08733699999999998,
      "system": 0.0638388,
      "min": 0.18807189800000002,
      "max": 0.191324597,
      "times": [
        0.19042054900000002,
        0.190017702,
        0.19100888400000002,
        0.18807189800000002,
        0.191324597
      ],
      "exit_codes": [
        0,
        0,
        0,
        0,
        0
      ]
    }
  ]
}
