{
  "results": [
    {
      "command": "change_chipyard_clusteredrocketconfig_dhrystone_signals_10_window_2us_trigger_signal",
      "mean": 0.249095026,
      "stddev": 0.022119393207634026,
      "median": 0.23908024300000003,
      "user": 0.15733219999999998,
      "system": 0.07964979999999999,
      "min": 0.23845512900000002,
      "max": 0.288624924,
      "times": [
        0.23908024300000003,
        0.23847057800000002,
        0.288624924,
        0.23845512900000002,
        0.240844256
      ],
      "exit_codes": [
        0,
        0,
        0,
        0,
        0
      ]
    }
  ]
}
