{
  "results": [
    {
      "command": "change_chipyard_dualrocketconfig_dhrystone_signals_1_window_8us_trigger_signal",
      "mean": 0.1384976562,
      "stddev": 0.0008977096180320197,
      "median": 0.13836305200000001,
      "user": 0.0767296,
      "system": 0.0541308,
      "min": 0.13736077400000002,
      "max": 0.139848986,
      "times": [
        0.139848986,
        0.138662223,
        0.13836305200000001,
        0.13736077400000002,
        0.138253246
      ],
      "exit_codes": [
        0,
        0,
        0,
        0,
        0
      ]
    }
  ]
}
