{
  "results": [
    {
      "command": "change_chipyard_dualrocketconfig_dhrystone_signals_10_window_2000000_trigger_posedge_clk",
      "mean": 17.635949256,
      "stddev": null,
      "median": 17.635949256,
      "user": 17.041007999999998,
      "system": 0.5854469999999999,
      "min": 17.635949256,
      "max": 17.635949256,
      "times": [
        17.635949256
      ],
      "exit_codes": [
        0
      ]
    }
  ]
}
