{
  "results": [
    {
      "command": "change_scr1_signals_1_window_4ns_trigger_posedge_clk",
      "mean": 0.05726090991666668,
      "stddev": 0.001285510258185756,
      "median": 0.057374828,
      "user": 0.031101083333333335,
      "system": 0.014788666666666665,
      "min": 0.054292226000000006,
      "max": 0.059239110000000005,
      "times": [
        0.056383341000000003,
        0.059066987,
        0.057587437000000005,
        0.059239110000000005,
        0.057315016,
        0.056993524000000004,
        0.057748598000000005,
        0.05747762000000001,
        0.054292226000000006,
        0.056300437,
        0.057291983000000005,
        0.05743464
      ],
      "exit_codes": [
        0,
        0,
        0,
        0,
        0,
        0,
        0,
        0,
        0,
        0,
        0,
        0
      ]
    }
  ]
}
