{
  "results": [
    {
      "command": "change_scr1_signals_10_pos_50_window_4000_trigger_signal",
      "mean": 3.243682290666667,
      "stddev": 0.01279205862845692,
      "median": 3.240599472,
      "user": 3.1538748888888883,
      "system": 0.08887277777777776,
      "min": 3.226168595,
      "max": 3.263781414,
      "times": [
        3.226168595,
        3.2347290060000002,
        3.237802573,
        3.25412548,
        3.258134288,
        3.231467176,
        3.263781414,
        3.240599472,
        3.246332612
      ],
      "exit_codes": [
        0,
        0,
        0,
        0,
        0,
        0,
        0,
        0,
        0
      ]
    }
  ]
}
