{
  "results": [
    {
      "command": "change_picorv32_signals_100_window_32us_trigger_signal",
      "mean": 0.441315424,
      "stddev": 0.001343245721910917,
      "median": 0.44103669,
      "user": 0.363249,
      "system": 0.051937199999999996,
      "min": 0.440156027,
      "max": 0.443543829,
      "times": [
        0.44103669,
        0.441428857,
        0.443543829,
        0.440156027,
        0.44041171700000004
      ],
      "exit_codes": [
        0,
        0,
        0,
        0,
        0
      ]
    }
  ]
}
