{
  "results": [
    {
      "command": "change_chipyard_dualrocketconfig_dhrystone_signals_100_window_8us_trigger_signal",
      "mean": 0.239626868,
      "stddev": 0.0019022113555981412,
      "median": 0.23929118800000002,
      "user": 0.15531299999999998,
      "system": 0.0664508,
      "min": 0.237806118,
      "max": 0.24265904200000002,
      "times": [
        0.237806118,
        0.23929118800000002,
        0.24004581500000002,
        0.24265904200000002,
        0.238332177
      ],
      "exit_codes": [
        0,
        0,
        0,
        0,
        0
      ]
    }
  ]
}
