{
  "results": [
    {
      "command": "change_chipyard_clusteredrocketconfig_dhrystone_signals_10_pos_50_window_4000_trigger_posedge_clk",
      "mean": 1.7917535193333336,
      "stddev": 0.011507858408641821,
      "median": 1.7905136860000002,
      "user": 1.6459199999999998,
      "system": 0.14531688888888888,
      "min": 1.773759476,
      "max": 1.810244737,
      "times": [
        1.79576928,
        1.8027689480000002,
        1.7905136860000002,
        1.782608071,
        1.783422201,
        1.773759476,
        1.786397817,
        1.810244737,
        1.8002974580000002
      ],
      "exit_codes": [
        0,
        0,
        0,
        0,
        0,
        0,
        0,
        0,
        0
      ]
    }
  ]
}
