{
  "results": [
    {
      "command": "change_chipyard_dualrocketconfig_dhrystone_signals_1_window_8000000_trigger_any",
      "mean": 249.658150819,
      "stddev": null,
      "median": 249.658150819,
      "user": 242.174643,
      "system": 7.692578999999999,
      "min": 249.658150819,
      "max": 249.658150819,
      "times": [
        249.658150819
      ],
      "exit_codes": [
        0
      ]
    }
  ]
}
