{
  "results": [
    {
      "command": "change_scr1_signals_1_window_8ns_trigger_posedge_clk",
      "mean": 0.057558614583333334,
      "stddev": 0.0018344869416066093,
      "median": 0.056938271000000006,
      "user": 0.032818499999999994,
      "system": 0.014671083333333335,
      "min": 0.055068931,
      "max": 0.061168526,
      "times": [
        0.056307036000000005,
        0.05636648700000001,
        0.056334587000000005,
        0.05738325700000001,
        0.058709809,
        0.061168526,
        0.060036018000000003,
        0.055068931,
        0.055898729,
        0.058105043,
        0.056493285000000004,
        0.058831667000000004
      ],
      "exit_codes": [
        0,
        0,
        0,
        0,
        0,
        0,
        0,
        0,
        0,
        0,
        0,
        0
      ]
    }
  ]
}
