{
  "results": [
    {
      "command": "change_chipyard_clusteredrocketconfig_dhrystone_signals_100_window_32us_trigger_posedge_clk",
      "mean": 0.34139675760000004,
      "stddev": 0.0005211615185849792,
      "median": 0.341506217,
      "user": 0.21937339999999997,
      "system": 0.082061,
      "min": 0.340756429,
      "max": 0.34209590500000003,
      "times": [
        0.34159675700000003,
        0.340756429,
        0.341506217,
        0.34102848,
        0.34209590500000003
      ],
      "exit_codes": [
        0,
        0,
        0,
        0,
        0
      ]
    }
  ]
}
