{
  "results": [
    {
      "command": "change_chipyard_dualrocketconfig_dhrystone_signals_1_window_2us_trigger_posedge_clk",
      "mean": 0.24197454080000003,
      "stddev": 0.0008993556927532596,
      "median": 0.24259545400000002,
      "user": 0.14606760000000002,
      "system": 0.06610539999999998,
      "min": 0.240814818,
      "max": 0.242668091,
      "times": [
        0.24259545400000002,
        0.240814818,
        0.24260846800000002,
        0.24118587300000002,
        0.242668091
      ],
      "exit_codes": [
        0,
        0,
        0,
        0,
        0
      ]
    }
  ]
}
