{
  "results": [
    {
      "command": "change_scr1_signals_100_window_4ns_trigger_posedge_clk",
      "mean": 0.1899772101666667,
      "stddev": 0.0017690822386051428,
      "median": 0.18990852000000003,
      "user": 0.137066,
      "system": 0.025028333333333333,
      "min": 0.187910566,
      "max": 0.19195694800000002,
      "times": [
        0.190487174,
        0.187910566,
        0.189329866,
        0.19195694800000002,
        0.188251745,
        0.191926962
      ],
      "exit_codes": [
        0,
        0,
        0,
        0,
        0,
        0
      ]
    }
  ]
}
