{
  "results": [
    {
      "command": "change_chipyard_dualrocketconfig_dhrystone_signals_100_window_32us_trigger_posedge_clk",
      "mean": 0.24922200300000003,
      "stddev": 0.023153178418203316,
      "median": 0.238796158,
      "user": 0.16965139999999998,
      "system": 0.0670988,
      "min": 0.23821572000000002,
      "max": 0.290628938,
      "times": [
        0.23878103,
        0.23821572000000002,
        0.290628938,
        0.238796158,
        0.239688169
      ],
      "exit_codes": [
        0,
        0,
        0,
        0,
        0
      ]
    }
  ]
}
