{
  "results": [
    {
      "command": "change_picorv32_signals_10_window_2us_trigger_signal",
      "mean": 0.1394878294,
      "stddev": 0.002207725111684491,
      "median": 0.140395562,
      "user": 0.0910806,
      "system": 0.036824199999999994,
      "min": 0.13702108500000001,
      "max": 0.14142443400000002,
      "times": [
        0.13702108500000001,
        0.14142443400000002,
        0.140395562,
        0.137205511,
        0.141392555
      ],
      "exit_codes": [
        0,
        0,
        0,
        0,
        0
      ]
    }
  ]
}
