{
  "results": [
    {
      "command": "change_scr1_signals_1_pos_50_window_8000_trigger_signal",
      "mean": 0.9712751384166666,
      "stddev": 0.013723882181803206,
      "median": 0.96804,
      "user": 0.9402469999999999,
      "system": 0.030663333333333334,
      "min": 0.957645786,
      "max": 1.009690843,
      "times": [
        0.9704634910000001,
        0.982081991,
        1.009690843,
        0.962101112,
        0.968575209,
        0.9629041610000001,
        0.957645786,
        0.974928003,
        0.9712381680000001,
        0.9675047910000001,
        0.9644793730000001,
        0.963688733
      ],
      "exit_codes": [
        0,
        0,
        0,
        0,
        0,
        0,
        0,
        0,
        0,
        0,
        0,
        0
      ]
    }
  ]
}
