{
  "results": [
    {
      "command": "change_scr1_signals_10_window_4ns_trigger_posedge_clk",
      "mean": 0.05736386355555555,
      "stddev": 0.001998442819277745,
      "median": 0.056416069000000006,
      "user": 0.038740555555555556,
      "system": 0.014659333333333333,
      "min": 0.055360154,
      "max": 0.06130337500000001,
      "times": [
        0.055995354000000004,
        0.056416069000000006,
        0.055848246000000004,
        0.057473938,
        0.059318534000000006,
        0.055956621000000005,
        0.055360154,
        0.06130337500000001,
        0.058602481000000005
      ],
      "exit_codes": [
        0,
        0,
        0,
        0,
        0,
        0,
        0,
        0,
        0
      ]
    }
  ]
}
