{
  "results": [
    {
      "command": "change_chipyard_clusteredrocketconfig_dhrystone_signals_10_window_32us_trigger_signal",
      "mean": 0.2914563016,
      "stddev": 0.0014330387856737615,
      "median": 0.290803278,
      "user": 0.18207079999999998,
      "system": 0.078681,
      "min": 0.290578858,
      "max": 0.293960584,
      "times": [
        0.290578858,
        0.29133849100000003,
        0.293960584,
        0.290600297,
        0.290803278
      ],
      "exit_codes": [
        0,
        0,
        0,
        0,
        0
      ]
    }
  ]
}
