{
  "results": [
    {
      "command": "change_scr1_signals_100_window_8ns_trigger_signal",
      "mean": 0.19072204866666667,
      "stddev": 0.001379712964543663,
      "median": 0.190730898,
      "user": 0.14185683333333332,
      "system": 0.0251545,
      "min": 0.18862187800000002,
      "max": 0.19265969900000002,
      "times": [
        0.19265969900000002,
        0.189978281,
        0.190801239,
        0.190660557,
        0.191610638,
        0.18862187800000002
      ],
      "exit_codes": [
        0,
        0,
        0,
        0,
        0,
        0
      ]
    }
  ]
}
