{
  "results": [
    {
      "command": "change_chipyard_clusteredrocketconfig_dhrystone_signals_100_window_8us_trigger_posedge_clk",
      "mean": 0.24953373500000003,
      "stddev": 0.022632872325496874,
      "median": 0.24054803600000002,
      "user": 0.17591819999999997,
      "system": 0.059182200000000004,
      "min": 0.23722125800000002,
      "max": 0.289933989,
      "times": [
        0.24054803600000002,
        0.240988317,
        0.23722125800000002,
        0.289933989,
        0.238977075
      ],
      "exit_codes": [
        0,
        0,
        0,
        0,
        0
      ]
    }
  ]
}
