{
  "results": [
    {
      "command": "change_scr1_signals_100_window_8ns_trigger_signal",
      "mean": 0.19137283566666666,
      "stddev": 0.0009124147075269371,
      "median": 0.19185179400000002,
      "user": 0.14336666666666667,
      "system": 0.02426066666666667,
      "min": 0.18999382,
      "max": 0.192080297,
      "times": [
        0.192080297,
        0.191839736,
        0.19202345,
        0.18999382,
        0.190435859,
        0.191863852
      ],
      "exit_codes": [
        0,
        0,
        0,
        0,
        0,
        0
      ]
    }
  ]
}
