{
  "results": [
    {
      "command": "change_picorv32_signals_100_pos_50_window_8000_trigger_posedge_clk",
      "mean": 1.3272400015,
      "stddev": 0.016156097417322372,
      "median": 1.322198099,
      "user": 1.2759693333333333,
      "system": 0.05081866666666667,
      "min": 1.313779421,
      "max": 1.3574938,
      "times": [
        1.3574938,
        1.313779421,
        1.326877448,
        1.317122323,
        1.31751875,
        1.330648267
      ],
      "exit_codes": [
        0,
        0,
        0,
        0,
        0,
        0
      ]
    }
  ]
}
