{
  "results": [
    {
      "command": "change_picorv32_signals_10_window_8000000_trigger_signal",
      "mean": 10.218331974,
      "stddev": null,
      "median": 10.218331974,
      "user": 10.063739,
      "system": 0.149743,
      "min": 10.218331974,
      "max": 10.218331974,
      "times": [
        10.218331974
      ],
      "exit_codes": [
        0
      ]
    }
  ]
}
