{
  "results": [
    {
      "command": "change_chipyard_clusteredrocketconfig_dhrystone_signals_100_window_2us_trigger_posedge_clk",
      "mean": 0.29081155680000004,
      "stddev": 0.0007663476714361983,
      "median": 0.29109601,
      "user": 0.1977074,
      "system": 0.06681299999999998,
      "min": 0.28945465400000003,
      "max": 0.2912827,
      "times": [
        0.29109601,
        0.291001993,
        0.291222427,
        0.28945465400000003,
        0.2912827
      ],
      "exit_codes": [
        0,
        0,
        0,
        0,
        0
      ]
    }
  ]
}
