{
  "results": [
    {
      "command": "change_picorv32_signals_100_pos_50_window_4000_trigger_any",
      "mean": 1.3196031656666667,
      "stddev": 0.014249321847537069,
      "median": 1.3165502905,
      "user": 1.2656731666666667,
      "system": 0.05334766666666666,
      "min": 1.30445537,
      "max": 1.337069445,
      "times": [
        1.314064898,
        1.319035683,
        1.30445537,
        1.336371662,
        1.306621936,
        1.337069445
      ],
      "exit_codes": [
        0,
        0,
        0,
        0,
        0,
        0
      ]
    }
  ]
}
