{
  "results": [
    {
      "command": "change_picorv32_signals_10_window_32us_trigger_signal",
      "mean": 0.1406809862,
      "stddev": 0.0015209214574834968,
      "median": 0.140514344,
      "user": 0.0900642,
      "system": 0.032056799999999996,
      "min": 0.139384381,
      "max": 0.14314642700000002,
      "times": [
        0.139384381,
        0.140514344,
        0.140873885,
        0.139485894,
        0.14314642700000002
      ],
      "exit_codes": [
        0,
        0,
        0,
        0,
        0
      ]
    }
  ]
}
