{
  "results": [
    {
      "command": "change_chipyard_dualrocketconfig_dhrystone_signals_1_window_32us_trigger_posedge_clk",
      "mean": 0.5924284534,
      "stddev": 0.0005745128759038345,
      "median": 0.5927016,
      "user": 0.45921639999999997,
      "system": 0.0972186,
      "min": 0.591684135,
      "max": 0.593057378,
      "times": [
        0.591972979,
        0.5927016,
        0.591684135,
        0.592726175,
        0.593057378
      ],
      "exit_codes": [
        0,
        0,
        0,
        0,
        0
      ]
    }
  ]
}
