{
  "results": [
    {
      "command": "change_picorv32_signals_1_window_8us_trigger_signal",
      "mean": 0.0895706294,
      "stddev": 0.00038966897618786803,
      "median": 0.089384113,
      "user": 0.0529362,
      "system": 0.0257782,
      "min": 0.08927172200000001,
      "max": 0.09022949100000001,
      "times": [
        0.08927172200000001,
        0.09022949100000001,
        0.089353345,
        0.08961447600000001,
        0.089384113
      ],
      "exit_codes": [
        0,
        0,
        0,
        0,
        0
      ]
    }
  ]
}
