{
  "results": [
    {
      "command": "change_chipyard_dualrocketconfig_dhrystone_signals_10_window_2us_trigger_signal",
      "mean": 0.24107961600000002,
      "stddev": 0.0013479815241161535,
      "median": 0.241145361,
      "user": 0.1504492,
      "system": 0.0647486,
      "min": 0.239370092,
      "max": 0.24275206300000002,
      "times": [
        0.24194389800000002,
        0.24275206300000002,
        0.24018666600000002,
        0.239370092,
        0.241145361
      ],
      "exit_codes": [
        0,
        0,
        0,
        0,
        0
      ]
    }
  ]
}
