{
  "results": [
    {
      "command": "change_chipyard_dualrocketconfig_dhrystone_signals_10_pos_50_window_8000_trigger_any",
      "mean": 2.831873146222222,
      "stddev": 0.017203213398327987,
      "median": 2.8298092290000003,
      "user": 2.690012888888889,
      "system": 0.14120366666666664,
      "min": 2.810826858,
      "max": 2.868192152,
      "times": [
        2.844044313,
        2.8283002340000003,
        2.8298092290000003,
        2.868192152,
        2.817599452,
        2.810826858,
        2.818488238,
        2.830303878,
        2.839293962
      ],
      "exit_codes": [
        0,
        0,
        0,
        0,
        0,
        0,
        0,
        0,
        0
      ]
    }
  ]
}
