{
  "results": [
    {
      "command": "change_chipyard_dualrocketconfig_dhrystone_signals_100_window_2000000_trigger_any",
      "mean": 82.19081344,
      "stddev": null,
      "median": 82.19081344,
      "user": 79.671713,
      "system": 2.5673749999999997,
      "min": 82.19081344,
      "max": 82.19081344,
      "times": [
        82.19081344
      ],
      "exit_codes": [
        0
      ]
    }
  ]
}
