{
  "results": [
    {
      "command": "change_chipyard_dualrocketconfig_dhrystone_signals_100_window_2us_trigger_any",
      "mean": 0.18961163620000002,
      "stddev": 0.0009316083813141107,
      "median": 0.18954963300000002,
      "user": 0.1247736,
      "system": 0.051023200000000005,
      "min": 0.188385302,
      "max": 0.190694311,
      "times": [
        0.190694311,
        0.188385302,
        0.190335154,
        0.18909378100000002,
        0.18954963300000002
      ],
      "exit_codes": [
        0,
        0,
        0,
        0,
        0
      ]
    }
  ]
}
