{
  "results": [
    {
      "command": "change_picorv32_signals_100_window_8us_trigger_signal",
      "mean": 0.4312102402000001,
      "stddev": 0.022456034347125283,
      "median": 0.441226487,
      "user": 0.34208399999999994,
      "system": 0.053767999999999996,
      "min": 0.39109207500000004,
      "max": 0.44260221400000005,
      "times": [
        0.44260221400000005,
        0.39109207500000004,
        0.439448643,
        0.441681782,
        0.441226487
      ],
      "exit_codes": [
        0,
        0,
        0,
        0,
        0
      ]
    }
  ]
}
