{
  "results": [
    {
      "command": "change_scr1_signals_1_window_2000_trigger_any",
      "mean": 0.14063951783333334,
      "stddev": 0.00160101472376194,
      "median": 0.14055570150000002,
      "user": 0.09173925000000001,
      "system": 0.017350666666666667,
      "min": 0.137869354,
      "max": 0.144114286,
      "times": [
        0.13978131300000002,
        0.140739782,
        0.137869354,
        0.140608436,
        0.144114286,
        0.139727061,
        0.139221472,
        0.140502967,
        0.142062444,
        0.140001075,
        0.14217295200000002,
        0.14087307200000002
      ],
      "exit_codes": [
        0,
        0,
        0,
        0,
        0,
        0,
        0,
        0,
        0,
        0,
        0,
        0
      ]
    }
  ]
}
