{
  "results": [
    {
      "command": "change_chipyard_dualrocketconfig_dhrystone_signals_10_pos_50_window_8000_trigger_posedge_clk",
      "mean": 2.837488508888889,
      "stddev": 0.025822582566312813,
      "median": 2.8346032660000002,
      "user": 2.691816777777778,
      "system": 0.14497233333333334,
      "min": 2.804741517,
      "max": 2.878087497,
      "times": [
        2.8432962870000003,
        2.819070174,
        2.8346032660000002,
        2.8397909820000002,
        2.823253887,
        2.877550055,
        2.8170029149999998,
        2.804741517,
        2.878087497
      ],
      "exit_codes": [
        0,
        0,
        0,
        0,
        0,
        0,
        0,
        0,
        0
      ]
    }
  ]
}
