{
  "results": [
    {
      "command": "change_chipyard_dualrocketconfig_dhrystone_signals_10_window_2us_trigger_signal",
      "mean": 0.24123811,
      "stddev": 0.0010853580459882772,
      "median": 0.24168762600000002,
      "user": 0.14529999999999998,
      "system": 0.0660408,
      "min": 0.23930067600000002,
      "max": 0.241838467,
      "times": [
        0.241838467,
        0.24168762600000002,
        0.241650407,
        0.241713374,
        0.23930067600000002
      ],
      "exit_codes": [
        0,
        0,
        0,
        0,
        0
      ]
    }
  ]
}
