{
  "results": [
    {
      "command": "change_scr1_signals_10_window_4ns_trigger_posedge_clk",
      "mean": 0.05639846211111112,
      "stddev": 0.0008734493526493746,
      "median": 0.056000738,
      "user": 0.03702844444444445,
      "system": 0.014791222222222225,
      "min": 0.055469432000000006,
      "max": 0.0580304,
      "times": [
        0.057085571,
        0.055756551,
        0.05572975,
        0.055666733,
        0.055469432000000006,
        0.0580304,
        0.056942503000000005,
        0.05690448100000001,
        0.056000738
      ],
      "exit_codes": [
        0,
        0,
        0,
        0,
        0,
        0,
        0,
        0,
        0
      ]
    }
  ]
}
