{
  "results": [
    {
      "command": "change_scr1_signals_100_window_8000_trigger_posedge_clk",
      "mean": 12.041344414500001,
      "stddev": 0.06370706270170584,
      "median": 12.0653799455,
      "user": 11.6975775,
      "system": 0.32622783333333333,
      "min": 11.96270702,
      "max": 12.12137924,
      "times": [
        12.066771184,
        11.96270702,
        12.063988707,
        12.068188679,
        11.965031657,
        12.12137924
      ],
      "exit_codes": [
        0,
        0,
        0,
        0,
        0,
        0
      ]
    }
  ]
}
