{
  "results": [
    {
      "command": "change_scr1_signals_1_window_4000_trigger_any",
      "mean": 0.13984133658333336,
      "stddev": 0.0015282566281411493,
      "median": 0.140144334,
      "user": 0.09034049999999999,
      "system": 0.01766008333333333,
      "min": 0.136981328,
      "max": 0.14174202300000002,
      "times": [
        0.137606842,
        0.13941709900000002,
        0.141578657,
        0.14030145900000002,
        0.14174202300000002,
        0.140870578,
        0.14136347300000002,
        0.136981328,
        0.138560642,
        0.140322088,
        0.139987209,
        0.139364641
      ],
      "exit_codes": [
        0,
        0,
        0,
        0,
        0,
        0,
        0,
        0,
        0,
        0,
        0,
        0
      ]
    }
  ]
}
