{
  "results": [
    {
      "command": "change_picorv32_signals_10_window_2us_trigger_posedge_clk",
      "mean": 0.1408749112,
      "stddev": 0.0004768588075035413,
      "median": 0.14094762500000002,
      "user": 0.08872379999999999,
      "system": 0.029931799999999998,
      "min": 0.140123142,
      "max": 0.141447612,
      "times": [
        0.141447612,
        0.14098048700000002,
        0.14094762500000002,
        0.140123142,
        0.14087569
      ],
      "exit_codes": [
        0,
        0,
        0,
        0,
        0
      ]
    }
  ]
}
