{
  "results": [
    {
      "command": "change_scr1_signals_10_window_8ns_trigger_any",
      "mean": 0.05612610155555556,
      "stddev": 0.001051209303286233,
      "median": 0.056240236000000006,
      "user": 0.03539744444444445,
      "system": 0.014477666666666663,
      "min": 0.054545421000000004,
      "max": 0.057467426,
      "times": [
        0.056240236000000006,
        0.057259015,
        0.054545421000000004,
        0.056645135000000006,
        0.056084896,
        0.057467426,
        0.056812149000000006,
        0.055310965000000004,
        0.054769671000000006
      ],
      "exit_codes": [
        0,
        0,
        0,
        0,
        0,
        0,
        0,
        0,
        0
      ]
    }
  ]
}
