{
  "results": [
    {
      "command": "change_chipyard_dualrocketconfig_dhrystone_signals_10_window_8us_trigger_signal",
      "mean": 0.2416957686,
      "stddev": 0.0016062498984944105,
      "median": 0.24174036200000001,
      "user": 0.1476722,
      "system": 0.06114839999999999,
      "min": 0.239641981,
      "max": 0.244083392,
      "times": [
        0.241911383,
        0.24110172500000002,
        0.24174036200000001,
        0.239641981,
        0.244083392
      ],
      "exit_codes": [
        0,
        0,
        0,
        0,
        0
      ]
    }
  ]
}
