{
  "results": [
    {
      "command": "change_chipyard_dualrocketconfig_dhrystone_signals_1_window_8us_trigger_signal",
      "mean": 0.1603114586,
      "stddev": 0.02837680548313116,
      "median": 0.140943118,
      "user": 0.08124239999999999,
      "system": 0.0572742,
      "min": 0.138168056,
      "max": 0.191585011,
      "times": [
        0.138168056,
        0.191170252,
        0.139690856,
        0.191585011,
        0.140943118
      ],
      "exit_codes": [
        0,
        0,
        0,
        0,
        0
      ]
    }
  ]
}
