{
  "results": [
    {
      "command": "change_scr1_signals_1_window_8ns_trigger_any",
      "mean": 0.056991043166666665,
      "stddev": 0.0013832783666587031,
      "median": 0.0570780055,
      "user": 0.02953216666666667,
      "system": 0.01563191666666667,
      "min": 0.054638746,
      "max": 0.060025789,
      "times": [
        0.056522695000000005,
        0.055955634000000004,
        0.05718398500000001,
        0.057173244000000005,
        0.055911010000000004,
        0.058044377,
        0.055962897000000004,
        0.060025789,
        0.056982767000000004,
        0.058231026000000005,
        0.054638746,
        0.057260348
      ],
      "exit_codes": [
        0,
        0,
        0,
        0,
        0,
        0,
        0,
        0,
        0,
        0,
        0,
        0
      ]
    }
  ]
}
