{
  "results": [
    {
      "command": "change_picorv32_signals_1_window_2us_trigger_signal",
      "mean": 0.0888719018,
      "stddev": 0.0009713538335257653,
      "median": 0.088665003,
      "user": 0.05113559999999999,
      "system": 0.0277846,
      "min": 0.088074725,
      "max": 0.09049117300000001,
      "times": [
        0.08818711500000001,
        0.088665003,
        0.088074725,
        0.08894149300000001,
        0.09049117300000001
      ],
      "exit_codes": [
        0,
        0,
        0,
        0,
        0
      ]
    }
  ]
}
