{
  "results": [
    {
      "command": "change_scr1_signals_100_window_4ns_trigger_signal",
      "mean": 0.1916687025,
      "stddev": 0.0013620901747058805,
      "median": 0.191694616,
      "user": 0.1419208333333333,
      "system": 0.0252505,
      "min": 0.18936081600000002,
      "max": 0.19332843700000002,
      "times": [
        0.191798606,
        0.19332843700000002,
        0.192672066,
        0.19126166400000003,
        0.191590626,
        0.18936081600000002
      ],
      "exit_codes": [
        0,
        0,
        0,
        0,
        0,
        0
      ]
    }
  ]
}
