{
  "results": [
    {
      "command": "change_chipyard_dualrocketconfig_dhrystone_signals_1_window_32us_trigger_any",
      "mean": 0.1497140474,
      "stddev": 0.02211960448788804,
      "median": 0.14034736,
      "user": 0.07554380000000001,
      "system": 0.059184400000000005,
      "min": 0.138716912,
      "max": 0.189254479,
      "times": [
        0.138716912,
        0.14034736,
        0.189254479,
        0.13937778,
        0.14087370600000002
      ],
      "exit_codes": [
        0,
        0,
        0,
        0,
        0
      ]
    }
  ]
}
