{
  "results": [
    {
      "command": "change_chipyard_clusteredrocketconfig_dhrystone_signals_100_pos_50_window_8000_trigger_any",
      "mean": 32.13226589166666,
      "stddev": 0.2233472395192469,
      "median": 32.044828631,
      "user": 30.535398666666666,
      "system": 1.5922854999999998,
      "min": 31.951153575,
      "max": 32.502881058,
      "times": [
        31.989635398,
        32.294911348,
        31.954992107,
        32.100021864,
        31.951153575,
        32.502881058
      ],
      "exit_codes": [
        0,
        0,
        0,
        0,
        0,
        0
      ]
    }
  ]
}
