{
  "results": [
    {
      "command": "change_chipyard_clusteredrocketconfig_dhrystone_signals_100_window_2us_trigger_posedge_clk",
      "mean": 0.290457297,
      "stddev": 0.0011858203482806753,
      "median": 0.29067066,
      "user": 0.1951434,
      "system": 0.07909,
      "min": 0.28859809000000003,
      "max": 0.29146650100000004,
      "times": [
        0.291446943,
        0.28859809000000003,
        0.290104291,
        0.29067066,
        0.29146650100000004
      ],
      "exit_codes": [
        0,
        0,
        0,
        0,
        0
      ]
    }
  ]
}
