{
  "results": [
    {
      "command": "change_picorv32_signals_1_window_32000000_trigger_posedge_clk",
      "mean": 3.899941177,
      "stddev": null,
      "median": 3.899941177,
      "user": 3.798012,
      "system": 0.07119,
      "min": 3.899941177,
      "max": 3.899941177,
      "times": [
        3.899941177
      ],
      "exit_codes": [
        0
      ]
    }
  ]
}
