{
  "results": [
    {
      "command": "change_picorv32_signals_10_window_8us_trigger_posedge_clk",
      "mean": 0.14115333540000002,
      "stddev": 0.0012301130932700097,
      "median": 0.141746494,
      "user": 0.08881299999999999,
      "system": 0.029910799999999998,
      "min": 0.139304341,
      "max": 0.142306222,
      "times": [
        0.139304341,
        0.140516461,
        0.142306222,
        0.141746494,
        0.14189315900000002
      ],
      "exit_codes": [
        0,
        0,
        0,
        0,
        0
      ]
    }
  ]
}
