{
  "results": [
    {
      "command": "change_chipyard_clusteredrocketconfig_dhrystone_signals_1_window_8000000_trigger_signal",
      "mean": 300.03760143,
      "stddev": null,
      "median": 300.03760143,
      "user": 286.537919,
      "system": 13.778777999999999,
      "min": 300.03760143,
      "max": 300.03760143,
      "times": [
        300.03760143
      ],
      "exit_codes": [
        0
      ]
    }
  ]
}
