{
  "results": [
    {
      "command": "change_scr1_signals_1_window_8ns_trigger_any",
      "mean": 0.05731755808333333,
      "stddev": 0.0020483600566724523,
      "median": 0.057199568000000006,
      "user": 0.03128516666666667,
      "system": 0.014381999999999997,
      "min": 0.054948695000000006,
      "max": 0.062285104,
      "times": [
        0.058838140000000004,
        0.05809881,
        0.05591236300000001,
        0.058185967000000005,
        0.05809145600000001,
        0.055126818,
        0.055276721,
        0.054948695000000006,
        0.057494693000000006,
        0.056904443000000006,
        0.056647487,
        0.062285104
      ],
      "exit_codes": [
        0,
        0,
        0,
        0,
        0,
        0,
        0,
        0,
        0,
        0,
        0,
        0
      ]
    }
  ]
}
