{
  "results": [
    {
      "command": "change_scr1_signals_1_window_8ns_trigger_signal",
      "mean": 0.05645085908333335,
      "stddev": 0.0011360303290416358,
      "median": 0.056205818000000005,
      "user": 0.03706333333333333,
      "system": 0.015367916666666663,
      "min": 0.054891805,
      "max": 0.058330363,
      "times": [
        0.057531895000000007,
        0.055973249,
        0.056399333,
        0.057288004000000003,
        0.054891805,
        0.054925439000000006,
        0.05576342200000001,
        0.058330363,
        0.055387923000000006,
        0.057426355000000005,
        0.056012303000000006,
        0.057480218000000007
      ],
      "exit_codes": [
        0,
        0,
        0,
        0,
        0,
        0,
        0,
        0,
        0,
        0,
        0,
        0
      ]
    }
  ]
}
