{
  "results": [
    {
      "command": "change_picorv32_signals_1_window_8us_trigger_posedge_clk",
      "mean": 0.1300292322,
      "stddev": 0.023915910480810005,
      "median": 0.13956953700000002,
      "user": 0.06546719999999999,
      "system": 0.0257914,
      "min": 0.087389617,
      "max": 0.143888662,
      "times": [
        0.087389617,
        0.143888662,
        0.14053195200000002,
        0.13956953700000002,
        0.13876639300000002
      ],
      "exit_codes": [
        0,
        0,
        0,
        0,
        0
      ]
    }
  ]
}
