{
  "results": [
    {
      "command": "change_chipyard_dualrocketconfig_dhrystone_signals_10_pos_50_window_4000_trigger_signal",
      "mean": 1.6625495901111111,
      "stddev": 0.015105224102839232,
      "median": 1.667800818,
      "user": 1.552927111111111,
      "system": 0.10909899999999999,
      "min": 1.63715141,
      "max": 1.680614779,
      "times": [
        1.67274439,
        1.678569787,
        1.63715141,
        1.667800818,
        1.644790164,
        1.680614779,
        1.655762278,
        1.6555377070000001,
        1.669974978
      ],
      "exit_codes": [
        0,
        0,
        0,
        0,
        0,
        0,
        0,
        0,
        0
      ]
    }
  ]
}
