{
  "results": [
    {
      "command": "change_scr1_signals_100_pos_50_window_2000_trigger_signal",
      "mean": 34.181890706,
      "stddev": 0.12972855379959686,
      "median": 34.1783423265,
      "user": 33.35155833333333,
      "system": 0.8227199999999999,
      "min": 34.033180776,
      "max": 34.387773751,
      "times": [
        34.387773751,
        34.244646663,
        34.033180776,
        34.139934034,
        34.216750619,
        34.069058393
      ],
      "exit_codes": [
        0,
        0,
        0,
        0,
        0,
        0
      ]
    }
  ]
}
