{
  "results": [
    {
      "command": "change_picorv32_signals_1_window_2us_trigger_any",
      "mean": 0.09043787120000002,
      "stddev": 0.0016128113307748366,
      "median": 0.09055604,
      "user": 0.040518399999999996,
      "system": 0.0217138,
      "min": 0.08859216,
      "max": 0.092596967,
      "times": [
        0.09127784400000001,
        0.08916634500000001,
        0.08859216,
        0.09055604,
        0.092596967
      ],
      "exit_codes": [
        0,
        0,
        0,
        0,
        0
      ]
    }
  ]
}
