{
  "results": [
    {
      "command": "change_chipyard_clusteredrocketconfig_dhrystone_signals_10_window_32us_trigger_signal",
      "mean": 0.29106650860000005,
      "stddev": 0.0009542974342432692,
      "median": 0.29116212,
      "user": 0.18562399999999998,
      "system": 0.0855062,
      "min": 0.28997220500000004,
      "max": 0.292408591,
      "times": [
        0.29116212,
        0.292408591,
        0.28997220500000004,
        0.290358181,
        0.29143144600000004
      ],
      "exit_codes": [
        0,
        0,
        0,
        0,
        0
      ]
    }
  ]
}
