{
  "results": [
    {
      "command": "change_chipyard_dualrocketconfig_dhrystone_signals_100_window_8us_trigger_posedge_clk",
      "mean": 0.18890293940000003,
      "stddev": 0.0007262205201147954,
      "median": 0.18862393300000002,
      "user": 0.120695,
      "system": 0.0584616,
      "min": 0.188174522,
      "max": 0.19007015000000002,
      "times": [
        0.18907404600000002,
        0.18862393300000002,
        0.18857204600000002,
        0.188174522,
        0.19007015000000002
      ],
      "exit_codes": [
        0,
        0,
        0,
        0,
        0
      ]
    }
  ]
}
