{
  "results": [
    {
      "command": "change_picorv32_signals_1_window_32us_trigger_any",
      "mean": 0.08979810400000002,
      "stddev": 0.0006805375420772165,
      "median": 0.089574284,
      "user": 0.0399802,
      "system": 0.021385599999999998,
      "min": 0.08919172800000001,
      "max": 0.090661051,
      "times": [
        0.090661051,
        0.08919172800000001,
        0.089574284,
        0.090368893,
        0.089194564
      ],
      "exit_codes": [
        0,
        0,
        0,
        0,
        0
      ]
    }
  ]
}
