{
  "results": [
    {
      "command": "change_chipyard_clusteredrocketconfig_dhrystone_signals_100_pos_50_window_2000_trigger_signal",
      "mean": 9.306654253,
      "stddev": 0.04767036094504495,
      "median": 9.284369657,
      "user": 8.820844,
      "system": 0.4840853333333334,
      "min": 9.267585289,
      "max": 9.374954628,
      "times": [
        9.275593721,
        9.293145593,
        9.358516622,
        9.270129665,
        9.374954628,
        9.267585289
      ],
      "exit_codes": [
        0,
        0,
        0,
        0,
        0,
        0
      ]
    }
  ]
}
