{
  "results": [
    {
      "command": "change_picorv32_signals_10_window_2us_trigger_signal",
      "mean": 0.14137643660000002,
      "stddev": 0.0002500787315392912,
      "median": 0.14139595300000002,
      "user": 0.08904680000000001,
      "system": 0.030221200000000004,
      "min": 0.141009359,
      "max": 0.141700814,
      "times": [
        0.141009359,
        0.14139595300000002,
        0.141457098,
        0.141700814,
        0.14131895900000002
      ],
      "exit_codes": [
        0,
        0,
        0,
        0,
        0
      ]
    }
  ]
}
