{
  "results": [
    {
      "command": "change_scr1_signals_10_window_4ns_trigger_signal",
      "mean": 0.05638659088888889,
      "stddev": 0.001515249238915702,
      "median": 0.056391069,
      "user": 0.03630011111111111,
      "system": 0.016289666666666664,
      "min": 0.054497502,
      "max": 0.05994692200000001,
      "times": [
        0.055428927,
        0.056391069,
        0.055685296,
        0.05994692200000001,
        0.056637421,
        0.056626951,
        0.055650652,
        0.054497502,
        0.056614578000000006
      ],
      "exit_codes": [
        0,
        0,
        0,
        0,
        0,
        0,
        0,
        0,
        0
      ]
    }
  ]
}
