{
  "results": [
    {
      "command": "change_picorv32_signals_1_window_2us_trigger_signal",
      "mean": 0.09052775040000001,
      "stddev": 0.0015483916296367994,
      "median": 0.089869057,
      "user": 0.0515344,
      "system": 0.027314199999999993,
      "min": 0.088930275,
      "max": 0.092841504,
      "times": [
        0.092841504,
        0.089869057,
        0.09128925800000001,
        0.08970865800000001,
        0.088930275
      ],
      "exit_codes": [
        0,
        0,
        0,
        0,
        0
      ]
    }
  ]
}
