{
  "results": [
    {
      "command": "change_chipyard_clusteredrocketconfig_dhrystone_signals_10_window_32us_trigger_any",
      "mean": 0.2404590068,
      "stddev": 0.0021893199029337173,
      "median": 0.24094620300000003,
      "user": 0.136343,
      "system": 0.057465,
      "min": 0.23763581600000003,
      "max": 0.24260208200000002,
      "times": [
        0.24260208200000002,
        0.24233778800000003,
        0.24094620300000003,
        0.23877314500000002,
        0.23763581600000003
      ],
      "exit_codes": [
        0,
        0,
        0,
        0,
        0
      ]
    }
  ]
}
