{
  "results": [
    {
      "command": "change_scr1_signals_10_window_2ns_trigger_any",
      "mean": 0.056997137,
      "stddev": 0.0012333805153387362,
      "median": 0.057069207000000004,
      "user": 0.03624777777777778,
      "system": 0.01650688888888889,
      "min": 0.055145173000000006,
      "max": 0.058784789000000004,
      "times": [
        0.055292029000000006,
        0.057914474,
        0.05686180800000001,
        0.055145173000000006,
        0.057075729000000006,
        0.057069207000000004,
        0.056574177,
        0.058256847,
        0.058784789000000004
      ],
      "exit_codes": [
        0,
        0,
        0,
        0,
        0,
        0,
        0,
        0,
        0
      ]
    }
  ]
}
