{
  "results": [
    {
      "command": "change_scr1_signals_10_pos_50_window_2000_trigger_any",
      "mean": 0.6115985344444446,
      "stddev": 0.008724594595744697,
      "median": 0.609982616,
      "user": 0.5863903333333335,
      "system": 0.024875777777777774,
      "min": 0.6026454290000001,
      "max": 0.6323691250000001,
      "times": [
        0.612909628,
        0.6323691250000001,
        0.615596365,
        0.609982616,
        0.6053730700000001,
        0.6026454290000001,
        0.6062637310000001,
        0.610633721,
        0.6086131250000001
      ],
      "exit_codes": [
        0,
        0,
        0,
        0,
        0,
        0,
        0,
        0,
        0
      ]
    }
  ]
}
