{
  "results": [
    {
      "command": "change_picorv32_signals_10_window_32us_trigger_signal",
      "mean": 0.1404791622,
      "stddev": 0.0009888764887763717,
      "median": 0.141058515,
      "user": 0.09165999999999999,
      "system": 0.0293398,
      "min": 0.13889594600000002,
      "max": 0.14125648600000001,
      "times": [
        0.13889594600000002,
        0.14125648600000001,
        0.141061149,
        0.141058515,
        0.140123715
      ],
      "exit_codes": [
        0,
        0,
        0,
        0,
        0
      ]
    }
  ]
}
