{
  "results": [
    {
      "command": "change_chipyard_dualrocketconfig_dhrystone_signals_1_window_2us_trigger_any",
      "mean": 0.13987058,
      "stddev": 0.0006494316954992286,
      "median": 0.140009513,
      "user": 0.057752399999999995,
      "system": 0.04363459999999999,
      "min": 0.138971223,
      "max": 0.140703496,
      "times": [
        0.140009513,
        0.140119399,
        0.139549269,
        0.138971223,
        0.140703496
      ],
      "exit_codes": [
        0,
        0,
        0,
        0,
        0
      ]
    }
  ]
}
