{
  "results": [
    {
      "command": "change_chipyard_dualrocketconfig_dhrystone_signals_10_window_2us_trigger_signal",
      "mean": 0.24150213339999999,
      "stddev": 0.0017353916606772939,
      "median": 0.24140977200000002,
      "user": 0.14947719999999998,
      "system": 0.06556,
      "min": 0.239869291,
      "max": 0.243952896,
      "times": [
        0.24238478100000002,
        0.239893927,
        0.239869291,
        0.24140977200000002,
        0.243952896
      ],
      "exit_codes": [
        0,
        0,
        0,
        0,
        0
      ]
    }
  ]
}
