{
  "results": [
    {
      "command": "change_chipyard_clusteredrocketconfig_dhrystone_signals_1_pos_50_window_8000_trigger_any",
      "mean": 0.5038952298333333,
      "stddev": 0.005009505015538469,
      "median": 0.5040791005,
      "user": 0.42231949999999996,
      "system": 0.08124533333333332,
      "min": 0.494270119,
      "max": 0.514597372,
      "times": [
        0.49889466000000005,
        0.505162223,
        0.503979478,
        0.501659961,
        0.501047715,
        0.506445629,
        0.514597372,
        0.5085878730000001,
        0.5034442170000001,
        0.504474788,
        0.504178723,
        0.494270119
      ],
      "exit_codes": [
        0,
        0,
        0,
        0,
        0,
        0,
        0,
        0,
        0,
        0,
        0,
        0
      ]
    }
  ]
}
