{
  "results": [
    {
      "command": "change_scr1_signals_1_window_2ns_trigger_any",
      "mean": 0.057173846166666674,
      "stddev": 0.0019514321085566792,
      "median": 0.057119499000000004,
      "user": 0.030280166666666674,
      "system": 0.01569158333333333,
      "min": 0.054261839000000006,
      "max": 0.061660282000000004,
      "times": [
        0.056316255,
        0.056034398000000006,
        0.057788582000000005,
        0.057133856000000004,
        0.061660282000000004,
        0.057105142000000005,
        0.055298660000000006,
        0.056113365000000005,
        0.059650339000000004,
        0.057265563000000005,
        0.054261839000000006,
        0.057457873000000007
      ],
      "exit_codes": [
        0,
        0,
        0,
        0,
        0,
        0,
        0,
        0,
        0,
        0,
        0,
        0
      ]
    }
  ]
}
