{
  "results": [
    {
      "command": "change_scr1_signals_100_window_2ns_trigger_posedge_clk",
      "mean": 0.19076963833333335,
      "stddev": 0.0020252520304093195,
      "median": 0.191403991,
      "user": 0.13716683333333332,
      "system": 0.025813666666666665,
      "min": 0.18719878,
      "max": 0.192430065,
      "times": [
        0.192354129,
        0.189826874,
        0.18719878,
        0.192034848,
        0.192430065,
        0.190773134
      ],
      "exit_codes": [
        0,
        0,
        0,
        0,
        0,
        0
      ]
    }
  ]
}
