{
  "results": [
    {
      "command": "change_chipyard_clusteredrocketconfig_dhrystone_signals_10_window_8us_trigger_signal",
      "mean": 0.2388515398,
      "stddev": 0.001273677323749896,
      "median": 0.23877993,
      "user": 0.15517199999999998,
      "system": 0.071034,
      "min": 0.23722468600000002,
      "max": 0.240760981,
      "times": [
        0.23903675100000002,
        0.240760981,
        0.23877993,
        0.23722468600000002,
        0.238455351
      ],
      "exit_codes": [
        0,
        0,
        0,
        0,
        0
      ]
    }
  ]
}
