{
  "results": [
    {
      "command": "change_chipyard_dualrocketconfig_dhrystone_signals_100_window_8us_trigger_posedge_clk",
      "mean": 0.1994414812,
      "stddev": 0.022927368475498557,
      "median": 0.189563601,
      "user": 0.1276044,
      "system": 0.054952,
      "min": 0.18799016600000001,
      "max": 0.24043053700000003,
      "times": [
        0.189563601,
        0.24043053700000003,
        0.19015653400000002,
        0.18906656800000002,
        0.18799016600000001
      ],
      "exit_codes": [
        0,
        0,
        0,
        0,
        0
      ]
    }
  ]
}
