{
  "results": [
    {
      "command": "change_chipyard_dualrocketconfig_dhrystone_signals_100_window_8us_trigger_any",
      "mean": 0.1996456606,
      "stddev": 0.022765241860340475,
      "median": 0.19000350700000002,
      "user": 0.13150459999999997,
      "system": 0.0545788,
      "min": 0.187909034,
      "max": 0.240336339,
      "times": [
        0.19000350700000002,
        0.189766773,
        0.240336339,
        0.187909034,
        0.19021265
      ],
      "exit_codes": [
        0,
        0,
        0,
        0,
        0
      ]
    }
  ]
}
