{
  "results": [
    {
      "command": "change_scr1_signals_100_window_2000_trigger_posedge_clk",
      "mean": 12.033051688333336,
      "stddev": 0.041258984887268896,
      "median": 12.041332050000001,
      "user": 11.692581166666665,
      "system": 0.3327533333333333,
      "min": 11.965982892,
      "max": 12.067862059,
      "times": [
        12.067862059,
        12.016590203,
        12.015240472,
        12.066073897,
        11.965982892,
        12.066560607
      ],
      "exit_codes": [
        0,
        0,
        0,
        0,
        0,
        0
      ]
    }
  ]
}
