{
  "results": [
    {
      "command": "change_picorv32_signals_100_window_8us_trigger_signal",
      "mean": 0.44094946460000006,
      "stddev": 0.0014676321939833229,
      "median": 0.44097501200000006,
      "user": 0.3462748,
      "system": 0.04893059999999999,
      "min": 0.438832361,
      "max": 0.442961031,
      "times": [
        0.440785256,
        0.44097501200000006,
        0.442961031,
        0.441193663,
        0.438832361
      ],
      "exit_codes": [
        0,
        0,
        0,
        0,
        0
      ]
    }
  ]
}
