{
  "results": [
    {
      "command": "change_picorv32_signals_1_window_2us_trigger_signal",
      "mean": 0.08989786100000001,
      "stddev": 0.0019467756036713622,
      "median": 0.08947323600000001,
      "user": 0.052381199999999996,
      "system": 0.023857,
      "min": 0.08811273800000001,
      "max": 0.092539167,
      "times": [
        0.092539167,
        0.091218824,
        0.08811273800000001,
        0.08814534,
        0.08947323600000001
      ],
      "exit_codes": [
        0,
        0,
        0,
        0,
        0
      ]
    }
  ]
}
