{
  "results": [
    {
      "command": "change_picorv32_signals_1_window_32us_trigger_any",
      "mean": 0.09094926860000001,
      "stddev": 0.0021200112079433242,
      "median": 0.089725499,
      "user": 0.04111239999999999,
      "system": 0.022022600000000003,
      "min": 0.089169249,
      "max": 0.09375396200000001,
      "times": [
        0.09375396200000001,
        0.09269587200000001,
        0.089725499,
        0.089169249,
        0.08940176100000001
      ],
      "exit_codes": [
        0,
        0,
        0,
        0,
        0
      ]
    }
  ]
}
