{
  "results": [
    {
      "command": "change_picorv32_signals_10_window_32us_trigger_any",
      "mean": 0.1405765338,
      "stddev": 0.0010265936731178977,
      "median": 0.14006470000000001,
      "user": 0.085238,
      "system": 0.027872200000000003,
      "min": 0.13964427100000001,
      "max": 0.14219879900000001,
      "times": [
        0.14002007700000002,
        0.14006470000000001,
        0.140954822,
        0.14219879900000001,
        0.13964427100000001
      ],
      "exit_codes": [
        0,
        0,
        0,
        0,
        0
      ]
    }
  ]
}
