{
  "results": [
    {
      "command": "change_picorv32_signals_1_window_8us_trigger_signal",
      "mean": 0.08988401700000001,
      "stddev": 0.0016318941803188413,
      "median": 0.089129183,
      "user": 0.0508016,
      "system": 0.025068800000000002,
      "min": 0.08873868500000001,
      "max": 0.09261198300000001,
      "times": [
        0.090172374,
        0.09261198300000001,
        0.08873868500000001,
        0.08876786,
        0.089129183
      ],
      "exit_codes": [
        0,
        0,
        0,
        0,
        0
      ]
    }
  ]
}
