{
  "results": [
    {
      "command": "change_chipyard_clusteredrocketconfig_dhrystone_signals_1_window_8us_trigger_any",
      "mean": 0.14151901320000002,
      "stddev": 0.0016200425536445672,
      "median": 0.141142979,
      "user": 0.063994,
      "system": 0.0560512,
      "min": 0.13954075900000001,
      "max": 0.14366378900000001,
      "times": [
        0.14366378900000001,
        0.13954075900000001,
        0.141142979,
        0.14257803600000002,
        0.140669503
      ],
      "exit_codes": [
        0,
        0,
        0,
        0,
        0
      ]
    }
  ]
}
