{
  "results": [
    {
      "command": "change_chipyard_dualrocketconfig_dhrystone_signals_100_pos_50_window_8000_trigger_posedge_clk",
      "mean": 26.6874383275,
      "stddev": 0.2297626758998984,
      "median": 26.779906070499997,
      "user": 25.84389966666667,
      "system": 0.8393936666666667,
      "min": 26.323327844,
      "max": 26.899536571,
      "times": [
        26.899536571,
        26.323327844,
        26.496248351,
        26.841913308,
        26.845705058,
        26.717898833
      ],
      "exit_codes": [
        0,
        0,
        0,
        0,
        0,
        0
      ]
    }
  ]
}
