{
  "results": [
    {
      "command": "change_chipyard_clusteredrocketconfig_dhrystone_signals_10_window_8us_trigger_any",
      "mean": 0.24196706160000003,
      "stddev": 0.0013718051164858633,
      "median": 0.24127505400000002,
      "user": 0.1335516,
      "system": 0.061362799999999995,
      "min": 0.240711749,
      "max": 0.243731363,
      "times": [
        0.243140977,
        0.24127505400000002,
        0.243731363,
        0.240711749,
        0.24097616500000002
      ],
      "exit_codes": [
        0,
        0,
        0,
        0,
        0
      ]
    }
  ]
}
