{
  "results": [
    {
      "command": "change_chipyard_dualrocketconfig_dhrystone_signals_100_pos_50_window_8000_trigger_signal",
      "mean": 26.675447489666666,
      "stddev": 0.17548050019426112,
      "median": 26.650690104,
      "user": 25.843852499999997,
      "system": 0.8272059999999999,
      "min": 26.484572937,
      "max": 26.974351719,
      "times": [
        26.73193473,
        26.578067661,
        26.723312547,
        26.484572937,
        26.560445344,
        26.974351719
      ],
      "exit_codes": [
        0,
        0,
        0,
        0,
        0,
        0
      ]
    }
  ]
}
