{
  "results": [
    {
      "command": "change_picorv32_signals_10_window_8us_trigger_any",
      "mean": 0.14049909720000003,
      "stddev": 0.0011048288911916135,
      "median": 0.140949253,
      "user": 0.08663099999999999,
      "system": 0.0263358,
      "min": 0.138957352,
      "max": 0.141718748,
      "times": [
        0.138957352,
        0.13979976300000002,
        0.14107037,
        0.141718748,
        0.140949253
      ],
      "exit_codes": [
        0,
        0,
        0,
        0,
        0
      ]
    }
  ]
}
