{
  "results": [
    {
      "command": "change_chipyard_clusteredrocketconfig_dhrystone_signals_10_window_32us_trigger_posedge_clk",
      "mean": 0.24127034600000002,
      "stddev": 0.0015296225896130374,
      "median": 0.24109839600000002,
      "user": 0.13762439999999998,
      "system": 0.061141999999999995,
      "min": 0.239322474,
      "max": 0.243513736,
      "times": [
        0.24071118100000002,
        0.239322474,
        0.241705943,
        0.243513736,
        0.24109839600000002
      ],
      "exit_codes": [
        0,
        0,
        0,
        0,
        0
      ]
    }
  ]
}
