{
  "results": [
    {
      "command": "change_chipyard_dualrocketconfig_dhrystone_signals_1_window_2us_trigger_any",
      "mean": 0.1401204044,
      "stddev": 0.001695586246818134,
      "median": 0.140221556,
      "user": 0.0554424,
      "system": 0.0469074,
      "min": 0.13813061000000001,
      "max": 0.14265566400000002,
      "times": [
        0.13813061000000001,
        0.139128538,
        0.140465654,
        0.14265566400000002,
        0.140221556
      ],
      "exit_codes": [
        0,
        0,
        0,
        0,
        0
      ]
    }
  ]
}
