{
  "results": [
    {
      "command": "change_picorv32_signals_10_window_32us_trigger_posedge_clk",
      "mean": 0.14004832520000002,
      "stddev": 0.0008910541954627143,
      "median": 0.140407776,
      "user": 0.0897246,
      "system": 0.026908599999999998,
      "min": 0.139009134,
      "max": 0.141108209,
      "times": [
        0.139237295,
        0.139009134,
        0.141108209,
        0.14047921200000002,
        0.140407776
      ],
      "exit_codes": [
        0,
        0,
        0,
        0,
        0
      ]
    }
  ]
}
