{
  "results": [
    {
      "command": "change_chipyard_dualrocketconfig_dhrystone_signals_10_window_32us_trigger_signal",
      "mean": 0.23930366700000003,
      "stddev": 0.002125794843610619,
      "median": 0.23871620300000002,
      "user": 0.16188399999999997,
      "system": 0.06611139999999999,
      "min": 0.23679960500000002,
      "max": 0.24167311600000002,
      "times": [
        0.24167311600000002,
        0.23871620300000002,
        0.23799354,
        0.241335871,
        0.23679960500000002
      ],
      "exit_codes": [
        0,
        0,
        0,
        0,
        0
      ]
    }
  ]
}
