{
  "results": [
    {
      "command": "change_scr1_signals_100_window_8ns_trigger_signal",
      "mean": 0.19158557483333336,
      "stddev": 0.0008172749806412534,
      "median": 0.19159155300000003,
      "user": 0.14003833333333332,
      "system": 0.026055833333333334,
      "min": 0.19052722800000002,
      "max": 0.19276858800000002,
      "times": [
        0.192028221,
        0.19052722800000002,
        0.19121174100000002,
        0.191971365,
        0.19276858800000002,
        0.19100630600000001
      ],
      "exit_codes": [
        0,
        0,
        0,
        0,
        0,
        0
      ]
    }
  ]
}
