{
  "results": [
    {
      "command": "change_scr1_signals_100_window_4ns_trigger_signal",
      "mean": 0.1911049445,
      "stddev": 0.0008093753762730227,
      "median": 0.1913155655,
      "user": 0.13530283333333332,
      "system": 0.026402333333333333,
      "min": 0.18966169700000002,
      "max": 0.191886405,
      "times": [
        0.191702802,
        0.19137869400000002,
        0.18966169700000002,
        0.191886405,
        0.190747632,
        0.19125243700000003
      ],
      "exit_codes": [
        0,
        0,
        0,
        0,
        0,
        0
      ]
    }
  ]
}
