{
  "results": [
    {
      "command": "change_chipyard_clusteredrocketconfig_dhrystone_signals_1_window_32us_trigger_posedge_clk",
      "mean": 0.5323765286000001,
      "stddev": 0.022279727015056372,
      "median": 0.542556856,
      "user": 0.40960599999999997,
      "system": 0.0938956,
      "min": 0.49256790200000006,
      "max": 0.5434470060000001,
      "times": [
        0.540553786,
        0.5427570930000001,
        0.542556856,
        0.49256790200000006,
        0.5434470060000001
      ],
      "exit_codes": [
        0,
        0,
        0,
        0,
        0
      ]
    }
  ]
}
