{
  "results": [
    {
      "command": "change_chipyard_dualrocketconfig_dhrystone_signals_1_window_2us_trigger_posedge_clk",
      "mean": 0.2414638302,
      "stddev": 0.0009680282312996918,
      "median": 0.24184527200000003,
      "user": 0.1490138,
      "system": 0.070204,
      "min": 0.239964692,
      "max": 0.24247321800000002,
      "times": [
        0.24192460000000002,
        0.24184527200000003,
        0.239964692,
        0.24111136900000002,
        0.24247321800000002
      ],
      "exit_codes": [
        0,
        0,
        0,
        0,
        0
      ]
    }
  ]
}
