{
  "results": [
    {
      "command": "change_chipyard_clusteredrocketconfig_dhrystone_signals_10_window_32us_trigger_any",
      "mean": 0.19909878040000004,
      "stddev": 0.022927206451258002,
      "median": 0.190068077,
      "user": 0.1373464,
      "system": 0.051271599999999994,
      "min": 0.18675143300000002,
      "max": 0.240036735,
      "times": [
        0.18675143300000002,
        0.18848051300000002,
        0.240036735,
        0.190068077,
        0.190157144
      ],
      "exit_codes": [
        0,
        0,
        0,
        0,
        0
      ]
    }
  ]
}
