{
  "results": [
    {
      "command": "change_picorv32_signals_10_window_8us_trigger_any",
      "mean": 0.1411129284,
      "stddev": 0.0004527922471534748,
      "median": 0.14098148600000002,
      "user": 0.08300080000000001,
      "system": 0.0261264,
      "min": 0.14057702800000002,
      "max": 0.141783299,
      "times": [
        0.14098148600000002,
        0.14057702800000002,
        0.14129337,
        0.141783299,
        0.140929459
      ],
      "exit_codes": [
        0,
        0,
        0,
        0,
        0
      ]
    }
  ]
}
