{
  "results": [
    {
      "command": "change_scr1_coremark_imem_axi_1sig_to_1000ps",
      "mean": 0.08334929122222223,
      "stddev": 0.01482995007690754,
      "median": 0.089431038,
      "user": 0.034560666666666656,
      "system": 0.025081777777777772,
      "min": 0.057547406,
      "max": 0.09636922,
      "times": [
        0.09038259,
        0.057547406,
        0.057711694,
        0.089431038,
        0.092756164,
        0.08645204000000001,
        0.090221779,
        0.08927169,
        0.09636922
      ],
      "exit_codes": [
        0,
        0,
        0,
        0,
        0,
        0,
        0,
        0,
        0
      ]
    }
  ]
}
