{
  "results": [
    {
      "command": "change_picorv32_signals_100_window_2us_trigger_any",
      "mean": 4.2503604738,
      "stddev": 0.0028103583152238863,
      "median": 4.249365645,
      "user": 3.5723228,
      "system": 0.6621694,
      "min": 4.248043254,
      "max": 4.25523936,
      "times": [
        4.248043254,
        4.249259059,
        4.25523936,
        4.249895051,
        4.249365645
      ],
      "exit_codes": [
        0,
        0,
        0,
        0,
        0
      ]
    }
  ]
}
