{
  "results": [
    {
      "command": "change_chipyard_dualrocketconfig_dhrystone_signals_10_window_32000000_trigger_signal",
      "mean": 300.038715213,
      "stddev": null,
      "median": 300.038715213,
      "user": 291.168205,
      "system": 9.163781,
      "min": 300.038715213,
      "max": 300.038715213,
      "times": [
        300.038715213
      ],
      "exit_codes": [
        0
      ]
    }
  ]
}
