{
  "results": [
    {
      "command": "change_picorv32_signals_100_window_2000000_trigger_any",
      "mean": 23.853848923,
      "stddev": null,
      "median": 23.853848923,
      "user": 23.531526,
      "system": 0.32389199999999996,
      "min": 23.853848923,
      "max": 23.853848923,
      "times": [
        23.853848923
      ],
      "exit_codes": [
        0
      ]
    }
  ]
}
