{
  "results": [
    {
      "command": "change_scr1_signals_100_pos_50_window_2ns_trigger_any",
      "mean": 0.19153808166666667,
      "stddev": 0.0005887323041470225,
      "median": 0.191465683,
      "user": 0.1331095,
      "system": 0.02312516666666667,
      "min": 0.19090071900000002,
      "max": 0.192478956,
      "times": [
        0.191536711,
        0.19090071900000002,
        0.192478956,
        0.19139465500000002,
        0.19191060100000001,
        0.191006848
      ],
      "exit_codes": [
        0,
        0,
        0,
        0,
        0,
        0
      ]
    }
  ]
}
