{
  "results": [
    {
      "command": "change_chipyard_dualrocketconfig_dhrystone_signals_10_window_8us_trigger_any",
      "mean": 0.18976508740000003,
      "stddev": 0.0005802319373615172,
      "median": 0.18954325400000002,
      "user": 0.1269256,
      "system": 0.05409459999999999,
      "min": 0.18905880700000002,
      "max": 0.190369371,
      "times": [
        0.18954325400000002,
        0.18905880700000002,
        0.19036349000000002,
        0.190369371,
        0.189490515
      ],
      "exit_codes": [
        0,
        0,
        0,
        0,
        0
      ]
    }
  ]
}
