{
  "results": [
    {
      "command": "change_chipyard_dualrocketconfig_dhrystone_signals_100_window_8us_trigger_any",
      "mean": 0.1884628482,
      "stddev": 0.0005748374307286384,
      "median": 0.188523364,
      "user": 0.12666159999999999,
      "system": 0.0538906,
      "min": 0.18780717300000002,
      "max": 0.189097849,
      "times": [
        0.187950911,
        0.18780717300000002,
        0.189097849,
        0.188523364,
        0.18893494400000002
      ],
      "exit_codes": [
        0,
        0,
        0,
        0,
        0
      ]
    }
  ]
}
