{
  "results": [
    {
      "command": "change_picorv32_signals_1_pos_50_window_8000_trigger_signal",
      "mean": 0.08151970616666666,
      "stddev": 0.001263112154022525,
      "median": 0.0811215635,
      "user": 0.059632500000000005,
      "system": 0.021652416666666664,
      "min": 0.07971122800000001,
      "max": 0.08443663200000001,
      "times": [
        0.082075413,
        0.082400873,
        0.082739859,
        0.07971122800000001,
        0.08056457900000001,
        0.08443663200000001,
        0.080917561,
        0.08083208,
        0.08078914000000001,
        0.08063005200000001,
        0.081325566,
        0.081813491
      ],
      "exit_codes": [
        0,
        0,
        0,
        0,
        0,
        0,
        0,
        0,
        0,
        0,
        0,
        0
      ]
    }
  ]
}
