{
  "results": [
    {
      "command": "change_chipyard_dualrocketconfig_dhrystone_signals_1_window_2us_trigger_signal",
      "mean": 0.1396510682,
      "stddev": 0.0016347830415170375,
      "median": 0.139910993,
      "user": 0.07764,
      "system": 0.054603599999999995,
      "min": 0.137013084,
      "max": 0.141529446,
      "times": [
        0.141529446,
        0.139910993,
        0.139828809,
        0.137013084,
        0.139973009
      ],
      "exit_codes": [
        0,
        0,
        0,
        0,
        0
      ]
    }
  ]
}
