{
  "results": [
    {
      "command": "change_picorv32_signals_100_window_8us_trigger_signal",
      "mean": 0.39948276600000004,
      "stddev": 0.024152515433629805,
      "median": 0.388818041,
      "user": 0.3406874,
      "system": 0.04821979999999999,
      "min": 0.38768973300000004,
      "max": 0.442662488,
      "times": [
        0.388292407,
        0.442662488,
        0.38768973300000004,
        0.388818041,
        0.38995116100000005
      ],
      "exit_codes": [
        0,
        0,
        0,
        0,
        0
      ]
    }
  ]
}
