{
  "results": [
    {
      "command": "change_scr1_signals_10_window_4ns_trigger_posedge_clk",
      "mean": 0.057216917666666665,
      "stddev": 0.0018312423556503254,
      "median": 0.057030331000000004,
      "user": 0.038503777777777776,
      "system": 0.01583833333333333,
      "min": 0.055385702,
      "max": 0.061814189000000005,
      "times": [
        0.056053993,
        0.05651793200000001,
        0.056540354,
        0.057030331000000004,
        0.061814189000000005,
        0.057229204000000006,
        0.057236298000000005,
        0.055385702,
        0.057144256000000004
      ],
      "exit_codes": [
        0,
        0,
        0,
        0,
        0,
        0,
        0,
        0,
        0
      ]
    }
  ]
}
