{
  "results": [
    {
      "command": "change_chipyard_dualrocketconfig_dhrystone_signals_100_pos_50_window_2000_trigger_any",
      "mean": 7.607146443333334,
      "stddev": 0.09117980683002376,
      "median": 7.638462084,
      "user": 7.327272166666666,
      "system": 0.278466,
      "min": 7.49361124,
      "max": 7.71630245,
      "times": [
        7.620405248,
        7.49361124,
        7.71630245,
        7.499110897,
        7.65651892,
        7.656929905
      ],
      "exit_codes": [
        0,
        0,
        0,
        0,
        0,
        0
      ]
    }
  ]
}
