{
  "results": [
    {
      "command": "change_scr1_signals_1_window_4000_trigger_posedge_clk",
      "mean": 0.19017072275000005,
      "stddev": 0.001525196521050928,
      "median": 0.1902844585,
      "user": 0.14797849999999999,
      "system": 0.01879475,
      "min": 0.187705759,
      "max": 0.19311091400000002,
      "times": [
        0.190155086,
        0.187705759,
        0.18802723100000002,
        0.188889931,
        0.18959441300000002,
        0.189580417,
        0.19138158800000002,
        0.190413831,
        0.191118474,
        0.19116321900000002,
        0.19311091400000002,
        0.19090781
      ],
      "exit_codes": [
        0,
        0,
        0,
        0,
        0,
        0,
        0,
        0,
        0,
        0,
        0,
        0
      ]
    }
  ]
}
