{
  "results": [
    {
      "command": "change_scr1_signals_1_window_2ns_trigger_posedge_clk",
      "mean": 0.05712437725,
      "stddev": 0.0012176861628424727,
      "median": 0.0569174665,
      "user": 0.028374083333333328,
      "system": 0.018364333333333333,
      "min": 0.05556152600000001,
      "max": 0.059728011000000004,
      "times": [
        0.057171889000000004,
        0.056588825,
        0.05556152600000001,
        0.059728011000000004,
        0.057619641000000006,
        0.056212378,
        0.057175567000000004,
        0.057314417000000006,
        0.055879813,
        0.056555893,
        0.056663044,
        0.059021523000000006
      ],
      "exit_codes": [
        0,
        0,
        0,
        0,
        0,
        0,
        0,
        0,
        0,
        0,
        0,
        0
      ]
    }
  ]
}
