{
  "results": [
    {
      "command": "change_scr1_signals_10_window_2ns_trigger_any",
      "mean": 0.05623422922222224,
      "stddev": 0.0009085552606141765,
      "median": 0.056243371,
      "user": 0.035455111111111104,
      "system": 0.014553000000000002,
      "min": 0.055066056,
      "max": 0.058238952000000004,
      "times": [
        0.056473094,
        0.056622528000000005,
        0.056321920000000004,
        0.056243371,
        0.056049565,
        0.055066056,
        0.055655851000000006,
        0.055436726000000006,
        0.058238952000000004
      ],
      "exit_codes": [
        0,
        0,
        0,
        0,
        0,
        0,
        0,
        0,
        0
      ]
    }
  ]
}
