{
  "results": [
    {
      "command": "change_chipyard_clusteredrocketconfig_dhrystone_signals_10_window_2us_trigger_signal",
      "mean": 0.25070168900000006,
      "stddev": 0.02238607336119434,
      "median": 0.24153200500000002,
      "user": 0.1574024,
      "system": 0.078703,
      "min": 0.23964754200000002,
      "max": 0.29070885500000004,
      "times": [
        0.24153200500000002,
        0.23964754200000002,
        0.29070885500000004,
        0.23980893500000003,
        0.24181110800000002
      ],
      "exit_codes": [
        0,
        0,
        0,
        0,
        0
      ]
    }
  ]
}
