{
  "results": [
    {
      "command": "change_scr1_signals_10_window_4000_trigger_signal",
      "mean": 3.3685449011111115,
      "stddev": 0.027444217906604465,
      "median": 3.346486249,
      "user": 3.253976111111111,
      "system": 0.097459,
      "min": 3.3447687630000003,
      "max": 3.398452289,
      "times": [
        3.3447687630000003,
        3.397619517,
        3.39637817,
        3.34504453,
        3.346486249,
        3.39740664,
        3.3455541760000003,
        3.398452289,
        3.345193776
      ],
      "exit_codes": [
        0,
        0,
        0,
        0,
        0,
        0,
        0,
        0,
        0
      ]
    }
  ]
}
