{
  "results": [
    {
      "command": "change_chipyard_dualrocketconfig_dhrystone_signals_10_window_2us_trigger_any",
      "mean": 0.18850120820000002,
      "stddev": 0.0008347230170908225,
      "median": 0.188597437,
      "user": 0.1267238,
      "system": 0.0546246,
      "min": 0.187662881,
      "max": 0.189723201,
      "times": [
        0.187778259,
        0.187662881,
        0.188597437,
        0.18874426300000002,
        0.189723201
      ],
      "exit_codes": [
        0,
        0,
        0,
        0,
        0
      ]
    }
  ]
}
