{
  "results": [
    {
      "command": "change_picorv32_signals_100_window_8us_trigger_posedge_clk",
      "mean": 0.39919982260000003,
      "stddev": 0.02337246032993578,
      "median": 0.389284874,
      "user": 0.33775499999999997,
      "system": 0.04803219999999999,
      "min": 0.387226987,
      "max": 0.44096971500000004,
      "times": [
        0.389284874,
        0.387226987,
        0.3885309,
        0.389986637,
        0.44096971500000004
      ],
      "exit_codes": [
        0,
        0,
        0,
        0,
        0
      ]
    }
  ]
}
