{
  "results": [
    {
      "command": "change_picorv32_signals_10_window_32us_trigger_any",
      "mean": 0.1414005328,
      "stddev": 0.0014962227522965028,
      "median": 0.14158056200000002,
      "user": 0.083508,
      "system": 0.028975799999999996,
      "min": 0.1397157,
      "max": 0.143437098,
      "times": [
        0.143437098,
        0.14208193100000002,
        0.14158056200000002,
        0.1397157,
        0.140187373
      ],
      "exit_codes": [
        0,
        0,
        0,
        0,
        0
      ]
    }
  ]
}
