{
  "results": [
    {
      "command": "change_chipyard_dualrocketconfig_dhrystone_signals_100_window_2us_trigger_any",
      "mean": 0.1888356404,
      "stddev": 0.0010768900938488623,
      "median": 0.188715195,
      "user": 0.12886380000000003,
      "system": 0.051667399999999995,
      "min": 0.187790233,
      "max": 0.190429635,
      "times": [
        0.18929198500000002,
        0.187951154,
        0.190429635,
        0.188715195,
        0.187790233
      ],
      "exit_codes": [
        0,
        0,
        0,
        0,
        0
      ]
    }
  ]
}
