{
  "results": [
    {
      "command": "change_chipyard_dualrocketconfig_dhrystone_signals_10_window_32us_trigger_signal",
      "mean": 0.2506004034,
      "stddev": 0.023243815821876877,
      "median": 0.24041329700000003,
      "user": 0.1626888,
      "system": 0.0756416,
      "min": 0.23961974600000002,
      "max": 0.29217416100000004,
      "times": [
        0.24068750100000003,
        0.29217416100000004,
        0.23961974600000002,
        0.24010731200000002,
        0.24041329700000003
      ],
      "exit_codes": [
        0,
        0,
        0,
        0,
        0
      ]
    }
  ]
}
