{
  "results": [
    {
      "command": "change_chipyard_dualrocketconfig_dhrystone_signals_10_window_2us_trigger_any",
      "mean": 0.199375584,
      "stddev": 0.022226052217867682,
      "median": 0.189236346,
      "user": 0.1287402,
      "system": 0.05243199999999999,
      "min": 0.188206015,
      "max": 0.23908909600000003,
      "times": [
        0.23908909600000003,
        0.189199437,
        0.19114702600000003,
        0.188206015,
        0.189236346
      ],
      "exit_codes": [
        0,
        0,
        0,
        0,
        0
      ]
    }
  ]
}
