{
  "results": [
    {
      "command": "change_scr1_coremark_imem_axi_2sig_to_1000ps",
      "mean": 0.07918935666666665,
      "stddev": 0.01717430445746152,
      "median": 0.089504333,
      "user": 0.03605766666666667,
      "system": 0.022172555555555556,
      "min": 0.055471176000000004,
      "max": 0.092012443,
      "times": [
        0.056714916000000004,
        0.055471176000000004,
        0.088969923,
        0.089504333,
        0.091628083,
        0.092012443,
        0.091529198,
        0.090055437,
        0.056818701000000006
      ],
      "exit_codes": [
        0,
        0,
        0,
        0,
        0,
        0,
        0,
        0,
        0
      ]
    }
  ]
}
