{
  "results": [
    {
      "command": "change_chipyard_dualrocketconfig_dhrystone_signals_10_window_8us_trigger_posedge_clk",
      "mean": 0.24227912700000004,
      "stddev": 0.0012106554104630662,
      "median": 0.24223654500000003,
      "user": 0.14699240000000002,
      "system": 0.0680846,
      "min": 0.24069105500000001,
      "max": 0.244090407,
      "times": [
        0.24233357600000002,
        0.24069105500000001,
        0.24223654500000003,
        0.242044052,
        0.244090407
      ],
      "exit_codes": [
        0,
        0,
        0,
        0,
        0
      ]
    }
  ]
}
