{
  "results": [
    {
      "command": "change_chipyard_dualrocketconfig_dhrystone_signals_1_window_8us_trigger_any",
      "mean": 0.14075539760000003,
      "stddev": 0.0010170376019854397,
      "median": 0.140719706,
      "user": 0.05805579999999999,
      "system": 0.0435992,
      "min": 0.139538655,
      "max": 0.142318636,
      "times": [
        0.14088610000000001,
        0.140719706,
        0.139538655,
        0.142318636,
        0.140313891
      ],
      "exit_codes": [
        0,
        0,
        0,
        0,
        0
      ]
    }
  ]
}
