{
  "results": [
    {
      "command": "change_chipyard_clusteredrocketconfig_dhrystone_signals_100_window_8us_trigger_signal",
      "mean": 0.29003252820000003,
      "stddev": 0.0014339087755510117,
      "median": 0.289394258,
      "user": 0.2021802,
      "system": 0.07854059999999999,
      "min": 0.288850686,
      "max": 0.292466708,
      "times": [
        0.288850686,
        0.289394258,
        0.290116945,
        0.289334044,
        0.292466708
      ],
      "exit_codes": [
        0,
        0,
        0,
        0,
        0
      ]
    }
  ]
}
