{
  "results": [
    {
      "command": "change_picorv32_signals_10_window_8us_trigger_any",
      "mean": 0.1413880696,
      "stddev": 0.0019081802567732678,
      "median": 0.140753707,
      "user": 0.08702399999999999,
      "system": 0.026616199999999996,
      "min": 0.13900055,
      "max": 0.143941706,
      "times": [
        0.140753707,
        0.14066530800000002,
        0.142579077,
        0.143941706,
        0.13900055
      ],
      "exit_codes": [
        0,
        0,
        0,
        0,
        0
      ]
    }
  ]
}
