{
  "results": [
    {
      "command": "change_chipyard_dualrocketconfig_dhrystone_signals_1_window_32000000_trigger_signal",
      "mean": 300.03709354,
      "stddev": null,
      "median": 300.03709354,
      "user": 291.08559299999996,
      "system": 9.238717,
      "min": 300.03709354,
      "max": 300.03709354,
      "times": [
        300.03709354
      ],
      "exit_codes": [
        0
      ]
    }
  ]
}
