{
  "results": [
    {
      "command": "change_chipyard_clusteredrocketconfig_dhrystone_signals_10_pos_50_window_8000_trigger_signal",
      "mean": 3.397477367555555,
      "stddev": 0.04641496542044009,
      "median": 3.377350864,
      "user": 3.173938111111111,
      "system": 0.2228441111111111,
      "min": 3.340877723,
      "max": 3.46186573,
      "times": [
        3.445493359,
        3.46186573,
        3.340877723,
        3.364454261,
        3.432119238,
        3.377350864,
        3.438412812,
        3.349748702,
        3.366973619
      ],
      "exit_codes": [
        0,
        0,
        0,
        0,
        0,
        0,
        0,
        0,
        0
      ]
    }
  ]
}
