{
  "results": [
    {
      "command": "change_chipyard_clusteredrocketconfig_dhrystone_signals_100_window_8us_trigger_signal",
      "mean": 0.29032539180000005,
      "stddev": 0.001135980410614861,
      "median": 0.29094933300000003,
      "user": 0.19599419999999998,
      "system": 0.070376,
      "min": 0.288705017,
      "max": 0.291249386,
      "times": [
        0.291249386,
        0.289558337,
        0.29094933300000003,
        0.291164886,
        0.288705017
      ],
      "exit_codes": [
        0,
        0,
        0,
        0,
        0
      ]
    }
  ]
}
