{
  "results": [
    {
      "command": "change_chipyard_clusteredrocketconfig_dhrystone_signals_10_window_2us_trigger_posedge_clk",
      "mean": 0.26107601140000003,
      "stddev": 0.02980589537485465,
      "median": 0.239487148,
      "user": 0.1691326,
      "system": 0.07070560000000001,
      "min": 0.239191963,
      "max": 0.293835389,
      "times": [
        0.293617409,
        0.23924814800000002,
        0.239191963,
        0.293835389,
        0.239487148
      ],
      "exit_codes": [
        0,
        0,
        0,
        0,
        0
      ]
    }
  ]
}
