{
  "results": [
    {
      "command": "change_chipyard_clusteredrocketconfig_dhrystone_signals_100_window_2us_trigger_posedge_clk",
      "mean": 0.30023913160000004,
      "stddev": 0.023137900944753865,
      "median": 0.290364086,
      "user": 0.2066354,
      "system": 0.08092919999999999,
      "min": 0.28874493500000004,
      "max": 0.341607094,
      "times": [
        0.290756512,
        0.341607094,
        0.289723031,
        0.28874493500000004,
        0.290364086
      ],
      "exit_codes": [
        0,
        0,
        0,
        0,
        0
      ]
    }
  ]
}
