{
  "results": [
    {
      "command": "change_chipyard_clusteredrocketconfig_dhrystone_signals_10_pos_50_window_2000_trigger_posedge_clk",
      "mean": 1.087800551888889,
      "stddev": 0.005580819116216622,
      "median": 1.089443429,
      "user": 0.9790145555555555,
      "system": 0.10842255555555555,
      "min": 1.078089147,
      "max": 1.095966904,
      "times": [
        1.091400869,
        1.079983033,
        1.088587444,
        1.086817169,
        1.090453013,
        1.095966904,
        1.078089147,
        1.089443429,
        1.089463959
      ],
      "exit_codes": [
        0,
        0,
        0,
        0,
        0,
        0,
        0,
        0,
        0
      ]
    }
  ]
}
