{
  "results": [
    {
      "command": "change_chipyard_clusteredrocketconfig_dhrystone_signals_100_window_32us_trigger_any",
      "mean": 0.23943761260000002,
      "stddev": 0.0008931887948106448,
      "median": 0.239139707,
      "user": 0.16970939999999998,
      "system": 0.0615336,
      "min": 0.23875207,
      "max": 0.240913389,
      "times": [
        0.240913389,
        0.23878320900000002,
        0.23875207,
        0.239139707,
        0.239599688
      ],
      "exit_codes": [
        0,
        0,
        0,
        0,
        0
      ]
    }
  ]
}
