{
  "results": [
    {
      "command": "change_chipyard_clusteredrocketconfig_dhrystone_signals_1_window_2us_trigger_any",
      "mean": 0.13972543220000003,
      "stddev": 0.001559189108594013,
      "median": 0.139338958,
      "user": 0.06828900000000002,
      "system": 0.049181,
      "min": 0.138606022,
      "max": 0.142432168,
      "times": [
        0.138606022,
        0.142432168,
        0.139495412,
        0.139338958,
        0.138754601
      ],
      "exit_codes": [
        0,
        0,
        0,
        0,
        0
      ]
    }
  ]
}
