{
  "results": [
    {
      "command": "change_scr1_signals_10_window_8ns_trigger_posedge_clk",
      "mean": 0.05598945655555557,
      "stddev": 0.0012110289049683239,
      "median": 0.055572015,
      "user": 0.035046888888888884,
      "system": 0.016965777777777778,
      "min": 0.054723004000000006,
      "max": 0.058460446000000006,
      "times": [
        0.055572015,
        0.05493939900000001,
        0.058460446000000006,
        0.056133106,
        0.054723004000000006,
        0.055079401,
        0.057009057,
        0.055339478000000004,
        0.056649203
      ],
      "exit_codes": [
        0,
        0,
        0,
        0,
        0,
        0,
        0,
        0,
        0
      ]
    }
  ]
}
