{
  "results": [
    {
      "command": "change_picorv32_signals_100_window_2us_trigger_posedge_clk",
      "mean": 0.4416878274,
      "stddev": 0.001222133154797498,
      "median": 0.442029742,
      "user": 0.3550964,
      "system": 0.0538984,
      "min": 0.43963982300000004,
      "max": 0.442791572,
      "times": [
        0.44162599300000005,
        0.43963982300000004,
        0.44235200700000005,
        0.442791572,
        0.442029742
      ],
      "exit_codes": [
        0,
        0,
        0,
        0,
        0
      ]
    }
  ]
}
