{
  "results": [
    {
      "command": "change_chipyard_dualrocketconfig_dhrystone_signals_1_window_8us_trigger_signal",
      "mean": 0.15944682780000002,
      "stddev": 0.028794545965098513,
      "median": 0.13907772300000001,
      "user": 0.07791719999999999,
      "system": 0.0586916,
      "min": 0.137349777,
      "max": 0.191505065,
      "times": [
        0.13884932900000002,
        0.137349777,
        0.19045224500000002,
        0.191505065,
        0.13907772300000001
      ],
      "exit_codes": [
        0,
        0,
        0,
        0,
        0
      ]
    }
  ]
}
