{
  "results": [
    {
      "command": "change_chipyard_clusteredrocketconfig_dhrystone_signals_1_window_8us_trigger_any",
      "mean": 0.139815502,
      "stddev": 0.001825167449228009,
      "median": 0.140807354,
      "user": 0.0688476,
      "system": 0.0438178,
      "min": 0.13682708600000001,
      "max": 0.141096376,
      "times": [
        0.140807354,
        0.141043347,
        0.141096376,
        0.13930334700000002,
        0.13682708600000001
      ],
      "exit_codes": [
        0,
        0,
        0,
        0,
        0
      ]
    }
  ]
}
