{
  "results": [
    {
      "command": "change_picorv32_signals_100_window_2us_trigger_posedge_clk",
      "mean": 0.38936999740000006,
      "stddev": 0.002143464622393226,
      "median": 0.388623031,
      "user": 0.34120019999999995,
      "system": 0.045857999999999996,
      "min": 0.38704219500000003,
      "max": 0.39250342600000004,
      "times": [
        0.39250342600000004,
        0.39047667900000005,
        0.38820465600000004,
        0.38704219500000003,
        0.388623031
      ],
      "exit_codes": [
        0,
        0,
        0,
        0,
        0
      ]
    }
  ]
}
