{
  "results": [
    {
      "command": "change_scr1_signals_1_window_2ns_trigger_posedge_clk",
      "mean": 0.05640785308333334,
      "stddev": 0.0010462407529441648,
      "median": 0.056539512,
      "user": 0.029167083333333333,
      "system": 0.01552,
      "min": 0.053947401000000006,
      "max": 0.057649006,
      "times": [
        0.057056086000000006,
        0.056033839,
        0.057349875,
        0.055588956,
        0.053947401000000006,
        0.056424301,
        0.055844595000000004,
        0.056654723000000004,
        0.055876185,
        0.056847234,
        0.057649006,
        0.057622036
      ],
      "exit_codes": [
        0,
        0,
        0,
        0,
        0,
        0,
        0,
        0,
        0,
        0,
        0,
        0
      ]
    }
  ]
}
