{
  "results": [
    {
      "command": "change_scr1_signals_100_window_8ns_trigger_posedge_clk",
      "mean": 0.19001235883333334,
      "stddev": 0.002037322113238687,
      "median": 0.18985493950000001,
      "user": 0.14369516666666668,
      "system": 0.026095666666666666,
      "min": 0.18777474300000002,
      "max": 0.193591067,
      "times": [
        0.190434819,
        0.193591067,
        0.190408349,
        0.18777474300000002,
        0.188563645,
        0.18930153000000002
      ],
      "exit_codes": [
        0,
        0,
        0,
        0,
        0,
        0
      ]
    }
  ]
}
