{
  "results": [
    {
      "command": "change_chipyard_dualrocketconfig_dhrystone_signals_100_window_2us_trigger_signal",
      "mean": 0.24064867259999997,
      "stddev": 0.0008867830256724605,
      "median": 0.24033609700000003,
      "user": 0.15319839999999998,
      "system": 0.07104479999999999,
      "min": 0.239812395,
      "max": 0.24176750500000002,
      "times": [
        0.24176750500000002,
        0.24033609700000003,
        0.239812395,
        0.23992333300000002,
        0.24140403300000002
      ],
      "exit_codes": [
        0,
        0,
        0,
        0,
        0
      ]
    }
  ]
}
