{
  "results": [
    {
      "command": "change_chipyard_clusteredrocketconfig_dhrystone_signals_1_pos_50_window_2000_trigger_signal",
      "mean": 0.36383973225,
      "stddev": 0.005086074531541946,
      "median": 0.3630921945,
      "user": 0.2870310833333333,
      "system": 0.07653058333333333,
      "min": 0.357068789,
      "max": 0.372854195,
      "times": [
        0.365767235,
        0.368888553,
        0.365944798,
        0.36356229500000004,
        0.362622094,
        0.357068789,
        0.36003556800000003,
        0.360523802,
        0.35750220200000005,
        0.37065537400000004,
        0.36065188200000003,
        0.372854195
      ],
      "exit_codes": [
        0,
        0,
        0,
        0,
        0,
        0,
        0,
        0,
        0,
        0,
        0,
        0
      ]
    }
  ]
}
