{
  "results": [
    {
      "command": "change_chipyard_clusteredrocketconfig_dhrystone_signals_1_window_8us_trigger_posedge_clk",
      "mean": 0.29165787020000006,
      "stddev": 0.0009749921929965454,
      "median": 0.29184664400000004,
      "user": 0.1781292,
      "system": 0.0760438,
      "min": 0.290022066,
      "max": 0.29240831500000003,
      "times": [
        0.29238376400000005,
        0.290022066,
        0.29162856200000004,
        0.29184664400000004,
        0.29240831500000003
      ],
      "exit_codes": [
        0,
        0,
        0,
        0,
        0
      ]
    }
  ]
}
