{
  "results": [
    {
      "command": "change_scr1_signals_100_window_2000_trigger_any",
      "mean": 6.168816370666668,
      "stddev": 0.025555246819711653,
      "median": 6.1531097155,
      "user": 5.973421999999999,
      "system": 0.17624749999999997,
      "min": 6.15120916,
      "max": 6.203012193,
      "times": [
        6.15120916,
        6.200529997,
        6.151927443,
        6.154003321,
        6.203012193,
        6.15221611
      ],
      "exit_codes": [
        0,
        0,
        0,
        0,
        0,
        0
      ]
    }
  ]
}
