{
  "results": [
    {
      "command": "change_scr1_signals_100_window_2ns_trigger_signal",
      "mean": 0.19009269166666665,
      "stddev": 0.0006022437471617859,
      "median": 0.190102914,
      "user": 0.1373875,
      "system": 0.025573833333333334,
      "min": 0.189137145,
      "max": 0.190921948,
      "times": [
        0.189137145,
        0.19016917800000002,
        0.190460384,
        0.19003665,
        0.190921948,
        0.189830845
      ],
      "exit_codes": [
        0,
        0,
        0,
        0,
        0,
        0
      ]
    }
  ]
}
