{
  "results": [
    {
      "command": "change_chipyard_dualrocketconfig_dhrystone_signals_100_window_2us_trigger_any",
      "mean": 0.18938612240000002,
      "stddev": 0.0009981118082057789,
      "median": 0.189218351,
      "user": 0.1354066,
      "system": 0.0504108,
      "min": 0.188571496,
      "max": 0.19100503700000002,
      "times": [
        0.189218351,
        0.188583259,
        0.189552469,
        0.188571496,
        0.19100503700000002
      ],
      "exit_codes": [
        0,
        0,
        0,
        0,
        0
      ]
    }
  ]
}
