{
  "results": [
    {
      "command": "change_scr1_signals_1_window_2000_trigger_signal",
      "mean": 0.7868990575,
      "stddev": 0.015188681325447309,
      "median": 0.791734379,
      "user": 0.7168593333333333,
      "system": 0.033777416666666664,
      "min": 0.738877491,
      "max": 0.793111059,
      "times": [
        0.7901193120000001,
        0.7890241370000001,
        0.793111059,
        0.788776111,
        0.791793525,
        0.738877491,
        0.7916752330000001,
        0.792268798,
        0.7921218710000001,
        0.7903202300000001,
        0.791817681,
        0.792883242
      ],
      "exit_codes": [
        0,
        0,
        0,
        0,
        0,
        0,
        0,
        0,
        0,
        0,
        0,
        0
      ]
    }
  ]
}
