{
  "results": [
    {
      "command": "change_scr1_signals_10_window_4ns_trigger_signal",
      "mean": 0.058307621999999996,
      "stddev": 0.001592205393904945,
      "median": 0.058051837,
      "user": 0.03818377777777778,
      "system": 0.016715888888888888,
      "min": 0.056553131000000006,
      "max": 0.062025935000000004,
      "times": [
        0.056694846,
        0.058912938000000005,
        0.062025935000000004,
        0.056553131000000006,
        0.057885194,
        0.058390130000000005,
        0.058343724000000007,
        0.058051837,
        0.05791086300000001
      ],
      "exit_codes": [
        0,
        0,
        0,
        0,
        0,
        0,
        0,
        0,
        0
      ]
    }
  ]
}
