{
  "results": [
    {
      "command": "change_scr1_signals_1_window_2ns_trigger_any",
      "mean": 0.05758353108333334,
      "stddev": 0.0012412112838664324,
      "median": 0.057311559,
      "user": 0.02909275,
      "system": 0.016538333333333332,
      "min": 0.055727246,
      "max": 0.059841805000000005,
      "times": [
        0.059841805000000005,
        0.0571064,
        0.056596444,
        0.05678673100000001,
        0.058725483,
        0.055727246,
        0.058701238,
        0.056789646000000006,
        0.05893104800000001,
        0.05790353300000001,
        0.057516718,
        0.056376081
      ],
      "exit_codes": [
        0,
        0,
        0,
        0,
        0,
        0,
        0,
        0,
        0,
        0,
        0,
        0
      ]
    }
  ]
}
