{
  "results": [
    {
      "command": "change_chipyard_dualrocketconfig_dhrystone_signals_100_window_2us_trigger_posedge_clk",
      "mean": 0.23968176860000004,
      "stddev": 0.0015334688198666816,
      "median": 0.23906621300000003,
      "user": 0.15413819999999998,
      "system": 0.0686396,
      "min": 0.23812629800000001,
      "max": 0.24207254800000003,
      "times": [
        0.23812629800000001,
        0.24207254800000003,
        0.23891320500000002,
        0.23906621300000003,
        0.24023057900000003
      ],
      "exit_codes": [
        0,
        0,
        0,
        0,
        0
      ]
    }
  ]
}
