{
  "results": [
    {
      "command": "change_picorv32_signals_1_window_32us_trigger_posedge_clk",
      "mean": 0.12975024880000002,
      "stddev": 0.022306246848291005,
      "median": 0.139399809,
      "user": 0.0697998,
      "system": 0.022450199999999997,
      "min": 0.089945911,
      "max": 0.141663747,
      "times": [
        0.137375613,
        0.089945911,
        0.14036616400000002,
        0.139399809,
        0.141663747
      ],
      "exit_codes": [
        0,
        0,
        0,
        0,
        0
      ]
    }
  ]
}
