{
  "results": [
    {
      "command": "change_picorv32_signals_10_window_2000000_trigger_posedge_clk",
      "mean": 5.103223276,
      "stddev": null,
      "median": 5.103223276,
      "user": 5.019680999999999,
      "system": 0.081172,
      "min": 5.103223276,
      "max": 5.103223276,
      "times": [
        5.103223276
      ],
      "exit_codes": [
        0
      ]
    }
  ]
}
