{
  "results": [
    {
      "command": "change_chipyard_dualrocketconfig_dhrystone_signals_100_window_8us_trigger_any",
      "mean": 0.18946139280000002,
      "stddev": 0.000648785573126595,
      "median": 0.189121529,
      "user": 0.1253276,
      "system": 0.051534800000000006,
      "min": 0.18883792200000002,
      "max": 0.19021568100000003,
      "times": [
        0.19021568100000003,
        0.189023391,
        0.18883792200000002,
        0.19010844100000002,
        0.189121529
      ],
      "exit_codes": [
        0,
        0,
        0,
        0,
        0
      ]
    }
  ]
}
