{
  "results": [
    {
      "command": "change_scr1_signals_100_window_8ns_trigger_any",
      "mean": 0.1914854825,
      "stddev": 0.00144732649213392,
      "median": 0.19102752100000003,
      "user": 0.13022166666666665,
      "system": 0.0245055,
      "min": 0.19021658700000002,
      "max": 0.193865854,
      "times": [
        0.19021694700000003,
        0.192558465,
        0.193865854,
        0.19021658700000002,
        0.19112126100000001,
        0.19093378100000002
      ],
      "exit_codes": [
        0,
        0,
        0,
        0,
        0,
        0
      ]
    }
  ]
}
