{
  "results": [
    {
      "command": "change_picorv32_signals_10_pos_50_window_2000_trigger_signal",
      "mean": 0.1909989826666667,
      "stddev": 0.006967505982688407,
      "median": 0.187276396,
      "user": 0.1669783333333333,
      "system": 0.023784666666666662,
      "min": 0.18557267100000002,
      "max": 0.20580024900000002,
      "times": [
        0.18557267100000002,
        0.18707493800000002,
        0.19879117300000002,
        0.20580024900000002,
        0.19294255400000002,
        0.186286159,
        0.18836322500000002,
        0.18688347900000002,
        0.187276396
      ],
      "exit_codes": [
        0,
        0,
        0,
        0,
        0,
        0,
        0,
        0,
        0
      ]
    }
  ]
}
