{
  "results": [
    {
      "command": "change_scr1_signals_100_window_2ns_trigger_posedge_clk",
      "mean": 0.19162205866666668,
      "stddev": 0.0014658120350849475,
      "median": 0.1915812905,
      "user": 0.13918116666666666,
      "system": 0.025628999999999996,
      "min": 0.189512552,
      "max": 0.19397583000000002,
      "times": [
        0.19095050400000002,
        0.19172191900000002,
        0.191440662,
        0.19397583000000002,
        0.192130885,
        0.189512552
      ],
      "exit_codes": [
        0,
        0,
        0,
        0,
        0,
        0
      ]
    }
  ]
}
