{
  "results": [
    {
      "command": "change_scr1_signals_100_pos_50_window_2000_trigger_any",
      "mean": 6.065044900666667,
      "stddev": 0.07838392775512593,
      "median": 6.02905233,
      "user": 5.896576,
      "system": 0.16699316666666664,
      "min": 6.006832658,
      "max": 6.202408452,
      "times": [
        6.202408452,
        6.017786632,
        6.006832658,
        6.008582941,
        6.040318028,
        6.114340693
      ],
      "exit_codes": [
        0,
        0,
        0,
        0,
        0,
        0
      ]
    }
  ]
}
