{
  "results": [
    {
      "command": "change_scr1_signals_10_window_2ns_trigger_signal",
      "mean": 0.058011918333333336,
      "stddev": 0.0013838642964488076,
      "median": 0.058273731,
      "user": 0.03678744444444445,
      "system": 0.017803,
      "min": 0.055801994,
      "max": 0.060414971000000005,
      "times": [
        0.056738901,
        0.058334616000000006,
        0.056872660000000005,
        0.060414971000000005,
        0.058273731,
        0.058785092000000004,
        0.057893926000000005,
        0.055801994,
        0.058991374000000006
      ],
      "exit_codes": [
        0,
        0,
        0,
        0,
        0,
        0,
        0,
        0,
        0
      ]
    }
  ]
}
