{
  "results": [
    {
      "command": "change_scr1_signals_10_window_2ns_trigger_posedge_clk",
      "mean": 0.05744379577777778,
      "stddev": 0.0008667860692281255,
      "median": 0.057471944000000004,
      "user": 0.03801477777777778,
      "system": 0.01702888888888889,
      "min": 0.056014165000000005,
      "max": 0.058892782000000005,
      "times": [
        0.056014165000000005,
        0.058892782000000005,
        0.057152283000000005,
        0.057020294000000006,
        0.058404485000000006,
        0.056691838,
        0.057471944000000004,
        0.057738032,
        0.057608339
      ],
      "exit_codes": [
        0,
        0,
        0,
        0,
        0,
        0,
        0,
        0,
        0
      ]
    }
  ]
}
