{
  "results": [
    {
      "command": "change_picorv32_signals_1_window_32us_trigger_any",
      "mean": 0.0912082546,
      "stddev": 0.0010186400167629358,
      "median": 0.09142641300000001,
      "user": 0.0413148,
      "system": 0.0226028,
      "min": 0.08986471900000001,
      "max": 0.092336057,
      "times": [
        0.09142641300000001,
        0.092336057,
        0.090490841,
        0.091923243,
        0.08986471900000001
      ],
      "exit_codes": [
        0,
        0,
        0,
        0,
        0
      ]
    }
  ]
}
