{
  "results": [
    {
      "command": "change_scr1_signals_10_window_4000_trigger_posedge_clk",
      "mean": 1.2588950635555554,
      "stddev": 0.026395734677883212,
      "median": 1.243876576,
      "user": 1.1885394444444446,
      "system": 0.04591577777777777,
      "min": 1.238752488,
      "max": 1.296445868,
      "times": [
        1.291605861,
        1.24519066,
        1.293780734,
        1.239754097,
        1.239423887,
        1.238752488,
        1.243876576,
        1.296445868,
        1.241225401
      ],
      "exit_codes": [
        0,
        0,
        0,
        0,
        0,
        0,
        0,
        0,
        0
      ]
    }
  ]
}
