{
  "results": [
    {
      "command": "change_scr1_coremark_imem_axi_1sig_to_1000ps",
      "mean": 0.08001654355555557,
      "stddev": 0.017168737661771193,
      "median": 0.09002289200000001,
      "user": 0.03607266666666666,
      "system": 0.02259377777777778,
      "min": 0.055931539,
      "max": 0.093180658,
      "times": [
        0.09141789800000001,
        0.092890871,
        0.058014064000000004,
        0.055931539,
        0.09002289200000001,
        0.093180658,
        0.05761034,
        0.08975600800000001,
        0.09132462200000001
      ],
      "exit_codes": [
        0,
        0,
        0,
        0,
        0,
        0,
        0,
        0,
        0
      ]
    }
  ]
}
