{
  "results": [
    {
      "command": "change_chipyard_clusteredrocketconfig_dhrystone_signals_100_window_8us_trigger_signal",
      "mean": 0.28954686079999997,
      "stddev": 0.0008755114110368321,
      "median": 0.289909811,
      "user": 0.19928259999999995,
      "system": 0.08014679999999999,
      "min": 0.28806639,
      "max": 0.29016227,
      "times": [
        0.29016227,
        0.28806639,
        0.289909811,
        0.290142712,
        0.28945312100000004
      ],
      "exit_codes": [
        0,
        0,
        0,
        0,
        0
      ]
    }
  ]
}
