{
  "results": [
    {
      "command": "change_picorv32_signals_1_pos_50_window_8000_trigger_any",
      "mean": 0.06169746183333335,
      "stddev": 0.0024522416969488007,
      "median": 0.061112914000000004,
      "user": 0.04101941666666666,
      "system": 0.020464999999999997,
      "min": 0.059191381,
      "max": 0.066700886,
      "times": [
        0.066700886,
        0.06466701100000001,
        0.059593875000000004,
        0.059870555000000006,
        0.059989457,
        0.059191381,
        0.059296498,
        0.061727176,
        0.064449222,
        0.06049865200000001,
        0.062004367000000005,
        0.062380462000000005
      ],
      "exit_codes": [
        0,
        0,
        0,
        0,
        0,
        0,
        0,
        0,
        0,
        0,
        0,
        0
      ]
    }
  ]
}
