{
  "results": [
    {
      "command": "change_scr1_signals_10_window_4ns_trigger_any",
      "mean": 0.05736977099999999,
      "stddev": 0.0013822992774286456,
      "median": 0.05703463,
      "user": 0.03613011111111111,
      "system": 0.015886555555555553,
      "min": 0.055142066,
      "max": 0.05929809900000001,
      "times": [
        0.05907711400000001,
        0.05871521700000001,
        0.056801494,
        0.056417174,
        0.055142066,
        0.05929809900000001,
        0.057180193000000004,
        0.05703463,
        0.056661952
      ],
      "exit_codes": [
        0,
        0,
        0,
        0,
        0,
        0,
        0,
        0,
        0
      ]
    }
  ]
}
