{
  "results": [
    {
      "command": "change_chipyard_dualrocketconfig_dhrystone_signals_100_pos_50_window_2000_trigger_posedge_clk",
      "mean": 7.632622355166667,
      "stddev": 0.06325595064183948,
      "median": 7.599384517000001,
      "user": 7.3464168333333335,
      "system": 0.28495766666666666,
      "min": 7.585007202,
      "max": 7.734758384,
      "times": [
        7.585007202,
        7.688477336,
        7.594330173,
        7.588722175,
        7.734758384,
        7.604438861
      ],
      "exit_codes": [
        0,
        0,
        0,
        0,
        0,
        0
      ]
    }
  ]
}
