{
  "results": [
    {
      "command": "change_picorv32_signals_100_window_32us_trigger_any",
      "mean": 4.2509018888,
      "stddev": 0.0016325212832258617,
      "median": 4.251800559,
      "user": 3.5537881999999996,
      "system": 0.6853185999999999,
      "min": 4.248699893,
      "max": 4.252463656,
      "times": [
        4.251800559,
        4.252463656,
        4.2496475910000004,
        4.248699893,
        4.251897745
      ],
      "exit_codes": [
        0,
        0,
        0,
        0,
        0
      ]
    }
  ]
}
