{
  "results": [
    {
      "command": "change_picorv32_signals_10_pos_50_window_8000_trigger_posedge_clk",
      "mean": 0.18948491933333333,
      "stddev": 0.0037874866402281483,
      "median": 0.19107743700000002,
      "user": 0.16409511111111114,
      "system": 0.02514533333333333,
      "min": 0.184911603,
      "max": 0.195932995,
      "times": [
        0.195932995,
        0.191255221,
        0.184911603,
        0.18546309700000002,
        0.187952626,
        0.18526946400000002,
        0.19107743700000002,
        0.191883088,
        0.191618743
      ],
      "exit_codes": [
        0,
        0,
        0,
        0,
        0,
        0,
        0,
        0,
        0
      ]
    }
  ]
}
