{
  "results": [
    {
      "command": "change_chipyard_dualrocketconfig_dhrystone_signals_100_window_2us_trigger_posedge_clk",
      "mean": 0.24017759040000003,
      "stddev": 0.0015844021755499192,
      "median": 0.23937633000000003,
      "user": 0.1530014,
      "system": 0.0647314,
      "min": 0.238904951,
      "max": 0.24263403300000003,
      "times": [
        0.23907187600000002,
        0.23937633000000003,
        0.238904951,
        0.24263403300000003,
        0.24090076200000002
      ],
      "exit_codes": [
        0,
        0,
        0,
        0,
        0
      ]
    }
  ]
}
