{
  "results": [
    {
      "command": "change_chipyard_clusteredrocketconfig_dhrystone_signals_100_window_2us_trigger_any",
      "mean": 0.2398979356,
      "stddev": 0.003307039821884115,
      "median": 0.238761469,
      "user": 0.16992879999999996,
      "system": 0.0607882,
      "min": 0.23763181100000003,
      "max": 0.24561015000000003,
      "times": [
        0.238761469,
        0.23773749000000002,
        0.24561015000000003,
        0.239748758,
        0.23763181100000003
      ],
      "exit_codes": [
        0,
        0,
        0,
        0,
        0
      ]
    }
  ]
}
