{
  "results": [
    {
      "command": "change_scr1_signals_1_window_8ns_trigger_any",
      "mean": 0.05665829283333334,
      "stddev": 0.0013891002368374246,
      "median": 0.056579615,
      "user": 0.02888433333333333,
      "system": 0.01569133333333333,
      "min": 0.054935678,
      "max": 0.059687237000000004,
      "times": [
        0.05697288700000001,
        0.055927090000000006,
        0.057713736,
        0.057442956,
        0.056637334000000004,
        0.059687237000000004,
        0.057936659,
        0.056521896,
        0.055449068000000004,
        0.055578172,
        0.055096801,
        0.054935678
      ],
      "exit_codes": [
        0,
        0,
        0,
        0,
        0,
        0,
        0,
        0,
        0,
        0,
        0,
        0
      ]
    }
  ]
}
