{
  "results": [
    {
      "command": "change_picorv32_signals_100_window_2us_trigger_signal",
      "mean": 0.4421118298000001,
      "stddev": 0.0021762497608856244,
      "median": 0.44098158600000004,
      "user": 0.35090940000000004,
      "system": 0.05137139999999999,
      "min": 0.44031858300000004,
      "max": 0.44509078100000005,
      "times": [
        0.440414462,
        0.44031858300000004,
        0.44098158600000004,
        0.44509078100000005,
        0.44375373700000004
      ],
      "exit_codes": [
        0,
        0,
        0,
        0,
        0
      ]
    }
  ]
}
