{
  "results": [
    {
      "command": "change_chipyard_clusteredrocketconfig_dhrystone_signals_10_window_8us_trigger_signal",
      "mean": 0.23923418539999997,
      "stddev": 0.0010603441476437297,
      "median": 0.23963653000000001,
      "user": 0.15119259999999998,
      "system": 0.0810758,
      "min": 0.237645985,
      "max": 0.24042106900000002,
      "times": [
        0.24042106900000002,
        0.239683318,
        0.23963653000000001,
        0.238784025,
        0.237645985
      ],
      "exit_codes": [
        0,
        0,
        0,
        0,
        0
      ]
    }
  ]
}
