{
  "results": [
    {
      "command": "change_chipyard_dualrocketconfig_dhrystone_signals_100_window_8us_trigger_posedge_clk",
      "mean": 0.1990011806,
      "stddev": 0.02333651428360849,
      "median": 0.18940594800000002,
      "user": 0.12364919999999999,
      "system": 0.0579476,
      "min": 0.187598956,
      "max": 0.24071133700000003,
      "times": [
        0.18940594800000002,
        0.18763308,
        0.187598956,
        0.18965658200000002,
        0.24071133700000003
      ],
      "exit_codes": [
        0,
        0,
        0,
        0,
        0
      ]
    }
  ]
}
