{
  "results": [
    {
      "command": "change_picorv32_signals_1_pos_50_window_2000_trigger_any",
      "mean": 0.06135531908333333,
      "stddev": 0.0012614614341486799,
      "median": 0.06127176250000001,
      "user": 0.040452749999999996,
      "system": 0.020686416666666665,
      "min": 0.059602682000000004,
      "max": 0.063364958,
      "times": [
        0.063169662,
        0.060087902000000006,
        0.059602682000000004,
        0.05973055100000001,
        0.062362939000000006,
        0.06220507300000001,
        0.061740321,
        0.063364958,
        0.061051930000000004,
        0.061491595,
        0.060537475,
        0.060918741000000005
      ],
      "exit_codes": [
        0,
        0,
        0,
        0,
        0,
        0,
        0,
        0,
        0,
        0,
        0,
        0
      ]
    }
  ]
}
