{
  "results": [
    {
      "command": "change_chipyard_clusteredrocketconfig_dhrystone_signals_100_window_2us_trigger_any",
      "mean": 2.7871692375999997,
      "stddev": 0.04335844054244307,
      "median": 2.796382006,
      "user": 2.2847098,
      "system": 0.4793353999999999,
      "min": 2.744464465,
      "max": 2.848960253,
      "times": [
        2.799408159,
        2.744464465,
        2.746631305,
        2.848960253,
        2.796382006
      ],
      "exit_codes": [
        0,
        0,
        0,
        0,
        0
      ]
    }
  ]
}
