{
  "results": [
    {
      "command": "change_picorv32_signals_100_pos_50_window_4000_trigger_signal",
      "mean": 1.318947657,
      "stddev": 0.013160170320664934,
      "median": 1.322556214,
      "user": 1.262794,
      "system": 0.05565766666666667,
      "min": 1.295953743,
      "max": 1.33156594,
      "times": [
        1.325592669,
        1.319519759,
        1.295953743,
        1.33156594,
        1.3285437,
        1.312510131
      ],
      "exit_codes": [
        0,
        0,
        0,
        0,
        0,
        0
      ]
    }
  ]
}
