{
  "results": [
    {
      "command": "change_scr1_signals_1_window_2ns_trigger_signal",
      "mean": 0.057143223416666666,
      "stddev": 0.0009440015020680892,
      "median": 0.056855024500000004,
      "user": 0.034388999999999996,
      "system": 0.02065958333333333,
      "min": 0.056109936000000006,
      "max": 0.059242017,
      "times": [
        0.056542107,
        0.058706251,
        0.056931969000000006,
        0.05771139300000001,
        0.059242017,
        0.056645071000000005,
        0.05641515800000001,
        0.056968568000000004,
        0.05677808,
        0.056945515,
        0.056109936000000006,
        0.056722616000000003
      ],
      "exit_codes": [
        0,
        0,
        0,
        0,
        0,
        0,
        0,
        0,
        0,
        0,
        0,
        0
      ]
    }
  ]
}
