{
  "results": [
    {
      "command": "change_chipyard_clusteredrocketconfig_dhrystone_signals_1_window_32us_trigger_signal",
      "mean": 0.1880919168,
      "stddev": 0.0018065765843509661,
      "median": 0.18763232200000002,
      "user": 0.1090174,
      "system": 0.0751744,
      "min": 0.186648318,
      "max": 0.191102864,
      "times": [
        0.191102864,
        0.186648318,
        0.186803088,
        0.188272992,
        0.18763232200000002
      ],
      "exit_codes": [
        0,
        0,
        0,
        0,
        0
      ]
    }
  ]
}
