{
  "results": [
    {
      "command": "change_chipyard_dualrocketconfig_dhrystone_signals_100_window_8us_trigger_signal",
      "mean": 0.24102855240000004,
      "stddev": 0.000897330751906615,
      "median": 0.24112845800000002,
      "user": 0.1485856,
      "system": 0.06934699999999999,
      "min": 0.23981005900000002,
      "max": 0.24195634500000002,
      "times": [
        0.241774758,
        0.24112845800000002,
        0.23981005900000002,
        0.24047314200000003,
        0.24195634500000002
      ],
      "exit_codes": [
        0,
        0,
        0,
        0,
        0
      ]
    }
  ]
}
