{
  "results": [
    {
      "command": "change_chipyard_clusteredrocketconfig_dhrystone_signals_1_window_32us_trigger_signal",
      "mean": 0.2084319066,
      "stddev": 0.026706504803227213,
      "median": 0.18998544,
      "user": 0.1148796,
      "system": 0.0732742,
      "min": 0.188047497,
      "max": 0.23856570200000002,
      "times": [
        0.188787864,
        0.23677303000000002,
        0.18998544,
        0.23856570200000002,
        0.188047497
      ],
      "exit_codes": [
        0,
        0,
        0,
        0,
        0
      ]
    }
  ]
}
