{
  "results": [
    {
      "command": "change_picorv32_signals_100_pos_50_window_2000_trigger_signal",
      "mean": 1.3109360063333335,
      "stddev": 0.006461743111103204,
      "median": 1.3108167035,
      "user": 1.25623,
      "system": 0.054140333333333325,
      "min": 1.301600297,
      "max": 1.320665095,
      "times": [
        1.307624696,
        1.320665095,
        1.309084217,
        1.3140925430000001,
        1.31254919,
        1.301600297
      ],
      "exit_codes": [
        0,
        0,
        0,
        0,
        0,
        0
      ]
    }
  ]
}
