{
  "results": [
    {
      "command": "change_chipyard_clusteredrocketconfig_dhrystone_signals_1_window_2us_trigger_signal",
      "mean": 0.1905018596,
      "stddev": 0.0017279183364190885,
      "median": 0.189901716,
      "user": 0.09283040000000001,
      "system": 0.0577622,
      "min": 0.18890842700000002,
      "max": 0.19341228800000002,
      "times": [
        0.189745894,
        0.189901716,
        0.190540973,
        0.18890842700000002,
        0.19341228800000002
      ],
      "exit_codes": [
        0,
        0,
        0,
        0,
        0
      ]
    }
  ]
}
