{
  "results": [
    {
      "command": "change_chipyard_dualrocketconfig_dhrystone_signals_10_window_32us_trigger_any",
      "mean": 0.1902042088,
      "stddev": 0.001359848864504331,
      "median": 0.189713228,
      "user": 0.1237106,
      "system": 0.049606199999999996,
      "min": 0.188885468,
      "max": 0.19196722300000002,
      "times": [
        0.189713228,
        0.19130164500000002,
        0.19196722300000002,
        0.18915348,
        0.188885468
      ],
      "exit_codes": [
        0,
        0,
        0,
        0,
        0
      ]
    }
  ]
}
