{
  "results": [
    {
      "command": "change_picorv32_signals_100_window_32us_trigger_posedge_clk",
      "mean": 0.3901653204,
      "stddev": 0.002172228468937673,
      "median": 0.389554618,
      "user": 0.330848,
      "system": 0.04861819999999999,
      "min": 0.388140688,
      "max": 0.392615796,
      "times": [
        0.392615796,
        0.389554618,
        0.388140688,
        0.392304735,
        0.388210765
      ],
      "exit_codes": [
        0,
        0,
        0,
        0,
        0
      ]
    }
  ]
}
