{
  "results": [
    {
      "command": "change_chipyard_clusteredrocketconfig_dhrystone_signals_10_pos_50_window_2000_trigger_any",
      "mean": 1.088238266,
      "stddev": 0.01062272040556487,
      "median": 1.087663625,
      "user": 0.9727356666666664,
      "system": 0.11509299999999999,
      "min": 1.071686223,
      "max": 1.109904944,
      "times": [
        1.096093397,
        1.090240946,
        1.109904944,
        1.085036822,
        1.087663625,
        1.080246864,
        1.089284446,
        1.071686223,
        1.083987127
      ],
      "exit_codes": [
        0,
        0,
        0,
        0,
        0,
        0,
        0,
        0,
        0
      ]
    }
  ]
}
