{
  "results": [
    {
      "command": "change_chipyard_dualrocketconfig_dhrystone_signals_100_window_2us_trigger_posedge_clk",
      "mean": 0.2396298444,
      "stddev": 0.0011177234913053355,
      "median": 0.239391865,
      "user": 0.1416426,
      "system": 0.06860419999999999,
      "min": 0.23832788100000002,
      "max": 0.241232263,
      "times": [
        0.241232263,
        0.240179891,
        0.23832788100000002,
        0.239017322,
        0.239391865
      ],
      "exit_codes": [
        0,
        0,
        0,
        0,
        0
      ]
    }
  ]
}
