{
  "results": [
    {
      "command": "change_chipyard_dualrocketconfig_dhrystone_signals_10_window_8us_trigger_signal",
      "mean": 0.2414595176,
      "stddev": 0.0009638683731310537,
      "median": 0.241607284,
      "user": 0.1453382,
      "system": 0.0725384,
      "min": 0.24017919000000001,
      "max": 0.24281074800000002,
      "times": [
        0.24102974300000002,
        0.24017919000000001,
        0.241607284,
        0.24281074800000002,
        0.24167062300000003
      ],
      "exit_codes": [
        0,
        0,
        0,
        0,
        0
      ]
    }
  ]
}
