{
  "results": [
    {
      "command": "change_scr1_signals_1_window_8ns_trigger_signal",
      "mean": 0.05718558575000001,
      "stddev": 0.0013974501149744852,
      "median": 0.0570191835,
      "user": 0.036587416666666664,
      "system": 0.016957999999999997,
      "min": 0.055544697000000004,
      "max": 0.060008603,
      "times": [
        0.056096904,
        0.057569297000000005,
        0.056233081000000004,
        0.057333539,
        0.056475352000000006,
        0.059337747,
        0.058031155,
        0.056978705000000004,
        0.055558287000000005,
        0.057059662000000004,
        0.060008603,
        0.055544697000000004
      ],
      "exit_codes": [
        0,
        0,
        0,
        0,
        0,
        0,
        0,
        0,
        0,
        0,
        0,
        0
      ]
    }
  ]
}
