{
  "results": [
    {
      "command": "change_scr1_signals_100_window_2ns_trigger_signal",
      "mean": 0.1901961045,
      "stddev": 0.0011265025045846542,
      "median": 0.190330587,
      "user": 0.142311,
      "system": 0.025832166666666666,
      "min": 0.188376813,
      "max": 0.19183116,
      "times": [
        0.188376813,
        0.19183116,
        0.190173757,
        0.189784376,
        0.190523104,
        0.19048741700000002
      ],
      "exit_codes": [
        0,
        0,
        0,
        0,
        0,
        0
      ]
    }
  ]
}
