{
  "results": [
    {
      "command": "change_chipyard_dualrocketconfig_dhrystone_signals_1_window_32us_trigger_signal",
      "mean": 0.18981997040000004,
      "stddev": 0.0015221357545280845,
      "median": 0.190390314,
      "user": 0.09253499999999999,
      "system": 0.0588026,
      "min": 0.18749853400000002,
      "max": 0.19124235,
      "times": [
        0.19124235,
        0.190390314,
        0.19084340800000002,
        0.18912524600000002,
        0.18749853400000002
      ],
      "exit_codes": [
        0,
        0,
        0,
        0,
        0
      ]
    }
  ]
}
