{
  "results": [
    {
      "command": "change_scr1_signals_1_window_2ns_trigger_any",
      "mean": 0.05685524200000001,
      "stddev": 0.0008117560582653791,
      "median": 0.05705052000000001,
      "user": 0.029084750000000003,
      "system": 0.01611441666666667,
      "min": 0.055763538,
      "max": 0.057944489,
      "times": [
        0.057473429000000006,
        0.056451488,
        0.057160237,
        0.05793405,
        0.055782013000000005,
        0.057944489,
        0.055763538,
        0.057173863000000005,
        0.056940803000000005,
        0.055948769,
        0.057547099000000004,
        0.056143126
      ],
      "exit_codes": [
        0,
        0,
        0,
        0,
        0,
        0,
        0,
        0,
        0,
        0,
        0,
        0
      ]
    }
  ]
}
