{
  "results": [
    {
      "command": "change_chipyard_dualrocketconfig_dhrystone_signals_1_window_2000000_trigger_posedge_clk",
      "mean": 124.347674113,
      "stddev": null,
      "median": 124.347674113,
      "user": 120.54640599999999,
      "system": 3.919181,
      "min": 124.347674113,
      "max": 124.347674113,
      "times": [
        124.347674113
      ],
      "exit_codes": [
        0
      ]
    }
  ]
}
