{
  "results": [
    {
      "command": "change_chipyard_clusteredrocketconfig_dhrystone_signals_10_window_32us_trigger_signal",
      "mean": 0.290743847,
      "stddev": 0.001341105133906936,
      "median": 0.29076169700000004,
      "user": 0.18504139999999997,
      "system": 0.0822874,
      "min": 0.289199117,
      "max": 0.29213932800000003,
      "times": [
        0.29076169700000004,
        0.289199117,
        0.29213932800000003,
        0.29200364500000003,
        0.289615448
      ],
      "exit_codes": [
        0,
        0,
        0,
        0,
        0
      ]
    }
  ]
}
