{
  "results": [
    {
      "command": "change_scr1_signals_10_pos_50_window_4000_trigger_any",
      "mean": 0.6143372813333333,
      "stddev": 0.011422283284743266,
      "median": 0.609775886,
      "user": 0.5916436666666667,
      "system": 0.022442444444444445,
      "min": 0.601861006,
      "max": 0.6368610840000001,
      "times": [
        0.6368610840000001,
        0.6246966770000001,
        0.6072645090000001,
        0.609775886,
        0.6158512730000001,
        0.621370328,
        0.601861006,
        0.606340051,
        0.6050147180000001
      ],
      "exit_codes": [
        0,
        0,
        0,
        0,
        0,
        0,
        0,
        0,
        0
      ]
    }
  ]
}
