{
  "results": [
    {
      "command": "change_chipyard_dualrocketconfig_dhrystone_signals_1_pos_50_window_2000_trigger_any",
      "mean": 0.243222489,
      "stddev": 0.003953008691958889,
      "median": 0.24275871850000003,
      "user": 0.17722683333333333,
      "system": 0.06574191666666666,
      "min": 0.238271435,
      "max": 0.250938781,
      "times": [
        0.239147247,
        0.238271435,
        0.244452371,
        0.24120217700000002,
        0.24089839500000002,
        0.24038878200000002,
        0.250938781,
        0.239444231,
        0.24431526,
        0.24495962100000002,
        0.24718311,
        0.247468458
      ],
      "exit_codes": [
        0,
        0,
        0,
        0,
        0,
        0,
        0,
        0,
        0,
        0,
        0,
        0
      ]
    }
  ]
}
