{
  "results": [
    {
      "command": "change_scr1_signals_10_pos_50_window_8000_trigger_signal",
      "mean": 4.737597317777778,
      "stddev": 0.01540970027560219,
      "median": 4.7385428990000005,
      "user": 4.615266444444443,
      "system": 0.12131677777777777,
      "min": 4.715697811,
      "max": 4.757907389,
      "times": [
        4.715697811,
        4.743457581,
        4.7385428990000005,
        4.748414361,
        4.723475367,
        4.757802746,
        4.727777838,
        4.757907389,
        4.7252998680000005
      ],
      "exit_codes": [
        0,
        0,
        0,
        0,
        0,
        0,
        0,
        0,
        0
      ]
    }
  ]
}
