{
  "results": [
    {
      "command": "change_chipyard_dualrocketconfig_dhrystone_signals_1_window_8000000_trigger_posedge_clk",
      "mean": 300.0383842,
      "stddev": null,
      "median": 300.0383842,
      "user": 290.918292,
      "system": 9.410328999999999,
      "min": 300.0383842,
      "max": 300.0383842,
      "times": [
        300.0383842
      ],
      "exit_codes": [
        0
      ]
    }
  ]
}
