{
  "results": [
    {
      "command": "change_picorv32_signals_10_window_8us_trigger_posedge_clk",
      "mean": 0.1408177116,
      "stddev": 0.0012412398471247602,
      "median": 0.14083868600000002,
      "user": 0.08950319999999999,
      "system": 0.028143799999999997,
      "min": 0.13937295800000002,
      "max": 0.142101564,
      "times": [
        0.14083868600000002,
        0.13937295800000002,
        0.13978838300000002,
        0.14198696700000002,
        0.142101564
      ],
      "exit_codes": [
        0,
        0,
        0,
        0,
        0
      ]
    }
  ]
}
