{
  "results": [
    {
      "command": "change_picorv32_signals_1_window_2us_trigger_any",
      "mean": 0.09048932140000002,
      "stddev": 0.0008630454805934631,
      "median": 0.09065456100000001,
      "user": 0.039544,
      "system": 0.022643999999999997,
      "min": 0.089246842,
      "max": 0.091403486,
      "times": [
        0.09109969600000001,
        0.09065456100000001,
        0.089246842,
        0.091403486,
        0.090042022
      ],
      "exit_codes": [
        0,
        0,
        0,
        0,
        0
      ]
    }
  ]
}
