{
  "results": [
    {
      "command": "change_picorv32_signals_1_window_8us_trigger_posedge_clk",
      "mean": 0.14026702920000003,
      "stddev": 0.0012087783999518754,
      "median": 0.140181667,
      "user": 0.067096,
      "system": 0.0249996,
      "min": 0.139027134,
      "max": 0.14222130900000002,
      "times": [
        0.140181667,
        0.139576413,
        0.140328623,
        0.14222130900000002,
        0.139027134
      ],
      "exit_codes": [
        0,
        0,
        0,
        0,
        0
      ]
    }
  ]
}
