{
  "results": [
    {
      "command": "change_chipyard_dualrocketconfig_dhrystone_signals_10_pos_50_window_8000_trigger_signal",
      "mean": 3.1333703187777773,
      "stddev": 0.026634723157169332,
      "median": 3.131389783,
      "user": 2.9907454444444443,
      "system": 0.14185544444444442,
      "min": 3.094154516,
      "max": 3.17385159,
      "times": [
        3.108676425,
        3.109211024,
        3.17385159,
        3.155892561,
        3.149895218,
        3.123373054,
        3.094154516,
        3.153888698,
        3.131389783
      ],
      "exit_codes": [
        0,
        0,
        0,
        0,
        0,
        0,
        0,
        0,
        0
      ]
    }
  ]
}
