{
  "results": [
    {
      "command": "change_picorv32_signals_1_pos_50_window_4000_trigger_any",
      "mean": 0.06139479900000001,
      "stddev": 0.0017556313074324837,
      "median": 0.061081801000000005,
      "user": 0.040388749999999994,
      "system": 0.02077025,
      "min": 0.05950197300000001,
      "max": 0.06502640500000001,
      "times": [
        0.06502640500000001,
        0.061649981000000006,
        0.05950197300000001,
        0.064105067,
        0.060433520000000004,
        0.061643259000000006,
        0.060942825000000006,
        0.062562824,
        0.06032129000000001,
        0.059662364,
        0.061220777000000004,
        0.059667303000000005
      ],
      "exit_codes": [
        0,
        0,
        0,
        0,
        0,
        0,
        0,
        0,
        0,
        0,
        0,
        0
      ]
    }
  ]
}
