{
  "results": [
    {
      "command": "change_picorv32_signals_100_window_8us_trigger_any",
      "mean": 0.44091518720000006,
      "stddev": 0.0013110157511592657,
      "median": 0.44065703900000003,
      "user": 0.34667039999999993,
      "system": 0.0544378,
      "min": 0.439302254,
      "max": 0.442841221,
      "times": [
        0.441385576,
        0.44065703900000003,
        0.44038984600000003,
        0.442841221,
        0.439302254
      ],
      "exit_codes": [
        0,
        0,
        0,
        0,
        0
      ]
    }
  ]
}
