{
  "results": [
    {
      "command": "change_chipyard_clusteredrocketconfig_dhrystone_signals_1_window_8us_trigger_any",
      "mean": 0.14019850579999998,
      "stddev": 0.0011943927192193547,
      "median": 0.140490042,
      "user": 0.066438,
      "system": 0.05079739999999999,
      "min": 0.138829072,
      "max": 0.141720061,
      "times": [
        0.139160464,
        0.138829072,
        0.14079289,
        0.141720061,
        0.140490042
      ],
      "exit_codes": [
        0,
        0,
        0,
        0,
        0
      ]
    }
  ]
}
