{
  "results": [
    {
      "command": "change_scr1_signals_1_window_4ns_trigger_signal",
      "mean": 0.05627985008333333,
      "stddev": 0.0007853060701474589,
      "median": 0.05635844550000001,
      "user": 0.036831749999999996,
      "system": 0.01555475,
      "min": 0.055003555,
      "max": 0.058195928,
      "times": [
        0.055003555,
        0.056456019,
        0.056416585000000005,
        0.056302831000000005,
        0.05641406,
        0.056626081,
        0.056123491000000005,
        0.056069219000000003,
        0.055515482000000005,
        0.056660396,
        0.058195928,
        0.055574554000000005
      ],
      "exit_codes": [
        0,
        0,
        0,
        0,
        0,
        0,
        0,
        0,
        0,
        0,
        0,
        0
      ]
    }
  ]
}
