{
  "results": [
    {
      "command": "change_picorv32_signals_10_pos_50_window_8000_trigger_any",
      "mean": 0.19078753633333337,
      "stddev": 0.005042298403664742,
      "median": 0.1900341,
      "user": 0.16432655555555556,
      "system": 0.026200555555555553,
      "min": 0.18642386800000002,
      "max": 0.20253146900000002,
      "times": [
        0.20253146900000002,
        0.18706650400000002,
        0.18642386800000002,
        0.18726219100000002,
        0.188782953,
        0.19463464900000002,
        0.190056983,
        0.19029511000000002,
        0.1900341
      ],
      "exit_codes": [
        0,
        0,
        0,
        0,
        0,
        0,
        0,
        0,
        0
      ]
    }
  ]
}
