{
  "results": [
    {
      "command": "change_scr1_signals_1_window_8000_trigger_posedge_clk",
      "mean": 0.19044245525,
      "stddev": 0.0014410605033417165,
      "median": 0.1902741805,
      "user": 0.14422616666666666,
      "system": 0.021818833333333332,
      "min": 0.18821785100000002,
      "max": 0.192720673,
      "times": [
        0.190273709,
        0.189425497,
        0.19151172300000002,
        0.189811161,
        0.192218089,
        0.18834549,
        0.192720673,
        0.190504893,
        0.18821785100000002,
        0.19197477200000002,
        0.19027465200000002,
        0.190030953
      ],
      "exit_codes": [
        0,
        0,
        0,
        0,
        0,
        0,
        0,
        0,
        0,
        0,
        0,
        0
      ]
    }
  ]
}
