{
  "results": [
    {
      "command": "change_picorv32_signals_100_window_8us_trigger_posedge_clk",
      "mean": 0.4101781956,
      "stddev": 0.02694165057328673,
      "median": 0.391090873,
      "user": 0.33939759999999997,
      "system": 0.0495524,
      "min": 0.38939965800000004,
      "max": 0.440771095,
      "times": [
        0.391090873,
        0.440771095,
        0.38939965800000004,
        0.3910616,
        0.43856775200000003
      ],
      "exit_codes": [
        0,
        0,
        0,
        0,
        0
      ]
    }
  ]
}
