{
  "results": [
    {
      "command": "change_scr1_signals_1_window_2ns_trigger_posedge_clk",
      "mean": 0.05763948641666667,
      "stddev": 0.001312477183898964,
      "median": 0.0577700805,
      "user": 0.031119333333333332,
      "system": 0.014711416666666666,
      "min": 0.055039871000000004,
      "max": 0.060216614,
      "times": [
        0.058387257000000005,
        0.05749910900000001,
        0.057410992,
        0.058041052,
        0.055039871000000004,
        0.055968967,
        0.058325681000000004,
        0.057373151000000004,
        0.056865912000000005,
        0.060216614,
        0.058382358,
        0.058162873000000004
      ],
      "exit_codes": [
        0,
        0,
        0,
        0,
        0,
        0,
        0,
        0,
        0,
        0,
        0,
        0
      ]
    }
  ]
}
