{
  "results": [
    {
      "command": "change_chipyard_clusteredrocketconfig_dhrystone_signals_1_window_32us_trigger_any",
      "mean": 0.19115850620000002,
      "stddev": 0.001405879465125189,
      "median": 0.19138115700000002,
      "user": 0.0861688,
      "system": 0.07191739999999999,
      "min": 0.18880417000000002,
      "max": 0.192498519,
      "times": [
        0.19123457000000002,
        0.18880417000000002,
        0.192498519,
        0.19138115700000002,
        0.191874115
      ],
      "exit_codes": [
        0,
        0,
        0,
        0,
        0
      ]
    }
  ]
}
