{
  "results": [
    {
      "command": "change_picorv32_signals_10_window_32us_trigger_any",
      "mean": 0.1414549938,
      "stddev": 0.0013110675680512046,
      "median": 0.14063867500000002,
      "user": 0.0873992,
      "system": 0.022060599999999996,
      "min": 0.140449439,
      "max": 0.143411841,
      "times": [
        0.140562972,
        0.14063867500000002,
        0.140449439,
        0.143411841,
        0.142212042
      ],
      "exit_codes": [
        0,
        0,
        0,
        0,
        0
      ]
    }
  ]
}
