{
  "results": [
    {
      "command": "change_chipyard_clusteredrocketconfig_dhrystone_signals_1_window_32us_trigger_posedge_clk",
      "mean": 0.5409994068,
      "stddev": 0.0019011977417147234,
      "median": 0.5407777730000001,
      "user": 0.38790139999999995,
      "system": 0.10818799999999999,
      "min": 0.538897772,
      "max": 0.544102125,
      "times": [
        0.544102125,
        0.540785167,
        0.538897772,
        0.5407777730000001,
        0.5404341970000001
      ],
      "exit_codes": [
        0,
        0,
        0,
        0,
        0
      ]
    }
  ]
}
