{
  "results": [
    {
      "command": "change_chipyard_dualrocketconfig_dhrystone_signals_10_window_8us_trigger_signal",
      "mean": 0.23984102000000002,
      "stddev": 0.0006861531468163655,
      "median": 0.23972152700000002,
      "user": 0.1514316,
      "system": 0.06789019999999998,
      "min": 0.238979242,
      "max": 0.240876153,
      "times": [
        0.23972152700000002,
        0.239650789,
        0.239977389,
        0.238979242,
        0.240876153
      ],
      "exit_codes": [
        0,
        0,
        0,
        0,
        0
      ]
    }
  ]
}
