{
  "results": [
    {
      "command": "change_chipyard_dualrocketconfig_dhrystone_signals_1_window_2us_trigger_posedge_clk",
      "mean": 0.24063675960000003,
      "stddev": 0.0007170214143150176,
      "median": 0.240629374,
      "user": 0.14543399999999998,
      "system": 0.06995799999999999,
      "min": 0.239870418,
      "max": 0.24162269900000002,
      "times": [
        0.24004354400000003,
        0.239870418,
        0.24162269900000002,
        0.240629374,
        0.24101776300000002
      ],
      "exit_codes": [
        0,
        0,
        0,
        0,
        0
      ]
    }
  ]
}
