{
  "results": [
    {
      "command": "change_chipyard_clusteredrocketconfig_dhrystone_signals_1_window_32us_trigger_posedge_clk",
      "mean": 0.3905135026,
      "stddev": 0.0010052178762282313,
      "median": 0.390565557,
      "user": 0.2700432,
      "system": 0.09297259999999999,
      "min": 0.38892647900000005,
      "max": 0.39152867500000005,
      "times": [
        0.391194607,
        0.390352195,
        0.390565557,
        0.38892647900000005,
        0.39152867500000005
      ],
      "exit_codes": [
        0,
        0,
        0,
        0,
        0
      ]
    }
  ]
}
