{
  "results": [
    {
      "command": "change_chipyard_clusteredrocketconfig_dhrystone_signals_100_window_32us_trigger_posedge_clk",
      "mean": 2.7967473892,
      "stddev": 0.001848587475437177,
      "median": 2.795990015,
      "user": 2.2813158000000002,
      "system": 0.4857615999999999,
      "min": 2.794735053,
      "max": 2.799541124,
      "times": [
        2.795990015,
        2.795947739,
        2.799541124,
        2.797523015,
        2.794735053
      ],
      "exit_codes": [
        0,
        0,
        0,
        0,
        0
      ]
    }
  ]
}
