{
  "results": [
    {
      "command": "change_scr1_signals_100_window_2ns_trigger_posedge_clk",
      "mean": 0.192008854,
      "stddev": 0.0008500467421924583,
      "median": 0.191805143,
      "user": 0.13636316666666667,
      "system": 0.026537999999999996,
      "min": 0.190772098,
      "max": 0.19323373000000002,
      "times": [
        0.190772098,
        0.19178161200000002,
        0.19267182600000002,
        0.191765184,
        0.19323373000000002,
        0.191828674
      ],
      "exit_codes": [
        0,
        0,
        0,
        0,
        0,
        0
      ]
    }
  ]
}
