{
  "results": [
    {
      "command": "change_chipyard_clusteredrocketconfig_dhrystone_signals_100_pos_50_window_4000_trigger_signal",
      "mean": 16.231053421166667,
      "stddev": 0.10460726600118307,
      "median": 16.2196344395,
      "user": 15.410522833333333,
      "system": 0.8180616666666666,
      "min": 16.074379662,
      "max": 16.393247109,
      "times": [
        16.220782501,
        16.218486378,
        16.281224857,
        16.074379662,
        16.19820002,
        16.393247109
      ],
      "exit_codes": [
        0,
        0,
        0,
        0,
        0,
        0
      ]
    }
  ]
}
