{
  "results": [
    {
      "command": "change_picorv32_signals_100_window_32us_trigger_signal",
      "mean": 0.43084655400000005,
      "stddev": 0.022653300726888582,
      "median": 0.441090676,
      "user": 0.34093719999999994,
      "system": 0.0509076,
      "min": 0.390368851,
      "max": 0.44232895200000005,
      "times": [
        0.43931309,
        0.44113120100000003,
        0.44232895200000005,
        0.441090676,
        0.390368851
      ],
      "exit_codes": [
        0,
        0,
        0,
        0,
        0
      ]
    }
  ]
}
