{
  "results": [
    {
      "command": "change_picorv32_signals_1_window_2us_trigger_posedge_clk",
      "mean": 0.13054369400000002,
      "stddev": 0.023109635885269018,
      "median": 0.140139922,
      "user": 0.06434419999999999,
      "system": 0.027362199999999996,
      "min": 0.08933017600000001,
      "max": 0.143274435,
      "times": [
        0.143274435,
        0.141592707,
        0.08933017600000001,
        0.140139922,
        0.13838123000000002
      ],
      "exit_codes": [
        0,
        0,
        0,
        0,
        0
      ]
    }
  ]
}
