{
  "results": [
    {
      "command": "change_picorv32_signals_100_window_2us_trigger_any",
      "mean": 0.44153162859999995,
      "stddev": 0.0006774045305582303,
      "median": 0.44172827400000003,
      "user": 0.3546778,
      "system": 0.04941059999999999,
      "min": 0.440336049,
      "max": 0.44197315400000003,
      "times": [
        0.441717784,
        0.44190288200000005,
        0.440336049,
        0.44172827400000003,
        0.44197315400000003
      ],
      "exit_codes": [
        0,
        0,
        0,
        0,
        0
      ]
    }
  ]
}
