{
  "results": [
    {
      "command": "change_scr1_signals_100_window_8ns_trigger_posedge_clk",
      "mean": 0.190085684,
      "stddev": 0.001953897278467833,
      "median": 0.1895965555,
      "user": 0.13980116666666667,
      "system": 0.02422516666666667,
      "min": 0.18780212100000002,
      "max": 0.19298989700000002,
      "times": [
        0.19298989700000002,
        0.191767865,
        0.18876111,
        0.18780212100000002,
        0.18916254100000002,
        0.19003057
      ],
      "exit_codes": [
        0,
        0,
        0,
        0,
        0,
        0
      ]
    }
  ]
}
