{
  "results": [
    {
      "command": "change_chipyard_clusteredrocketconfig_dhrystone_signals_100_window_32us_trigger_signal",
      "mean": 0.289656784,
      "stddev": 0.001675876664795466,
      "median": 0.289777187,
      "user": 0.1934712,
      "system": 0.07080159999999999,
      "min": 0.287483089,
      "max": 0.292119397,
      "times": [
        0.289035849,
        0.287483089,
        0.289777187,
        0.292119397,
        0.289868398
      ],
      "exit_codes": [
        0,
        0,
        0,
        0,
        0
      ]
    }
  ]
}
