{
  "results": [
    {
      "command": "change_picorv32_signals_1_window_8us_trigger_signal",
      "mean": 0.08898753160000002,
      "stddev": 0.0009051388844237132,
      "median": 0.088520335,
      "user": 0.050278,
      "system": 0.024532599999999998,
      "min": 0.088089177,
      "max": 0.090238462,
      "times": [
        0.088520335,
        0.088461577,
        0.090238462,
        0.08962810700000001,
        0.088089177
      ],
      "exit_codes": [
        0,
        0,
        0,
        0,
        0
      ]
    }
  ]
}
