{
  "results": [
    {
      "command": "change_chipyard_clusteredrocketconfig_dhrystone_signals_10_pos_50_window_8000_trigger_posedge_clk",
      "mean": 3.4020025544444445,
      "stddev": 0.022772952457773967,
      "median": 3.405498668,
      "user": 3.183542888888889,
      "system": 0.2177545555555555,
      "min": 3.351454074,
      "max": 3.429263319,
      "times": [
        3.41070401,
        3.418694799,
        3.397059984,
        3.416646847,
        3.405498668,
        3.351454074,
        3.402350764,
        3.386350525,
        3.429263319
      ],
      "exit_codes": [
        0,
        0,
        0,
        0,
        0,
        0,
        0,
        0,
        0
      ]
    }
  ]
}
