{
  "results": [
    {
      "command": "change_picorv32_signals_1_window_32us_trigger_any",
      "mean": 0.09095160040000001,
      "stddev": 0.0010576097767736887,
      "median": 0.090668435,
      "user": 0.042845,
      "system": 0.0192752,
      "min": 0.08960148000000001,
      "max": 0.0920893,
      "times": [
        0.091958993,
        0.090668435,
        0.0920893,
        0.08960148000000001,
        0.090439794
      ],
      "exit_codes": [
        0,
        0,
        0,
        0,
        0
      ]
    }
  ]
}
