{
  "results": [
    {
      "command": "change_picorv32_signals_100_window_2us_trigger_any",
      "mean": 0.39057542,
      "stddev": 0.0011561152343838813,
      "median": 0.391125478,
      "user": 0.3372324,
      "system": 0.0454172,
      "min": 0.38896138500000005,
      "max": 0.391699842,
      "times": [
        0.39131089500000005,
        0.391125478,
        0.391699842,
        0.3897795,
        0.38896138500000005
      ],
      "exit_codes": [
        0,
        0,
        0,
        0,
        0
      ]
    }
  ]
}
