{
  "results": [
    {
      "command": "change_chipyard_dualrocketconfig_dhrystone_signals_1_pos_50_window_4000_trigger_posedge_clk",
      "mean": 0.298456135,
      "stddev": 0.0025666714556907113,
      "median": 0.298241794,
      "user": 0.23268975000000003,
      "system": 0.06545866666666667,
      "min": 0.29446429500000004,
      "max": 0.30297527900000004,
      "times": [
        0.298231195,
        0.294466381,
        0.29895787300000004,
        0.30297527900000004,
        0.29782725000000004,
        0.29805086000000003,
        0.300728963,
        0.29828938600000005,
        0.297226594,
        0.302003151,
        0.29446429500000004,
        0.298252393
      ],
      "exit_codes": [
        0,
        0,
        0,
        0,
        0,
        0,
        0,
        0,
        0,
        0,
        0,
        0
      ]
    }
  ]
}
