{
  "results": [
    {
      "command": "change_picorv32_signals_1_window_32us_trigger_any",
      "mean": 0.089656347,
      "stddev": 0.001110109199259468,
      "median": 0.089417546,
      "user": 0.0438482,
      "system": 0.0192718,
      "min": 0.088346225,
      "max": 0.091056895,
      "times": [
        0.090499749,
        0.089417546,
        0.088346225,
        0.091056895,
        0.08896132000000001
      ],
      "exit_codes": [
        0,
        0,
        0,
        0,
        0
      ]
    }
  ]
}
