{
  "results": [
    {
      "command": "change_chipyard_dualrocketconfig_dhrystone_signals_1_pos_50_window_8000_trigger_posedge_clk",
      "mean": 0.4364382280833334,
      "stddev": 0.007113565388931437,
      "median": 0.434908136,
      "user": 0.3630391666666666,
      "system": 0.073095,
      "min": 0.427390537,
      "max": 0.45234514000000003,
      "times": [
        0.438463922,
        0.45234514000000003,
        0.43067424200000004,
        0.43672831300000003,
        0.43900128400000005,
        0.427390537,
        0.433087959,
        0.43224772300000003,
        0.43228626200000003,
        0.439868837,
        0.44524221500000005,
        0.429922303
      ],
      "exit_codes": [
        0,
        0,
        0,
        0,
        0,
        0,
        0,
        0,
        0,
        0,
        0,
        0
      ]
    }
  ]
}
