{
  "results": [
    {
      "command": "change_chipyard_dualrocketconfig_dhrystone_signals_10_window_8000000_trigger_any",
      "mean": 8.46550939,
      "stddev": null,
      "median": 8.46550939,
      "user": 8.076675999999999,
      "system": 0.348414,
      "min": 8.46550939,
      "max": 8.46550939,
      "times": [
        8.46550939
      ],
      "exit_codes": [
        0
      ]
    }
  ]
}
