{
  "results": [
    {
      "command": "change_chipyard_clusteredrocketconfig_dhrystone_signals_10_pos_50_window_8000_trigger_any",
      "mean": 3.413160757,
      "stddev": 0.04784322819270503,
      "median": 3.415430383,
      "user": 3.197012222222222,
      "system": 0.21539999999999995,
      "min": 3.335560708,
      "max": 3.486577815,
      "times": [
        3.371543363,
        3.41686658,
        3.421962095,
        3.335560708,
        3.486577815,
        3.386660846,
        3.415430383,
        3.478766006,
        3.4050790170000003
      ],
      "exit_codes": [
        0,
        0,
        0,
        0,
        0,
        0,
        0,
        0,
        0
      ]
    }
  ]
}
