{
  "results": [
    {
      "command": "change_picorv32_signals_10_window_8us_trigger_signal",
      "mean": 0.14045530300000003,
      "stddev": 0.0012837322663968938,
      "median": 0.139991308,
      "user": 0.090589,
      "system": 0.0315412,
      "min": 0.139566342,
      "max": 0.142727541,
      "times": [
        0.139566342,
        0.142727541,
        0.139991308,
        0.139976611,
        0.140014713
      ],
      "exit_codes": [
        0,
        0,
        0,
        0,
        0
      ]
    }
  ]
}
