{
  "results": [
    {
      "command": "change_picorv32_signals_1_window_32us_trigger_posedge_clk",
      "mean": 0.14162883340000001,
      "stddev": 0.00183030376316509,
      "median": 0.14106505900000002,
      "user": 0.0658146,
      "system": 0.028637399999999997,
      "min": 0.139488532,
      "max": 0.143684119,
      "times": [
        0.143379176,
        0.140527281,
        0.14106505900000002,
        0.143684119,
        0.139488532
      ],
      "exit_codes": [
        0,
        0,
        0,
        0,
        0
      ]
    }
  ]
}
