{
  "results": [
    {
      "command": "change_chipyard_clusteredrocketconfig_dhrystone_signals_10_window_32000000_trigger_signal",
      "mean": 300.038274061,
      "stddev": null,
      "median": 300.038274061,
      "user": 286.053517,
      "system": 14.261135,
      "min": 300.038274061,
      "max": 300.038274061,
      "times": [
        300.038274061
      ],
      "exit_codes": [
        0
      ]
    }
  ]
}
