{
  "results": [
    {
      "command": "change_picorv32_signals_100_window_2us_trigger_any",
      "mean": 0.3900348872,
      "stddev": 0.0010017512149035326,
      "median": 0.38997946800000005,
      "user": 0.32693039999999995,
      "system": 0.0515532,
      "min": 0.388786542,
      "max": 0.391265307,
      "times": [
        0.391265307,
        0.389387468,
        0.39075565100000004,
        0.38997946800000005,
        0.388786542
      ],
      "exit_codes": [
        0,
        0,
        0,
        0,
        0
      ]
    }
  ]
}
