{
  "results": [
    {
      "command": "change_picorv32_signals_10_window_32000000_trigger_posedge_clk",
      "mean": 5.105291199,
      "stddev": null,
      "median": 5.105291199,
      "user": 4.997539,
      "system": 0.082199,
      "min": 5.105291199,
      "max": 5.105291199,
      "times": [
        5.105291199
      ],
      "exit_codes": [
        0
      ]
    }
  ]
}
