{
  "results": [
    {
      "command": "change_scr1_signals_10_window_8ns_trigger_signal",
      "mean": 0.05698313877777778,
      "stddev": 0.001791692506166429,
      "median": 0.056756905,
      "user": 0.037841555555555545,
      "system": 0.015662777777777775,
      "min": 0.055140810000000005,
      "max": 0.061463138,
      "times": [
        0.056324487000000006,
        0.05650436700000001,
        0.055140810000000005,
        0.056756905,
        0.056803292000000005,
        0.055773396,
        0.057041263,
        0.061463138,
        0.057040591
      ],
      "exit_codes": [
        0,
        0,
        0,
        0,
        0,
        0,
        0,
        0,
        0
      ]
    }
  ]
}
