{
  "results": [
    {
      "command": "change_scr1_signals_1_window_8000_trigger_any",
      "mean": 0.14132586033333336,
      "stddev": 0.0019359256838500846,
      "median": 0.140798593,
      "user": 0.09092341666666666,
      "system": 0.01905933333333333,
      "min": 0.13949324300000002,
      "max": 0.146304328,
      "times": [
        0.143508891,
        0.13971919700000002,
        0.139937206,
        0.141182273,
        0.140400657,
        0.141306085,
        0.140170554,
        0.146304328,
        0.142199152,
        0.140414913,
        0.14127382500000002,
        0.13949324300000002
      ],
      "exit_codes": [
        0,
        0,
        0,
        0,
        0,
        0,
        0,
        0,
        0,
        0,
        0,
        0
      ]
    }
  ]
}
