{
  "results": [
    {
      "command": "change_scr1_signals_10_window_8ns_trigger_any",
      "mean": 0.05553505388888889,
      "stddev": 0.0008316151579942856,
      "median": 0.055477266000000004,
      "user": 0.034250333333333334,
      "system": 0.015163777777777776,
      "min": 0.054063885000000006,
      "max": 0.057015352000000005,
      "times": [
        0.055171238000000004,
        0.05554782900000001,
        0.057015352000000005,
        0.054971570000000004,
        0.056091777,
        0.055477266000000004,
        0.054063885000000006,
        0.05533139,
        0.056145178000000004
      ],
      "exit_codes": [
        0,
        0,
        0,
        0,
        0,
        0,
        0,
        0,
        0
      ]
    }
  ]
}
