{
  "results": [
    {
      "command": "change_picorv32_signals_100_window_8us_trigger_posedge_clk",
      "mean": 0.4423510488,
      "stddev": 0.002023773892866412,
      "median": 0.44137271400000005,
      "user": 0.359381,
      "system": 0.050308599999999995,
      "min": 0.440551311,
      "max": 0.445372926,
      "times": [
        0.440551311,
        0.44345898100000003,
        0.44137271400000005,
        0.44099931200000003,
        0.445372926
      ],
      "exit_codes": [
        0,
        0,
        0,
        0,
        0
      ]
    }
  ]
}
