{
  "results": [
    {
      "command": "change_picorv32_signals_100_pos_50_window_8000_trigger_signal",
      "mean": 1.3201957603333332,
      "stddev": 0.020608616660703044,
      "median": 1.312980441,
      "user": 1.2621938333333331,
      "system": 0.057478166666666664,
      "min": 1.303142506,
      "max": 1.360589949,
      "times": [
        1.360589949,
        1.3104171770000002,
        1.321064048,
        1.303142506,
        1.3135167060000001,
        1.312444176
      ],
      "exit_codes": [
        0,
        0,
        0,
        0,
        0,
        0
      ]
    }
  ]
}
