{
  "results": [
    {
      "command": "change_chipyard_dualrocketconfig_dhrystone_signals_1_window_32us_trigger_signal",
      "mean": 0.19100769720000002,
      "stddev": 0.0008733539300654124,
      "median": 0.190417665,
      "user": 0.0979998,
      "system": 0.058059799999999995,
      "min": 0.19035327600000002,
      "max": 0.19212721600000002,
      "times": [
        0.190417665,
        0.191782013,
        0.19035327600000002,
        0.190358316,
        0.19212721600000002
      ],
      "exit_codes": [
        0,
        0,
        0,
        0,
        0
      ]
    }
  ]
}
