{
  "results": [
    {
      "command": "change_chipyard_dualrocketconfig_dhrystone_signals_10_pos_50_window_2000_trigger_posedge_clk",
      "mean": 0.9225990432222222,
      "stddev": 0.007470681670407076,
      "median": 0.91920555,
      "user": 0.8351325555555555,
      "system": 0.0871148888888889,
      "min": 0.9154351940000001,
      "max": 0.937426505,
      "times": [
        0.92632636,
        0.9154351940000001,
        0.930848098,
        0.937426505,
        0.91920555,
        0.9184189,
        0.915653928,
        0.9212707000000001,
        0.9188061540000001
      ],
      "exit_codes": [
        0,
        0,
        0,
        0,
        0,
        0,
        0,
        0,
        0
      ]
    }
  ]
}
