{
  "results": [
    {
      "command": "change_chipyard_clusteredrocketconfig_dhrystone_signals_1_window_32us_trigger_signal",
      "mean": 0.199988819,
      "stddev": 0.02341011385506923,
      "median": 0.18964218500000002,
      "user": 0.11424319999999999,
      "system": 0.07501119999999999,
      "min": 0.187285526,
      "max": 0.24168667000000002,
      "times": [
        0.18964218500000002,
        0.24168667000000002,
        0.193023238,
        0.187285526,
        0.188306476
      ],
      "exit_codes": [
        0,
        0,
        0,
        0,
        0
      ]
    }
  ]
}
