{
  "results": [
    {
      "command": "change_chipyard_dualrocketconfig_dhrystone_signals_10_window_32us_trigger_any",
      "mean": 0.189728554,
      "stddev": 0.0013652917661765528,
      "median": 0.189950679,
      "user": 0.1248086,
      "system": 0.051153199999999996,
      "min": 0.18759320200000001,
      "max": 0.191361519,
      "times": [
        0.189950679,
        0.191361519,
        0.190134364,
        0.18960300600000002,
        0.18759320200000001
      ],
      "exit_codes": [
        0,
        0,
        0,
        0,
        0
      ]
    }
  ]
}
