{
  "results": [
    {
      "command": "change_picorv32_signals_10_window_8us_trigger_signal",
      "mean": 0.14075326900000001,
      "stddev": 0.001636068253329457,
      "median": 0.140991005,
      "user": 0.0902766,
      "system": 0.0284744,
      "min": 0.138111329,
      "max": 0.142508618,
      "times": [
        0.141512872,
        0.142508618,
        0.14064252100000002,
        0.140991005,
        0.138111329
      ],
      "exit_codes": [
        0,
        0,
        0,
        0,
        0
      ]
    }
  ]
}
