{
  "results": [
    {
      "command": "change_picorv32_signals_10_window_2us_trigger_signal",
      "mean": 0.1405439098,
      "stddev": 0.0010213253325095353,
      "median": 0.140901714,
      "user": 0.0889432,
      "system": 0.030448399999999997,
      "min": 0.138997851,
      "max": 0.14144141600000001,
      "times": [
        0.14132423100000002,
        0.138997851,
        0.140054337,
        0.14144141600000001,
        0.140901714
      ],
      "exit_codes": [
        0,
        0,
        0,
        0,
        0
      ]
    }
  ]
}
