{
  "results": [
    {
      "command": "change_picorv32_signals_10_window_2us_trigger_any",
      "mean": 0.1404427406,
      "stddev": 0.0008606476847170373,
      "median": 0.140506921,
      "user": 0.0878254,
      "system": 0.026194999999999996,
      "min": 0.139322406,
      "max": 0.141476562,
      "times": [
        0.139890634,
        0.139322406,
        0.141476562,
        0.140506921,
        0.14101718000000002
      ],
      "exit_codes": [
        0,
        0,
        0,
        0,
        0
      ]
    }
  ]
}
