{
  "results": [
    {
      "command": "change_chipyard_dualrocketconfig_dhrystone_signals_10_window_2us_trigger_signal",
      "mean": 0.24164047179999998,
      "stddev": 0.00048507045297224634,
      "median": 0.24154059900000002,
      "user": 0.13990199999999997,
      "system": 0.0676066,
      "min": 0.24122327400000002,
      "max": 0.24246741500000002,
      "times": [
        0.24137306500000003,
        0.24122327400000002,
        0.24246741500000002,
        0.241598006,
        0.24154059900000002
      ],
      "exit_codes": [
        0,
        0,
        0,
        0,
        0
      ]
    }
  ]
}
