{
  "results": [
    {
      "command": "change_scr1_signals_100_window_8000_trigger_signal",
      "mean": 48.26097559183333,
      "stddev": 0.1591388169505067,
      "median": 48.2268998525,
      "user": 47.06752516666666,
      "system": 1.1931121666666666,
      "min": 48.104989262,
      "max": 48.552071133,
      "times": [
        48.104989262,
        48.552071133,
        48.150484042,
        48.304509409,
        48.250686175,
        48.20311353
      ],
      "exit_codes": [
        0,
        0,
        0,
        0,
        0,
        0
      ]
    }
  ]
}
