{
  "results": [
    {
      "command": "change_picorv32_signals_1_pos_50_window_4000_trigger_signal",
      "mean": 0.08338677441666668,
      "stddev": 0.003232490055611856,
      "median": 0.0817361955,
      "user": 0.06211358333333333,
      "system": 0.021096,
      "min": 0.080489297,
      "max": 0.091159,
      "times": [
        0.083613457,
        0.091159,
        0.08391931100000001,
        0.08148535500000001,
        0.081278457,
        0.08146832400000001,
        0.08131139000000001,
        0.080489297,
        0.081843597,
        0.08419702200000001,
        0.088247289,
        0.081628794
      ],
      "exit_codes": [
        0,
        0,
        0,
        0,
        0,
        0,
        0,
        0,
        0,
        0,
        0,
        0
      ]
    }
  ]
}
