{
  "results": [
    {
      "command": "change_scr1_signals_100_window_4ns_trigger_signal",
      "mean": 0.19029025666666669,
      "stddev": 0.0010741669743442506,
      "median": 0.1902489555,
      "user": 0.148525,
      "system": 0.027199833333333336,
      "min": 0.18909072200000002,
      "max": 0.19177417200000002,
      "times": [
        0.18909072200000002,
        0.189176393,
        0.19120234200000003,
        0.190087274,
        0.19177417200000002,
        0.19041063700000002
      ],
      "exit_codes": [
        0,
        0,
        0,
        0,
        0,
        0
      ]
    }
  ]
}
