{
  "results": [
    {
      "command": "change_chipyard_clusteredrocketconfig_dhrystone_signals_1_window_32us_trigger_any",
      "mean": 0.1926532986,
      "stddev": 0.0010641216598734392,
      "median": 0.19216344200000002,
      "user": 0.094418,
      "system": 0.06319319999999999,
      "min": 0.191667884,
      "max": 0.19425789300000001,
      "times": [
        0.19216344200000002,
        0.191982282,
        0.193194992,
        0.19425789300000001,
        0.191667884
      ],
      "exit_codes": [
        0,
        0,
        0,
        0,
        0
      ]
    }
  ]
}
