{
  "results": [
    {
      "command": "change_picorv32_signals_10_window_32us_trigger_posedge_clk",
      "mean": 0.1412829354,
      "stddev": 0.0017894061462868929,
      "median": 0.141265198,
      "user": 0.08800079999999999,
      "system": 0.0301338,
      "min": 0.139162599,
      "max": 0.14375163700000002,
      "times": [
        0.14215748,
        0.14007776300000002,
        0.139162599,
        0.14375163700000002,
        0.141265198
      ],
      "exit_codes": [
        0,
        0,
        0,
        0,
        0
      ]
    }
  ]
}
