{
  "results": [
    {
      "command": "change_picorv32_signals_100_window_2us_trigger_signal",
      "mean": 0.41136461020000004,
      "stddev": 0.0275119516990503,
      "median": 0.392005182,
      "user": 0.3392516,
      "system": 0.0504556,
      "min": 0.390050861,
      "max": 0.44225362300000004,
      "times": [
        0.392005182,
        0.39179682200000004,
        0.440716563,
        0.390050861,
        0.44225362300000004
      ],
      "exit_codes": [
        0,
        0,
        0,
        0,
        0
      ]
    }
  ]
}
