{
  "results": [
    {
      "command": "change_scr1_signals_100_pos_50_window_8000_trigger_any",
      "mean": 6.008900014833333,
      "stddev": 0.019754690576741635,
      "median": 6.0105448594999995,
      "user": 5.852549,
      "system": 0.15498366666666666,
      "min": 5.974960077,
      "max": 6.029658686,
      "times": [
        6.012706958,
        6.026189125,
        6.029658686,
        6.001502482,
        6.008382761,
        5.974960077
      ],
      "exit_codes": [
        0,
        0,
        0,
        0,
        0,
        0
      ]
    }
  ]
}
