{
  "results": [
    {
      "command": "change_picorv32_signals_1_window_32us_trigger_signal",
      "mean": 0.08961615600000002,
      "stddev": 0.001981741408285906,
      "median": 0.089864449,
      "user": 0.0490622,
      "system": 0.027141199999999997,
      "min": 0.087577427,
      "max": 0.092195965,
      "times": [
        0.087577427,
        0.090725491,
        0.092195965,
        0.089864449,
        0.087717448
      ],
      "exit_codes": [
        0,
        0,
        0,
        0,
        0
      ]
    }
  ]
}
