{
  "results": [
    {
      "command": "change_chipyard_dualrocketconfig_dhrystone_signals_100_window_2us_trigger_signal",
      "mean": 0.24116539879999999,
      "stddev": 0.0017474977384134708,
      "median": 0.24086473700000002,
      "user": 0.14509660000000002,
      "system": 0.06213819999999999,
      "min": 0.23937461100000001,
      "max": 0.243978825,
      "times": [
        0.23937461100000001,
        0.24086473700000002,
        0.240195443,
        0.243978825,
        0.241413378
      ],
      "exit_codes": [
        0,
        0,
        0,
        0,
        0
      ]
    }
  ]
}
