{
  "results": [
    {
      "command": "change_chipyard_clusteredrocketconfig_dhrystone_signals_100_window_2us_trigger_signal",
      "mean": 0.2916032446,
      "stddev": 0.0019363971444213968,
      "median": 0.291911317,
      "user": 0.201537,
      "system": 0.0722742,
      "min": 0.289343475,
      "max": 0.29352332000000003,
      "times": [
        0.289343475,
        0.291911317,
        0.29352332000000003,
        0.29336689400000004,
        0.289871217
      ],
      "exit_codes": [
        0,
        0,
        0,
        0,
        0
      ]
    }
  ]
}
