{
  "results": [
    {
      "command": "change_chipyard_dualrocketconfig_dhrystone_signals_1_window_8us_trigger_posedge_clk",
      "mean": 0.2592742878,
      "stddev": 0.027148654095909584,
      "median": 0.240590518,
      "user": 0.17294579999999998,
      "system": 0.0649986,
      "min": 0.23882612600000003,
      "max": 0.289169971,
      "times": [
        0.23894666,
        0.288838164,
        0.240590518,
        0.289169971,
        0.23882612600000003
      ],
      "exit_codes": [
        0,
        0,
        0,
        0,
        0
      ]
    }
  ]
}
