{
  "results": [
    {
      "command": "change_chipyard_clusteredrocketconfig_dhrystone_signals_10_window_8us_trigger_posedge_clk",
      "mean": 0.2393709522,
      "stddev": 0.0012080349004309373,
      "median": 0.239537196,
      "user": 0.156483,
      "system": 0.06929900000000001,
      "min": 0.23769398200000003,
      "max": 0.24070929800000002,
      "times": [
        0.23769398200000003,
        0.23868529400000002,
        0.240228991,
        0.24070929800000002,
        0.239537196
      ],
      "exit_codes": [
        0,
        0,
        0,
        0,
        0
      ]
    }
  ]
}
