{
  "results": [
    {
      "command": "change_chipyard_dualrocketconfig_dhrystone_signals_10_pos_50_window_4000_trigger_any",
      "mean": 1.5116029815555554,
      "stddev": 0.018615822766920594,
      "median": 1.506273798,
      "user": 1.4090693333333335,
      "system": 0.102099,
      "min": 1.488281398,
      "max": 1.549059984,
      "times": [
        1.5244839,
        1.50447716,
        1.5214520089999999,
        1.505009113,
        1.490837758,
        1.514551714,
        1.549059984,
        1.506273798,
        1.488281398
      ],
      "exit_codes": [
        0,
        0,
        0,
        0,
        0,
        0,
        0,
        0,
        0
      ]
    }
  ]
}
