{
  "results": [
    {
      "command": "change_chipyard_clusteredrocketconfig_dhrystone_signals_10_window_2000000_trigger_posedge_clk",
      "mean": 19.790339432,
      "stddev": null,
      "median": 19.790339432,
      "user": 18.766448999999998,
      "system": 1.010588,
      "min": 19.790339432,
      "max": 19.790339432,
      "times": [
        19.790339432
      ],
      "exit_codes": [
        0
      ]
    }
  ]
}
