{
  "results": [
    {
      "command": "change_picorv32_signals_10_window_8us_trigger_any",
      "mean": 0.1407384092,
      "stddev": 0.0006553064720802101,
      "median": 0.14065029,
      "user": 0.0826322,
      "system": 0.028206,
      "min": 0.139891925,
      "max": 0.14155061100000002,
      "times": [
        0.139891925,
        0.141203493,
        0.140395727,
        0.14155061100000002,
        0.14065029
      ],
      "exit_codes": [
        0,
        0,
        0,
        0,
        0
      ]
    }
  ]
}
