{
  "results": [
    {
      "command": "change_chipyard_dualrocketconfig_dhrystone_signals_100_window_8000000_trigger_signal",
      "mean": 300.040109409,
      "stddev": null,
      "median": 300.040109409,
      "user": 291.475626,
      "system": 8.855094,
      "min": 300.040109409,
      "max": 300.040109409,
      "times": [
        300.040109409
      ],
      "exit_codes": [
        0
      ]
    }
  ]
}
