{
  "results": [
    {
      "command": "change_chipyard_clusteredrocketconfig_dhrystone_signals_1_window_8us_trigger_posedge_clk",
      "mean": 0.2909266208,
      "stddev": 0.00047549796278237294,
      "median": 0.290908373,
      "user": 0.18058780000000002,
      "system": 0.06638,
      "min": 0.290258084,
      "max": 0.291532923,
      "times": [
        0.291174561,
        0.291532923,
        0.290908373,
        0.29075916300000004,
        0.290258084
      ],
      "exit_codes": [
        0,
        0,
        0,
        0,
        0
      ]
    }
  ]
}
