{
  "results": [
    {
      "command": "change_scr1_signals_1_pos_50_window_4000_trigger_signal",
      "mean": 0.6764118824166667,
      "stddev": 0.0136874039458031,
      "median": 0.6717782285,
      "user": 0.6508813333333333,
      "system": 0.02515408333333333,
      "min": 0.6629136090000001,
      "max": 0.711869956,
      "times": [
        0.6717861,
        0.6629136090000001,
        0.67447963,
        0.6810647940000001,
        0.711869956,
        0.667327977,
        0.689710362,
        0.6717703570000001,
        0.667226901,
        0.670789991,
        0.6648900520000001,
        0.68311286
      ],
      "exit_codes": [
        0,
        0,
        0,
        0,
        0,
        0,
        0,
        0,
        0,
        0,
        0,
        0
      ]
    }
  ]
}
