{
  "results": [
    {
      "command": "change_picorv32_signals_100_window_32us_trigger_any",
      "mean": 0.399455225,
      "stddev": 0.023585830977878544,
      "median": 0.389341902,
      "user": 0.3350758,
      "system": 0.0458762,
      "min": 0.387426192,
      "max": 0.44161027700000005,
      "times": [
        0.389341902,
        0.390114589,
        0.387426192,
        0.38878316500000004,
        0.44161027700000005
      ],
      "exit_codes": [
        0,
        0,
        0,
        0,
        0
      ]
    }
  ]
}
