{
  "results": [
    {
      "command": "change_chipyard_clusteredrocketconfig_dhrystone_signals_10_window_32us_trigger_posedge_clk",
      "mean": 0.209142714,
      "stddev": 0.02749403800409864,
      "median": 0.19035215000000003,
      "user": 0.13103779999999998,
      "system": 0.0571572,
      "min": 0.188139894,
      "max": 0.23950045,
      "times": [
        0.23950045,
        0.19035215000000003,
        0.238993951,
        0.18872712500000002,
        0.188139894
      ],
      "exit_codes": [
        0,
        0,
        0,
        0,
        0
      ]
    }
  ]
}
