{
  "results": [
    {
      "command": "change_picorv32_signals_10_window_2us_trigger_posedge_clk",
      "mean": 0.14090532980000003,
      "stddev": 0.0010842580422084508,
      "median": 0.14073257,
      "user": 0.08775519999999999,
      "system": 0.029440999999999995,
      "min": 0.13966562100000002,
      "max": 0.142105993,
      "times": [
        0.142105993,
        0.14192548500000002,
        0.14009698,
        0.13966562100000002,
        0.14073257
      ],
      "exit_codes": [
        0,
        0,
        0,
        0,
        0
      ]
    }
  ]
}
