{
  "results": [
    {
      "command": "change_scr1_signals_10_window_2ns_trigger_any",
      "mean": 0.05787899366666668,
      "stddev": 0.001323266069244297,
      "median": 0.057471156,
      "user": 0.03855544444444445,
      "system": 0.014506222222222219,
      "min": 0.056396071000000006,
      "max": 0.061056250000000006,
      "times": [
        0.05719545,
        0.061056250000000006,
        0.058596863000000006,
        0.057471156,
        0.056396071000000006,
        0.057815396000000005,
        0.057363693,
        0.057406684000000006,
        0.05760938
      ],
      "exit_codes": [
        0,
        0,
        0,
        0,
        0,
        0,
        0,
        0,
        0
      ]
    }
  ]
}
