{
  "results": [
    {
      "command": "change_scr1_signals_1_window_2ns_trigger_any",
      "mean": 0.057981208916666666,
      "stddev": 0.0013984806232773715,
      "median": 0.05787062700000001,
      "user": 0.031140833333333336,
      "system": 0.016326083333333335,
      "min": 0.055936360000000004,
      "max": 0.060179839000000006,
      "times": [
        0.058561068,
        0.057557685000000004,
        0.057450893,
        0.058633385,
        0.056391184000000004,
        0.060179839000000006,
        0.055936360000000004,
        0.058899785,
        0.057697257,
        0.05804399700000001,
        0.056247724000000006,
        0.060175330000000006
      ],
      "exit_codes": [
        0,
        0,
        0,
        0,
        0,
        0,
        0,
        0,
        0,
        0,
        0,
        0
      ]
    }
  ]
}
