{
  "results": [
    {
      "command": "change_scr1_signals_10_window_2000_trigger_posedge_clk",
      "mean": 1.2573511847777779,
      "stddev": 0.025729159631290584,
      "median": 1.240924957,
      "user": 1.1926305555555554,
      "system": 0.04503811111111111,
      "min": 1.238948467,
      "max": 1.292322878,
      "times": [
        1.241626023,
        1.240924957,
        1.290442819,
        1.292322878,
        1.292133182,
        1.238948467,
        1.239848206,
        1.2406003380000001,
        1.239313793
      ],
      "exit_codes": [
        0,
        0,
        0,
        0,
        0,
        0,
        0,
        0,
        0
      ]
    }
  ]
}
