{
  "results": [
    {
      "command": "change_chipyard_clusteredrocketconfig_dhrystone_signals_100_pos_50_window_4000_trigger_any",
      "mean": 16.4360998895,
      "stddev": 0.10540605329021245,
      "median": 16.486654190000003,
      "user": 15.588948666666665,
      "system": 0.8438996666666666,
      "min": 16.284422122,
      "max": 16.5237591,
      "times": [
        16.514983531,
        16.284422122,
        16.5237591,
        16.320126204,
        16.492895135,
        16.480413245
      ],
      "exit_codes": [
        0,
        0,
        0,
        0,
        0,
        0
      ]
    }
  ]
}
