{
  "results": [
    {
      "command": "change_chipyard_clusteredrocketconfig_dhrystone_signals_1_window_2us_trigger_posedge_clk",
      "mean": 0.2496637752,
      "stddev": 0.023085733790068494,
      "median": 0.23935699400000002,
      "user": 0.15714,
      "system": 0.0749776,
      "min": 0.23850209000000003,
      "max": 0.290923131,
      "times": [
        0.23858145000000003,
        0.240955211,
        0.23935699400000002,
        0.23850209000000003,
        0.290923131
      ],
      "exit_codes": [
        0,
        0,
        0,
        0,
        0
      ]
    }
  ]
}
