{
  "results": [
    {
      "command": "change_scr1_signals_10_window_2ns_trigger_signal",
      "mean": 0.06150140722222222,
      "stddev": 0.011039082473862502,
      "median": 0.057825577,
      "user": 0.04052211111111111,
      "system": 0.016410555555555553,
      "min": 0.056599725000000004,
      "max": 0.09085852400000001,
      "times": [
        0.058499293,
        0.056806604000000004,
        0.057710992,
        0.057825577,
        0.058202816000000004,
        0.056599725000000004,
        0.057714538,
        0.09085852400000001,
        0.059294596000000005
      ],
      "exit_codes": [
        0,
        0,
        0,
        0,
        0,
        0,
        0,
        0,
        0
      ]
    }
  ]
}
