{
  "results": [
    {
      "command": "change_scr1_signals_1_window_8ns_trigger_posedge_clk",
      "mean": 0.05638270166666668,
      "stddev": 0.000820323213992713,
      "median": 0.056260424,
      "user": 0.029788416666666664,
      "system": 0.01466858333333333,
      "min": 0.05537189,
      "max": 0.057980116000000005,
      "times": [
        0.056154916000000006,
        0.057980116000000005,
        0.057465693000000005,
        0.056853365,
        0.056365932,
        0.055478269000000004,
        0.057078497000000006,
        0.055935025000000006,
        0.055853822000000004,
        0.05537189,
        0.055610597000000005,
        0.056444298000000004
      ],
      "exit_codes": [
        0,
        0,
        0,
        0,
        0,
        0,
        0,
        0,
        0,
        0,
        0,
        0
      ]
    }
  ]
}
