{
  "results": [
    {
      "command": "change_scr1_signals_100_window_4000_trigger_any",
      "mean": 6.178329624499999,
      "stddev": 0.027744344275334655,
      "median": 6.1785102819999995,
      "user": 5.976619333333333,
      "system": 0.1765568333333333,
      "min": 6.152297125,
      "max": 6.204774855,
      "times": [
        6.154174043,
        6.152297125,
        6.204774855,
        6.202846521,
        6.152576955,
        6.203308248
      ],
      "exit_codes": [
        0,
        0,
        0,
        0,
        0,
        0
      ]
    }
  ]
}
