{
  "results": [
    {
      "command": "change_picorv32_signals_100_window_8us_trigger_any",
      "mean": 0.3898814312000001,
      "stddev": 0.000834376846812467,
      "median": 0.38987497400000004,
      "user": 0.334687,
      "system": 0.05047820000000001,
      "min": 0.388945492,
      "max": 0.39093442700000003,
      "times": [
        0.388945492,
        0.39093442700000003,
        0.38919613200000003,
        0.39045613100000004,
        0.38987497400000004
      ],
      "exit_codes": [
        0,
        0,
        0,
        0,
        0
      ]
    }
  ]
}
