{
  "results": [
    {
      "command": "change_scr1_signals_10_window_8000_trigger_signal",
      "mean": 4.887934623888889,
      "stddev": 0.033595702609284545,
      "median": 4.896736216,
      "user": 4.718446666666666,
      "system": 0.1431541111111111,
      "min": 4.846264988,
      "max": 4.948398934,
      "times": [
        4.903483991,
        4.948398934,
        4.849772736,
        4.846264988,
        4.895879983,
        4.899943485,
        4.849550342,
        4.896736216,
        4.90138094
      ],
      "exit_codes": [
        0,
        0,
        0,
        0,
        0,
        0,
        0,
        0,
        0
      ]
    }
  ]
}
