{
  "results": [
    {
      "command": "change_picorv32_signals_1_pos_50_window_2000_trigger_posedge_clk",
      "mean": 0.061343451083333334,
      "stddev": 0.0022569315293213084,
      "median": 0.0602929815,
      "user": 0.04124149999999999,
      "system": 0.019870833333333334,
      "min": 0.059364074,
      "max": 0.065675182,
      "times": [
        0.063408409,
        0.059745330000000006,
        0.060292746,
        0.060293217,
        0.060448749,
        0.06024674000000001,
        0.059749367000000005,
        0.059364074,
        0.061087918000000005,
        0.065628694,
        0.060180987000000005,
        0.065675182
      ],
      "exit_codes": [
        0,
        0,
        0,
        0,
        0,
        0,
        0,
        0,
        0,
        0,
        0,
        0
      ]
    }
  ]
}
