{
  "results": [
    {
      "command": "change_chipyard_clusteredrocketconfig_dhrystone_signals_10_window_8us_trigger_any",
      "mean": 0.24178192140000002,
      "stddev": 0.0010960240253670575,
      "median": 0.241735836,
      "user": 0.13541759999999997,
      "system": 0.0606868,
      "min": 0.240111328,
      "max": 0.24308785000000002,
      "times": [
        0.24232065900000002,
        0.240111328,
        0.241735836,
        0.24308785000000002,
        0.24165393400000001
      ],
      "exit_codes": [
        0,
        0,
        0,
        0,
        0
      ]
    }
  ]
}
