{
  "results": [
    {
      "command": "change_chipyard_clusteredrocketconfig_dhrystone_signals_10_window_32us_trigger_any",
      "mean": 0.5920690752000001,
      "stddev": 0.0013442474737773457,
      "median": 0.5922820750000001,
      "user": 0.44599279999999997,
      "system": 0.12171219999999998,
      "min": 0.590204022,
      "max": 0.5939249320000001,
      "times": [
        0.5922820750000001,
        0.592313035,
        0.591621312,
        0.5939249320000001,
        0.590204022
      ],
      "exit_codes": [
        0,
        0,
        0,
        0,
        0
      ]
    }
  ]
}
