{
  "results": [
    {
      "command": "change_picorv32_signals_10_pos_50_window_4000_trigger_any",
      "mean": 0.1922979526666667,
      "stddev": 0.005327356875434826,
      "median": 0.19162313900000003,
      "user": 0.16550588888888887,
      "system": 0.026529777777777777,
      "min": 0.185630009,
      "max": 0.200354796,
      "times": [
        0.19162313900000003,
        0.200354796,
        0.198383218,
        0.190795648,
        0.196621123,
        0.18797101900000002,
        0.185630009,
        0.186010753,
        0.193291869
      ],
      "exit_codes": [
        0,
        0,
        0,
        0,
        0,
        0,
        0,
        0,
        0
      ]
    }
  ]
}
