{
  "results": [
    {
      "command": "change_chipyard_clusteredrocketconfig_dhrystone_signals_10_window_8us_trigger_posedge_clk",
      "mean": 0.23937793340000005,
      "stddev": 0.001274056080120218,
      "median": 0.23901822700000003,
      "user": 0.1603056,
      "system": 0.0689008,
      "min": 0.238101319,
      "max": 0.241505188,
      "times": [
        0.238101319,
        0.239342255,
        0.23901822700000003,
        0.241505188,
        0.23892267800000003
      ],
      "exit_codes": [
        0,
        0,
        0,
        0,
        0
      ]
    }
  ]
}
