{
  "results": [
    {
      "command": "change_scr1_signals_10_window_8ns_trigger_any",
      "mean": 0.056479018111111126,
      "stddev": 0.0012566510215294908,
      "median": 0.056595929,
      "user": 0.03611455555555556,
      "system": 0.014979555555555555,
      "min": 0.054855527,
      "max": 0.058960779000000005,
      "times": [
        0.057356612,
        0.056725984,
        0.056813723000000003,
        0.058960779000000005,
        0.055535124000000005,
        0.054855527,
        0.055070475,
        0.056397010000000004,
        0.056595929
      ],
      "exit_codes": [
        0,
        0,
        0,
        0,
        0,
        0,
        0,
        0,
        0
      ]
    }
  ]
}
