{
  "results": [
    {
      "command": "change_picorv32_signals_10_pos_50_window_4000_trigger_signal",
      "mean": 0.19285301033333335,
      "stddev": 0.006539484355126266,
      "median": 0.19182912700000002,
      "user": 0.16552966666666669,
      "system": 0.027089888888888893,
      "min": 0.18519464300000002,
      "max": 0.203156112,
      "times": [
        0.19182912700000002,
        0.18561780600000002,
        0.18519464300000002,
        0.189642775,
        0.195245845,
        0.196284003,
        0.187585357,
        0.20112142500000002,
        0.203156112
      ],
      "exit_codes": [
        0,
        0,
        0,
        0,
        0,
        0,
        0,
        0,
        0
      ]
    }
  ]
}
