{
  "results": [
    {
      "command": "change_scr1_coremark_imem_axi_1sig_to_1000ps",
      "mean": 0.07451456944444444,
      "stddev": 0.017327837609084944,
      "median": 0.08725189300000001,
      "user": 0.034192,
      "system": 0.022711444444444444,
      "min": 0.055034588,
      "max": 0.09036118900000001,
      "times": [
        0.05556415000000001,
        0.08725189300000001,
        0.089306733,
        0.09036118900000001,
        0.057746128,
        0.08919922200000001,
        0.055034588,
        0.089368048,
        0.056799174
      ],
      "exit_codes": [
        0,
        0,
        0,
        0,
        0,
        0,
        0,
        0,
        0
      ]
    }
  ]
}
