{
  "results": [
    {
      "command": "change_chipyard_dualrocketconfig_dhrystone_signals_100_window_8us_trigger_signal",
      "mean": 0.2409230382,
      "stddev": 0.0018679101636309195,
      "median": 0.241744021,
      "user": 0.1433436,
      "system": 0.06474579999999999,
      "min": 0.23853690100000002,
      "max": 0.24310120300000002,
      "times": [
        0.241744021,
        0.24310120300000002,
        0.241769008,
        0.23853690100000002,
        0.239464058
      ],
      "exit_codes": [
        0,
        0,
        0,
        0,
        0
      ]
    }
  ]
}
