{
  "results": [
    {
      "command": "change_picorv32_signals_100_window_8us_trigger_posedge_clk",
      "mean": 0.400357674,
      "stddev": 0.022502323270851225,
      "median": 0.3898856,
      "user": 0.3401346,
      "system": 0.04771979999999999,
      "min": 0.38925298700000005,
      "max": 0.44055183800000003,
      "times": [
        0.44055183800000003,
        0.38971384400000003,
        0.3898856,
        0.39238410100000004,
        0.38925298700000005
      ],
      "exit_codes": [
        0,
        0,
        0,
        0,
        0
      ]
    }
  ]
}
