{
  "results": [
    {
      "command": "change_chipyard_clusteredrocketconfig_dhrystone_signals_1_window_2us_trigger_any",
      "mean": 0.1406450994,
      "stddev": 0.0009469258671336379,
      "median": 0.140073568,
      "user": 0.0703932,
      "system": 0.04612619999999999,
      "min": 0.139800996,
      "max": 0.141745975,
      "times": [
        0.140073568,
        0.14000059,
        0.141604368,
        0.141745975,
        0.139800996
      ],
      "exit_codes": [
        0,
        0,
        0,
        0,
        0
      ]
    }
  ]
}
