{
  "results": [
    {
      "command": "change_chipyard_dualrocketconfig_dhrystone_signals_100_window_2us_trigger_posedge_clk",
      "mean": 0.24071952680000003,
      "stddev": 0.0024102881720855884,
      "median": 0.24026930400000002,
      "user": 0.1517792,
      "system": 0.06628120000000001,
      "min": 0.23844188300000002,
      "max": 0.244300862,
      "times": [
        0.23876678,
        0.24181880500000003,
        0.244300862,
        0.24026930400000002,
        0.23844188300000002
      ],
      "exit_codes": [
        0,
        0,
        0,
        0,
        0
      ]
    }
  ]
}
