{
  "results": [
    {
      "command": "change_scr1_signals_10_window_4ns_trigger_signal",
      "mean": 0.06140195066666668,
      "stddev": 0.011836306107411819,
      "median": 0.057713196,
      "user": 0.03875655555555555,
      "system": 0.017838777777777776,
      "min": 0.05594741,
      "max": 0.09285515300000001,
      "times": [
        0.058178751,
        0.058802542000000006,
        0.05845517,
        0.057713196,
        0.09285515300000001,
        0.056885232,
        0.05765738200000001,
        0.05612272,
        0.05594741
      ],
      "exit_codes": [
        0,
        0,
        0,
        0,
        0,
        0,
        0,
        0,
        0
      ]
    }
  ]
}
