{
  "results": [
    {
      "command": "change_chipyard_clusteredrocketconfig_dhrystone_signals_1_window_2000000_trigger_any",
      "mean": 75.729878332,
      "stddev": null,
      "median": 75.729878332,
      "user": 72.230178,
      "system": 3.5611629999999996,
      "min": 75.729878332,
      "max": 75.729878332,
      "times": [
        75.729878332
      ],
      "exit_codes": [
        0
      ]
    }
  ]
}
