{
  "results": [
    {
      "command": "change_picorv32_signals_1_window_2us_trigger_any",
      "mean": 0.0902503176,
      "stddev": 0.0017486821109893849,
      "median": 0.09001333800000001,
      "user": 0.0391296,
      "system": 0.021769,
      "min": 0.08785050500000001,
      "max": 0.092531105,
      "times": [
        0.092531105,
        0.091186916,
        0.089669724,
        0.08785050500000001,
        0.09001333800000001
      ],
      "exit_codes": [
        0,
        0,
        0,
        0,
        0
      ]
    }
  ]
}
