{
  "results": [
    {
      "command": "change_scr1_signals_10_window_2ns_trigger_posedge_clk",
      "mean": 0.05698449444444445,
      "stddev": 0.0013628662287004832,
      "median": 0.056943719000000004,
      "user": 0.038184777777777776,
      "system": 0.015687999999999997,
      "min": 0.05484009,
      "max": 0.059031469,
      "times": [
        0.056943719000000004,
        0.056932318,
        0.05484009,
        0.056380715000000005,
        0.055249397000000006,
        0.058432256,
        0.059031469,
        0.057453374,
        0.057597112000000006
      ],
      "exit_codes": [
        0,
        0,
        0,
        0,
        0,
        0,
        0,
        0,
        0
      ]
    }
  ]
}
