{
  "results": [
    {
      "command": "change_picorv32_signals_10_pos_50_window_4000_trigger_posedge_clk",
      "mean": 0.18941112944444446,
      "stddev": 0.002472784233918121,
      "median": 0.189731581,
      "user": 0.1632712222222222,
      "system": 0.025895666666666664,
      "min": 0.186006905,
      "max": 0.193241606,
      "times": [
        0.19171758600000002,
        0.186006905,
        0.191636214,
        0.18719933200000002,
        0.193241606,
        0.188169462,
        0.18705238700000001,
        0.189945092,
        0.189731581
      ],
      "exit_codes": [
        0,
        0,
        0,
        0,
        0,
        0,
        0,
        0,
        0
      ]
    }
  ]
}
