{
  "results": [
    {
      "command": "change_chipyard_dualrocketconfig_dhrystone_signals_10_window_8us_trigger_posedge_clk",
      "mean": 0.241663366,
      "stddev": 0.0009189242198644555,
      "median": 0.241496546,
      "user": 0.1466834,
      "system": 0.0634396,
      "min": 0.240498014,
      "max": 0.24277199500000002,
      "times": [
        0.240498014,
        0.24116777900000003,
        0.24277199500000002,
        0.241496546,
        0.242382496
      ],
      "exit_codes": [
        0,
        0,
        0,
        0,
        0
      ]
    }
  ]
}
