{
  "results": [
    {
      "command": "change_chipyard_clusteredrocketconfig_dhrystone_signals_100_pos_50_window_2000_trigger_any",
      "mean": 9.4057274135,
      "stddev": 0.09574684172290508,
      "median": 9.4051410375,
      "user": 8.917106666666667,
      "system": 0.4864241666666666,
      "min": 9.256164686,
      "max": 9.522787596,
      "times": [
        9.358532447,
        9.256164686,
        9.486597677,
        9.522787596,
        9.382812349,
        9.427469726
      ],
      "exit_codes": [
        0,
        0,
        0,
        0,
        0,
        0
      ]
    }
  ]
}
