{
  "results": [
    {
      "command": "change_chipyard_dualrocketconfig_dhrystone_signals_10_window_2us_trigger_posedge_clk",
      "mean": 0.24205816000000002,
      "stddev": 0.001019814730069144,
      "median": 0.24198735500000002,
      "user": 0.14819279999999999,
      "system": 0.0674688,
      "min": 0.24069274200000002,
      "max": 0.24334714100000002,
      "times": [
        0.24198735500000002,
        0.24334714100000002,
        0.24069274200000002,
        0.24268783700000002,
        0.24157572500000002
      ],
      "exit_codes": [
        0,
        0,
        0,
        0,
        0
      ]
    }
  ]
}
