{
  "results": [
    {
      "command": "change_picorv32_signals_10_window_2us_trigger_any",
      "mean": 0.14144904660000002,
      "stddev": 0.0004225444640363849,
      "median": 0.141602124,
      "user": 0.0830264,
      "system": 0.027983599999999997,
      "min": 0.141003092,
      "max": 0.141958537,
      "times": [
        0.141958537,
        0.14101761000000002,
        0.14166387,
        0.141602124,
        0.141003092
      ],
      "exit_codes": [
        0,
        0,
        0,
        0,
        0
      ]
    }
  ]
}
