{
  "results": [
    {
      "command": "change_scr1_signals_10_window_2000_trigger_any",
      "mean": 0.6912341506666667,
      "stddev": 0.001531084318720387,
      "median": 0.690871557,
      "user": 0.6208412222222222,
      "system": 0.03245733333333333,
      "min": 0.689700799,
      "max": 0.69429856,
      "times": [
        0.691532978,
        0.689828388,
        0.69429856,
        0.690612801,
        0.690871557,
        0.689700799,
        0.692550318,
        0.691953848,
        0.6897581070000001
      ],
      "exit_codes": [
        0,
        0,
        0,
        0,
        0,
        0,
        0,
        0,
        0
      ]
    }
  ]
}
