{
  "results": [
    {
      "command": "change_chipyard_clusteredrocketconfig_dhrystone_signals_100_window_2us_trigger_any",
      "mean": 0.260486677,
      "stddev": 0.04613944144008824,
      "median": 0.24066521000000002,
      "user": 0.17802559999999998,
      "system": 0.06834499999999999,
      "min": 0.237655106,
      "max": 0.342974543,
      "times": [
        0.237655106,
        0.239233928,
        0.342974543,
        0.24190459800000003,
        0.24066521000000002
      ],
      "exit_codes": [
        0,
        0,
        0,
        0,
        0
      ]
    }
  ]
}
