{
  "results": [
    {
      "command": "change_scr1_signals_1_window_4000_trigger_signal",
      "mean": 0.7462005556666668,
      "stddev": 0.015002408897561487,
      "median": 0.7420104485000001,
      "user": 0.6839321666666666,
      "system": 0.03178108333333333,
      "min": 0.739756364,
      "max": 0.793708372,
      "times": [
        0.793708372,
        0.7422521670000001,
        0.742243901,
        0.7416658570000001,
        0.740927721,
        0.7417142280000001,
        0.7440104780000001,
        0.739756364,
        0.741776996,
        0.7428174500000001,
        0.742863436,
        0.740669698
      ],
      "exit_codes": [
        0,
        0,
        0,
        0,
        0,
        0,
        0,
        0,
        0,
        0,
        0,
        0
      ]
    }
  ]
}
