{
  "results": [
    {
      "command": "change_picorv32_signals_1_pos_50_window_2000_trigger_signal",
      "mean": 0.08282239225,
      "stddev": 0.0027034298153319706,
      "median": 0.08224629250000001,
      "user": 0.061586166666666664,
      "system": 0.021005333333333334,
      "min": 0.080221716,
      "max": 0.08918361400000001,
      "times": [
        0.08059716,
        0.083974303,
        0.080377668,
        0.080221716,
        0.081221941,
        0.080712395,
        0.08253384200000001,
        0.08918361400000001,
        0.083044409,
        0.086314944,
        0.08372797200000001,
        0.081958743
      ],
      "exit_codes": [
        0,
        0,
        0,
        0,
        0,
        0,
        0,
        0,
        0,
        0,
        0,
        0
      ]
    }
  ]
}
