{
  "results": [
    {
      "command": "change_chipyard_dualrocketconfig_dhrystone_signals_10_window_32us_trigger_posedge_clk",
      "mean": 0.190401278,
      "stddev": 0.0008505781751690995,
      "median": 0.19053720200000002,
      "user": 0.1246786,
      "system": 0.04924340000000001,
      "min": 0.18895371600000002,
      "max": 0.19111356200000001,
      "times": [
        0.19048524600000002,
        0.18895371600000002,
        0.190916664,
        0.19053720200000002,
        0.19111356200000001
      ],
      "exit_codes": [
        0,
        0,
        0,
        0,
        0
      ]
    }
  ]
}
