{
  "results": [
    {
      "command": "change_chipyard_clusteredrocketconfig_dhrystone_signals_10_window_8us_trigger_any",
      "mean": 0.1884863728,
      "stddev": 0.0008017512083790064,
      "median": 0.18841592100000001,
      "user": 0.13051300000000002,
      "system": 0.056519799999999995,
      "min": 0.187460811,
      "max": 0.189657987,
      "times": [
        0.189657987,
        0.18871214600000003,
        0.18818499900000002,
        0.18841592100000001,
        0.187460811
      ],
      "exit_codes": [
        0,
        0,
        0,
        0,
        0
      ]
    }
  ]
}
