{
  "results": [
    {
      "command": "change_picorv32_signals_100_window_2us_trigger_posedge_clk",
      "mean": 0.4112282036,
      "stddev": 0.02729026862780611,
      "median": 0.392175569,
      "user": 0.3394956,
      "system": 0.0521504,
      "min": 0.38970992200000004,
      "max": 0.44169740900000004,
      "times": [
        0.44169740900000004,
        0.440503024,
        0.38970992200000004,
        0.392175569,
        0.39205509400000005
      ],
      "exit_codes": [
        0,
        0,
        0,
        0,
        0
      ]
    }
  ]
}
