{
  "results": [
    {
      "command": "change_chipyard_dualrocketconfig_dhrystone_signals_1_window_8us_trigger_any",
      "mean": 0.1424524892,
      "stddev": 0.003448959284650695,
      "median": 0.140951282,
      "user": 0.06122,
      "system": 0.04580379999999999,
      "min": 0.139710091,
      "max": 0.14831633300000002,
      "times": [
        0.14831633300000002,
        0.139710091,
        0.14266941900000002,
        0.140951282,
        0.14061532100000002
      ],
      "exit_codes": [
        0,
        0,
        0,
        0,
        0
      ]
    }
  ]
}
