{
  "results": [
    {
      "command": "change_scr1_signals_100_window_4000_trigger_signal",
      "mean": 33.107901886,
      "stddev": 0.11207240303240484,
      "median": 33.06798021,
      "user": 32.262158166666666,
      "system": 0.8479389999999999,
      "min": 33.014186966,
      "max": 33.265282664,
      "times": [
        33.119610403,
        33.016350017,
        33.014501145,
        33.265282664,
        33.217480121,
        33.014186966
      ],
      "exit_codes": [
        0,
        0,
        0,
        0,
        0,
        0
      ]
    }
  ]
}
