{
  "results": [
    {
      "command": "change_picorv32_signals_1_window_8us_trigger_posedge_clk",
      "mean": 0.141720596,
      "stddev": 0.0017219807136508501,
      "median": 0.141974908,
      "user": 0.0684742,
      "system": 0.027813999999999995,
      "min": 0.139296509,
      "max": 0.144062453,
      "times": [
        0.144062453,
        0.142093302,
        0.141974908,
        0.141175808,
        0.139296509
      ],
      "exit_codes": [
        0,
        0,
        0,
        0,
        0
      ]
    }
  ]
}
