{
  "results": [
    {
      "command": "change_picorv32_signals_100_window_32us_trigger_posedge_clk",
      "mean": 0.39022808740000003,
      "stddev": 0.0012596250259066422,
      "median": 0.38975145800000005,
      "user": 0.3285106,
      "system": 0.053093800000000003,
      "min": 0.389435837,
      "max": 0.39246853000000004,
      "times": [
        0.38973148100000005,
        0.38975313100000003,
        0.38975145800000005,
        0.39246853000000004,
        0.389435837
      ],
      "exit_codes": [
        0,
        0,
        0,
        0,
        0
      ]
    }
  ]
}
