{
  "results": [
    {
      "command": "change_picorv32_signals_10_pos_50_window_2000_trigger_posedge_clk",
      "mean": 0.18822841488888892,
      "stddev": 0.002631053597097013,
      "median": 0.18693953400000002,
      "user": 0.16298666666666667,
      "system": 0.02496066666666667,
      "min": 0.185771243,
      "max": 0.193362361,
      "times": [
        0.185771243,
        0.186184928,
        0.19109209300000002,
        0.193362361,
        0.186914678,
        0.185875658,
        0.18693953400000002,
        0.18839999300000002,
        0.189515246
      ],
      "exit_codes": [
        0,
        0,
        0,
        0,
        0,
        0,
        0,
        0,
        0
      ]
    }
  ]
}
