{
  "results": [
    {
      "command": "change_chipyard_clusteredrocketconfig_dhrystone_signals_10_window_32000000_trigger_any",
      "mean": 10.114806045,
      "stddev": null,
      "median": 10.114806045,
      "user": 9.57635,
      "system": 0.540851,
      "min": 10.114806045,
      "max": 10.114806045,
      "times": [
        10.114806045
      ],
      "exit_codes": [
        0
      ]
    }
  ]
}
