{
  "results": [
    {
      "command": "change_scr1_signals_1_window_4ns_trigger_any",
      "mean": 0.05707861524999999,
      "stddev": 0.001233660446113709,
      "median": 0.0569552025,
      "user": 0.030484833333333333,
      "system": 0.014693166666666667,
      "min": 0.054697285000000005,
      "max": 0.059417295,
      "times": [
        0.054697285000000005,
        0.059417295,
        0.056613957000000006,
        0.057682135,
        0.058698997,
        0.05769482,
        0.057063908,
        0.056924675,
        0.056434378,
        0.056985730000000005,
        0.055840856,
        0.05688934700000001
      ],
      "exit_codes": [
        0,
        0,
        0,
        0,
        0,
        0,
        0,
        0,
        0,
        0,
        0,
        0
      ]
    }
  ]
}
