{
  "results": [
    {
      "command": "change_chipyard_dualrocketconfig_dhrystone_signals_1_pos_50_window_2000_trigger_posedge_clk",
      "mean": 0.2440526676666667,
      "stddev": 0.005015168115215469,
      "median": 0.24298785050000002,
      "user": 0.18013125,
      "system": 0.06367083333333333,
      "min": 0.239716441,
      "max": 0.258857779,
      "times": [
        0.24254719200000002,
        0.245292264,
        0.241659378,
        0.24474653500000002,
        0.240511524,
        0.241974669,
        0.243514792,
        0.24342850900000002,
        0.24099550300000003,
        0.24538742600000002,
        0.258857779,
        0.239716441
      ],
      "exit_codes": [
        0,
        0,
        0,
        0,
        0,
        0,
        0,
        0,
        0,
        0,
        0,
        0
      ]
    }
  ]
}
