{
  "results": [
    {
      "command": "change_picorv32_signals_1_window_32us_trigger_signal",
      "mean": 0.0893696526,
      "stddev": 0.0023708662224980765,
      "median": 0.0891244,
      "user": 0.051290800000000004,
      "system": 0.0250604,
      "min": 0.086999872,
      "max": 0.09229496300000001,
      "times": [
        0.09229496300000001,
        0.091239661,
        0.0891244,
        0.087189367,
        0.086999872
      ],
      "exit_codes": [
        0,
        0,
        0,
        0,
        0
      ]
    }
  ]
}
