{
  "results": [
    {
      "command": "change_scr1_signals_100_window_2ns_trigger_signal",
      "mean": 0.19025472966666668,
      "stddev": 0.0016386234897726364,
      "median": 0.19000386800000002,
      "user": 0.14198433333333335,
      "system": 0.026029833333333332,
      "min": 0.18816258600000002,
      "max": 0.19227215,
      "times": [
        0.189629603,
        0.18816258600000002,
        0.190378133,
        0.19227215,
        0.19202724200000001,
        0.18905866400000002
      ],
      "exit_codes": [
        0,
        0,
        0,
        0,
        0,
        0
      ]
    }
  ]
}
