{
  "results": [
    {
      "command": "change_chipyard_clusteredrocketconfig_dhrystone_signals_1_pos_50_window_8000_trigger_posedge_clk",
      "mean": 0.5037476925833334,
      "stddev": 0.006703974311765948,
      "median": 0.5018629510000001,
      "user": 0.4193307499999999,
      "system": 0.08409816666666665,
      "min": 0.495377426,
      "max": 0.5175085300000001,
      "times": [
        0.511059226,
        0.501444191,
        0.5022817110000001,
        0.497786369,
        0.5175085300000001,
        0.50055687,
        0.5086225320000001,
        0.495377426,
        0.49712059300000006,
        0.499799402,
        0.5104176060000001,
        0.502997855
      ],
      "exit_codes": [
        0,
        0,
        0,
        0,
        0,
        0,
        0,
        0,
        0,
        0,
        0,
        0
      ]
    }
  ]
}
