{
  "results": [
    {
      "command": "change_chipyard_dualrocketconfig_dhrystone_signals_100_window_2us_trigger_posedge_clk",
      "mean": 0.2402829552,
      "stddev": 0.0015023743342137462,
      "median": 0.24008114700000002,
      "user": 0.1519856,
      "system": 0.0645376,
      "min": 0.238788344,
      "max": 0.242337399,
      "times": [
        0.238992841,
        0.238788344,
        0.24008114700000002,
        0.242337399,
        0.24121504500000002
      ],
      "exit_codes": [
        0,
        0,
        0,
        0,
        0
      ]
    }
  ]
}
