{
  "results": [
    {
      "command": "change_picorv32_signals_10_window_2us_trigger_any",
      "mean": 0.1414264334,
      "stddev": 0.0010049470204887905,
      "median": 0.141410181,
      "user": 0.08460699999999999,
      "system": 0.027105199999999996,
      "min": 0.139981245,
      "max": 0.142642188,
      "times": [
        0.141410181,
        0.139981245,
        0.142019702,
        0.141078851,
        0.142642188
      ],
      "exit_codes": [
        0,
        0,
        0,
        0,
        0
      ]
    }
  ]
}
