{
  "results": [
    {
      "command": "change_picorv32_signals_1_window_2000000_trigger_posedge_clk",
      "mean": 3.849598929,
      "stddev": null,
      "median": 3.849598929,
      "user": 3.770615,
      "system": 0.07857299999999999,
      "min": 3.849598929,
      "max": 3.849598929,
      "times": [
        3.849598929
      ],
      "exit_codes": [
        0
      ]
    }
  ]
}
