{
  "results": [
    {
      "command": "change_chipyard_clusteredrocketconfig_dhrystone_signals_10_pos_50_window_2000_trigger_signal",
      "mean": 1.0923702786666667,
      "stddev": 0.008999665006337292,
      "median": 1.094346201,
      "user": 0.982188,
      "system": 0.10976211111111112,
      "min": 1.08046588,
      "max": 1.105669912,
      "times": [
        1.105669912,
        1.094346201,
        1.099681498,
        1.091847124,
        1.098128874,
        1.097106391,
        1.08046588,
        1.080851605,
        1.083235023
      ],
      "exit_codes": [
        0,
        0,
        0,
        0,
        0,
        0,
        0,
        0,
        0
      ]
    }
  ]
}
