{
  "results": [
    {
      "command": "change_picorv32_signals_10_window_2us_trigger_signal",
      "mean": 0.1408320094,
      "stddev": 0.0029293765817216683,
      "median": 0.141028325,
      "user": 0.091988,
      "system": 0.03141719999999999,
      "min": 0.137972061,
      "max": 0.145331904,
      "times": [
        0.145331904,
        0.14135820600000001,
        0.141028325,
        0.138469551,
        0.137972061
      ],
      "exit_codes": [
        0,
        0,
        0,
        0,
        0
      ]
    }
  ]
}
