{
  "results": [
    {
      "command": "change_chipyard_dualrocketconfig_dhrystone_signals_100_window_2000000_trigger_posedge_clk",
      "mean": 161.789326455,
      "stddev": null,
      "median": 161.789326455,
      "user": 157.082089,
      "system": 4.8560099999999995,
      "min": 161.789326455,
      "max": 161.789326455,
      "times": [
        161.789326455
      ],
      "exit_codes": [
        0
      ]
    }
  ]
}
