{
  "results": [
    {
      "command": "change_scr1_signals_1_window_2ns_trigger_signal",
      "mean": 0.0558845965,
      "stddev": 0.0009733928310882975,
      "median": 0.05562958650000001,
      "user": 0.035304916666666665,
      "system": 0.016559833333333333,
      "min": 0.054631200000000005,
      "max": 0.057669411000000004,
      "times": [
        0.057623214000000006,
        0.055606653000000006,
        0.056670944,
        0.055396446,
        0.055217688,
        0.054631200000000005,
        0.055653952000000007,
        0.056042096000000007,
        0.054862346000000006,
        0.055588688000000004,
        0.055652520000000004,
        0.057669411000000004
      ],
      "exit_codes": [
        0,
        0,
        0,
        0,
        0,
        0,
        0,
        0,
        0,
        0,
        0,
        0
      ]
    }
  ]
}
