{
  "results": [
    {
      "command": "change_scr1_signals_10_window_4000_trigger_any",
      "mean": 0.6797384776666667,
      "stddev": 0.022611432664030096,
      "median": 0.6909542120000001,
      "user": 0.6181376666666666,
      "system": 0.03673066666666666,
      "min": 0.63838962,
      "max": 0.693514217,
      "times": [
        0.6909542120000001,
        0.693514217,
        0.691969338,
        0.6915150050000001,
        0.689568752,
        0.63838962,
        0.689201874,
        0.6910403350000001,
        0.6414929460000001
      ],
      "exit_codes": [
        0,
        0,
        0,
        0,
        0,
        0,
        0,
        0,
        0
      ]
    }
  ]
}
