{
  "results": [
    {
      "command": "change_chipyard_dualrocketconfig_dhrystone_signals_1_window_2000000_trigger_any",
      "mean": 62.398076785,
      "stddev": null,
      "median": 62.398076785,
      "user": 60.485391,
      "system": 1.967206,
      "min": 62.398076785,
      "max": 62.398076785,
      "times": [
        62.398076785
      ],
      "exit_codes": [
        0
      ]
    }
  ]
}
