{
  "results": [
    {
      "command": "change_picorv32_signals_10_window_2000000_trigger_any",
      "mean": 2.69940142,
      "stddev": null,
      "median": 2.69940142,
      "user": 2.6260019999999997,
      "system": 0.056378,
      "min": 2.69940142,
      "max": 2.69940142,
      "times": [
        2.69940142
      ],
      "exit_codes": [
        0
      ]
    }
  ]
}
