{
  "results": [
    {
      "command": "change_picorv32_signals_100_window_2us_trigger_signal",
      "mean": 0.4418093204,
      "stddev": 0.0017343214318995958,
      "median": 0.441593312,
      "user": 0.3616186,
      "system": 0.054539399999999995,
      "min": 0.43929448600000004,
      "max": 0.443671195,
      "times": [
        0.441593312,
        0.44129083500000005,
        0.443196774,
        0.43929448600000004,
        0.443671195
      ],
      "exit_codes": [
        0,
        0,
        0,
        0,
        0
      ]
    }
  ]
}
