{
  "results": [
    {
      "command": "change_chipyard_dualrocketconfig_dhrystone_signals_10_window_32us_trigger_any",
      "mean": 0.9418109342000001,
      "stddev": 0.0019169351370271319,
      "median": 0.9420300210000001,
      "user": 0.7403953999999999,
      "system": 0.1744764,
      "min": 0.9390367390000001,
      "max": 0.9441133890000001,
      "times": [
        0.9390367390000001,
        0.9428375910000001,
        0.9410369310000001,
        0.9420300210000001,
        0.9441133890000001
      ],
      "exit_codes": [
        0,
        0,
        0,
        0,
        0
      ]
    }
  ]
}
