{
  "results": [
    {
      "command": "change_chipyard_dualrocketconfig_dhrystone_signals_1_window_2us_trigger_signal",
      "mean": 0.14891931360000002,
      "stddev": 0.022957195694838502,
      "median": 0.13861630900000002,
      "user": 0.0776438,
      "system": 0.0549254,
      "min": 0.13765359700000002,
      "max": 0.189958557,
      "times": [
        0.189958557,
        0.13838001700000002,
        0.139988088,
        0.13861630900000002,
        0.13765359700000002
      ],
      "exit_codes": [
        0,
        0,
        0,
        0,
        0
      ]
    }
  ]
}
