{
  "results": [
    {
      "command": "change_chipyard_clusteredrocketconfig_dhrystone_signals_10_window_32us_trigger_posedge_clk",
      "mean": 0.59138417,
      "stddev": 0.00200185654313292,
      "median": 0.5913022960000001,
      "user": 0.44889840000000003,
      "system": 0.12266919999999999,
      "min": 0.589253468,
      "max": 0.5941849880000001,
      "times": [
        0.5941849880000001,
        0.5924063940000001,
        0.589253468,
        0.5913022960000001,
        0.5897737040000001
      ],
      "exit_codes": [
        0,
        0,
        0,
        0,
        0
      ]
    }
  ]
}
