{
  "results": [
    {
      "command": "change_scr1_signals_1_window_8ns_trigger_signal",
      "mean": 0.05641574441666667,
      "stddev": 0.0009049013667477256,
      "median": 0.0566219015,
      "user": 0.036220833333333334,
      "system": 0.016483916666666668,
      "min": 0.054877924,
      "max": 0.058375968,
      "times": [
        0.055435228,
        0.056752576000000006,
        0.054877924,
        0.056744021000000006,
        0.05557497,
        0.056456301,
        0.056775780000000005,
        0.056624035,
        0.056619768,
        0.058375968,
        0.05578839,
        0.056963972
      ],
      "exit_codes": [
        0,
        0,
        0,
        0,
        0,
        0,
        0,
        0,
        0,
        0,
        0,
        0
      ]
    }
  ]
}
