{
  "results": [
    {
      "command": "change_scr1_signals_100_pos_50_window_2ns_trigger_any",
      "mean": 5.629925086,
      "stddev": 0.04123893586140805,
      "median": 5.6075031295,
      "user": 4.644321333333333,
      "system": 0.9554489999999999,
      "min": 5.603351124,
      "max": 5.705484609,
      "times": [
        5.6075326400000005,
        5.651024993,
        5.603351124,
        5.604683531,
        5.705484609,
        5.607473619
      ],
      "exit_codes": [
        0,
        0,
        0,
        0,
        0,
        0
      ]
    }
  ]
}
