{
  "results": [
    {
      "command": "change_chipyard_clusteredrocketconfig_dhrystone_signals_1_window_32000000_trigger_posedge_clk",
      "mean": 300.044549076,
      "stddev": null,
      "median": 300.044549076,
      "user": 286.250227,
      "system": 14.081729,
      "min": 300.044549076,
      "max": 300.044549076,
      "times": [
        300.044549076
      ],
      "exit_codes": [
        0
      ]
    }
  ]
}
