{
  "results": [
    {
      "command": "change_scr1_signals_10_window_8ns_trigger_posedge_clk",
      "mean": 0.05575061288888889,
      "stddev": 0.0012340079325358333,
      "median": 0.055397425,
      "user": 0.037594888888888886,
      "system": 0.013451777777777778,
      "min": 0.054534084000000004,
      "max": 0.057752596,
      "times": [
        0.057752596,
        0.054664811,
        0.054867815,
        0.055397425,
        0.054905025,
        0.055524315000000005,
        0.057525707,
        0.056583738,
        0.054534084000000004
      ],
      "exit_codes": [
        0,
        0,
        0,
        0,
        0,
        0,
        0,
        0,
        0
      ]
    }
  ]
}
