{
  "results": [
    {
      "command": "change_picorv32_signals_1_window_8us_trigger_any",
      "mean": 0.091773358,
      "stddev": 0.00366066410182606,
      "median": 0.090372559,
      "user": 0.0444598,
      "system": 0.019497599999999997,
      "min": 0.089074948,
      "max": 0.098189499,
      "times": [
        0.098189499,
        0.091118499,
        0.089074948,
        0.090372559,
        0.090111285
      ],
      "exit_codes": [
        0,
        0,
        0,
        0,
        0
      ]
    }
  ]
}
