{
  "results": [
    {
      "command": "change_chipyard_dualrocketconfig_dhrystone_signals_100_window_32us_trigger_signal",
      "mean": 0.239552347,
      "stddev": 0.0013194847745307628,
      "median": 0.239620555,
      "user": 0.1481384,
      "system": 0.07026439999999998,
      "min": 0.238029237,
      "max": 0.241306722,
      "times": [
        0.24027352100000002,
        0.239620555,
        0.2385317,
        0.238029237,
        0.241306722
      ],
      "exit_codes": [
        0,
        0,
        0,
        0,
        0
      ]
    }
  ]
}
