{
  "results": [
    {
      "command": "change_scr1_signals_100_window_2000_trigger_signal",
      "mean": 35.222090697,
      "stddev": 0.5980017198262276,
      "median": 34.972098062499995,
      "user": 34.279601833333324,
      "system": 0.9455939999999999,
      "min": 34.871676535,
      "max": 36.424528917,
      "times": [
        34.871676535,
        35.173356422,
        34.918786183,
        34.975356463,
        34.968839662,
        36.424528917
      ],
      "exit_codes": [
        0,
        0,
        0,
        0,
        0,
        0
      ]
    }
  ]
}
