{
  "results": [
    {
      "command": "change_scr1_signals_10_window_8ns_trigger_any",
      "mean": 0.05712044866666667,
      "stddev": 0.0012496521934574436,
      "median": 0.057124087000000004,
      "user": 0.03483255555555556,
      "system": 0.016317555555555554,
      "min": 0.054853286,
      "max": 0.059442278,
      "times": [
        0.054853286,
        0.057351794000000005,
        0.056257866000000004,
        0.056556615000000005,
        0.057890603000000006,
        0.057124087000000004,
        0.059442278,
        0.057608956,
        0.056998553
      ],
      "exit_codes": [
        0,
        0,
        0,
        0,
        0,
        0,
        0,
        0,
        0
      ]
    }
  ]
}
