{
  "results": [
    {
      "command": "change_scr1_signals_1_window_4ns_trigger_posedge_clk",
      "mean": 0.05703132633333333,
      "stddev": 0.0012079772281083873,
      "median": 0.056748417,
      "user": 0.030407666666666666,
      "system": 0.014679833333333335,
      "min": 0.055917411,
      "max": 0.06014999,
      "times": [
        0.055965281000000006,
        0.056450419,
        0.06014999,
        0.056506014,
        0.056990820000000005,
        0.057146073000000006,
        0.056151834000000005,
        0.057772898,
        0.057453494,
        0.055987193000000005,
        0.055917411,
        0.057884489000000004
      ],
      "exit_codes": [
        0,
        0,
        0,
        0,
        0,
        0,
        0,
        0,
        0,
        0,
        0,
        0
      ]
    }
  ]
}
