{
  "results": [
    {
      "command": "change_chipyard_dualrocketconfig_dhrystone_signals_10_window_8us_trigger_posedge_clk",
      "mean": 0.24024481460000002,
      "stddev": 0.002016986171022825,
      "median": 0.24074366800000002,
      "user": 0.15235859999999998,
      "system": 0.0704258,
      "min": 0.238101315,
      "max": 0.24310297800000003,
      "times": [
        0.238101315,
        0.24074366800000002,
        0.23851465100000002,
        0.240761461,
        0.24310297800000003
      ],
      "exit_codes": [
        0,
        0,
        0,
        0,
        0
      ]
    }
  ]
}
