{
  "results": [
    {
      "command": "change_chipyard_clusteredrocketconfig_dhrystone_signals_100_pos_50_window_8000_trigger_posedge_clk",
      "mean": 32.547361933,
      "stddev": 0.518012783633764,
      "median": 32.516777077499995,
      "user": 30.943957666666662,
      "system": 1.5974409999999999,
      "min": 31.887838381,
      "max": 33.324933724,
      "times": [
        33.324933724,
        32.903614518,
        32.13423082,
        32.553060177,
        31.887838381,
        32.480493978
      ],
      "exit_codes": [
        0,
        0,
        0,
        0,
        0,
        0
      ]
    }
  ]
}
