{
  "results": [
    {
      "command": "change_picorv32_signals_1_window_2us_trigger_posedge_clk",
      "mean": 0.13096181340000002,
      "stddev": 0.02274824695482533,
      "median": 0.140696862,
      "user": 0.0699916,
      "system": 0.025707799999999996,
      "min": 0.09028838700000001,
      "max": 0.14233405000000002,
      "times": [
        0.14095400800000002,
        0.09028838700000001,
        0.140696862,
        0.14053576,
        0.14233405000000002
      ],
      "exit_codes": [
        0,
        0,
        0,
        0,
        0
      ]
    }
  ]
}
