{
  "results": [
    {
      "command": "change_chipyard_dualrocketconfig_dhrystone_signals_1_pos_50_window_8000_trigger_any",
      "mean": 0.43294347750000006,
      "stddev": 0.006793508725544192,
      "median": 0.4309306445,
      "user": 0.3640016666666666,
      "system": 0.06865225000000001,
      "min": 0.42834719200000004,
      "max": 0.45307080600000005,
      "times": [
        0.42834719200000004,
        0.430937601,
        0.429806407,
        0.45307080600000005,
        0.43199704000000005,
        0.43253539100000005,
        0.42884520800000003,
        0.43766872700000004,
        0.430923688,
        0.42952462900000005,
        0.42966998100000003,
        0.43199506000000004
      ],
      "exit_codes": [
        0,
        0,
        0,
        0,
        0,
        0,
        0,
        0,
        0,
        0,
        0,
        0
      ]
    }
  ]
}
