{
  "results": [
    {
      "command": "change_picorv32_signals_100_window_32us_trigger_signal",
      "mean": 0.44127928080000006,
      "stddev": 0.0008579623997755887,
      "median": 0.441474056,
      "user": 0.3502428,
      "system": 0.051775,
      "min": 0.44007174200000004,
      "max": 0.44215989600000005,
      "times": [
        0.44076911900000004,
        0.44007174200000004,
        0.441921591,
        0.441474056,
        0.44215989600000005
      ],
      "exit_codes": [
        0,
        0,
        0,
        0,
        0
      ]
    }
  ]
}
