{
  "results": [
    {
      "command": "change_scr1_signals_100_window_8ns_trigger_signal",
      "mean": 0.19083484183333335,
      "stddev": 0.001478054693683616,
      "median": 0.190907657,
      "user": 0.145262,
      "system": 0.029266666666666663,
      "min": 0.18892619600000002,
      "max": 0.19313892700000002,
      "times": [
        0.190474203,
        0.189716149,
        0.191341111,
        0.18892619600000002,
        0.19313892700000002,
        0.191412465
      ],
      "exit_codes": [
        0,
        0,
        0,
        0,
        0,
        0
      ]
    }
  ]
}
