{
  "results": [
    {
      "command": "change_scr1_signals_1_window_8ns_trigger_posedge_clk",
      "mean": 0.05665196941666666,
      "stddev": 0.0009508936747415755,
      "median": 0.056831165,
      "user": 0.03000291666666666,
      "system": 0.014569583333333332,
      "min": 0.054758031000000006,
      "max": 0.057768871000000006,
      "times": [
        0.057768871000000006,
        0.056180480000000005,
        0.055720831000000005,
        0.057713577,
        0.054758031000000006,
        0.056935687000000006,
        0.056004297,
        0.055879141,
        0.056726643,
        0.057166073000000005,
        0.057749937,
        0.057220065
      ],
      "exit_codes": [
        0,
        0,
        0,
        0,
        0,
        0,
        0,
        0,
        0,
        0,
        0,
        0
      ]
    }
  ]
}
