{
  "results": [
    {
      "command": "change_chipyard_clusteredrocketconfig_dhrystone_signals_10_window_8us_trigger_posedge_clk",
      "mean": 0.23918114360000003,
      "stddev": 0.0009432021375284831,
      "median": 0.238845993,
      "user": 0.1590354,
      "system": 0.068559,
      "min": 0.238154428,
      "max": 0.240553924,
      "times": [
        0.240553924,
        0.238845993,
        0.238154428,
        0.239679405,
        0.238671968
      ],
      "exit_codes": [
        0,
        0,
        0,
        0,
        0
      ]
    }
  ]
}
