{
  "results": [
    {
      "command": "change_chipyard_clusteredrocketconfig_dhrystone_signals_100_window_32us_trigger_posedge_clk",
      "mean": 0.28854956940000004,
      "stddev": 0.0020414401896682597,
      "median": 0.28762913300000004,
      "user": 0.2102924,
      "system": 0.07432459999999999,
      "min": 0.2867097,
      "max": 0.291860842,
      "times": [
        0.28762913300000004,
        0.291860842,
        0.28908688400000004,
        0.28746128800000004,
        0.2867097
      ],
      "exit_codes": [
        0,
        0,
        0,
        0,
        0
      ]
    }
  ]
}
