{
  "results": [
    {
      "command": "change_picorv32_signals_10_window_8us_trigger_signal",
      "mean": 0.139952499,
      "stddev": 0.0025064721224410213,
      "median": 0.139979666,
      "user": 0.0908976,
      "system": 0.027223200000000003,
      "min": 0.137629136,
      "max": 0.143756292,
      "times": [
        0.140634944,
        0.139979666,
        0.143756292,
        0.137762457,
        0.137629136
      ],
      "exit_codes": [
        0,
        0,
        0,
        0,
        0
      ]
    }
  ]
}
