{
  "results": [
    {
      "command": "change_chipyard_clusteredrocketconfig_dhrystone_signals_10_window_8us_trigger_signal",
      "mean": 0.23858311100000001,
      "stddev": 0.0013071363621518155,
      "median": 0.23872904700000003,
      "user": 0.1576836,
      "system": 0.073702,
      "min": 0.23705977700000003,
      "max": 0.240507094,
      "times": [
        0.238876162,
        0.237743475,
        0.240507094,
        0.23705977700000003,
        0.23872904700000003
      ],
      "exit_codes": [
        0,
        0,
        0,
        0,
        0
      ]
    }
  ]
}
