{
  "results": [
    {
      "command": "change_chipyard_dualrocketconfig_dhrystone_signals_100_window_32us_trigger_posedge_clk",
      "mean": 0.2497952218,
      "stddev": 0.02302308823935152,
      "median": 0.240898717,
      "user": 0.172368,
      "system": 0.07007939999999999,
      "min": 0.236860864,
      "max": 0.290872546,
      "times": [
        0.240898717,
        0.23938292400000002,
        0.236860864,
        0.240961058,
        0.290872546
      ],
      "exit_codes": [
        0,
        0,
        0,
        0,
        0
      ]
    }
  ]
}
