{
  "results": [
    {
      "command": "change_chipyard_dualrocketconfig_dhrystone_signals_100_window_2us_trigger_signal",
      "mean": 0.24170789960000003,
      "stddev": 0.0010169667017288738,
      "median": 0.24136352800000002,
      "user": 0.1434028,
      "system": 0.0617736,
      "min": 0.24061697,
      "max": 0.24283891200000002,
      "times": [
        0.24136352800000002,
        0.24099324500000002,
        0.24061697,
        0.24272684300000003,
        0.24283891200000002
      ],
      "exit_codes": [
        0,
        0,
        0,
        0,
        0
      ]
    }
  ]
}
