{
  "results": [
    {
      "command": "change_chipyard_dualrocketconfig_dhrystone_signals_100_window_32us_trigger_any",
      "mean": 0.18889973599999998,
      "stddev": 0.0016990750359906141,
      "median": 0.18850339300000002,
      "user": 0.1257312,
      "system": 0.0472166,
      "min": 0.186954862,
      "max": 0.190861792,
      "times": [
        0.186954862,
        0.187731698,
        0.18850339300000002,
        0.190446935,
        0.190861792
      ],
      "exit_codes": [
        0,
        0,
        0,
        0,
        0
      ]
    }
  ]
}
