{
  "results": [
    {
      "command": "change_scr1_signals_1_window_8ns_trigger_posedge_clk",
      "mean": 0.05759501216666668,
      "stddev": 0.0017881232354641776,
      "median": 0.056949253500000005,
      "user": 0.031252916666666665,
      "system": 0.014964,
      "min": 0.054953058000000006,
      "max": 0.061494309000000004,
      "times": [
        0.057046530000000005,
        0.061494309000000004,
        0.056783183,
        0.059351813,
        0.056851977000000005,
        0.058934285,
        0.056751258000000006,
        0.054953058000000006,
        0.058994644000000006,
        0.057540185,
        0.056480761000000004,
        0.055958143
      ],
      "exit_codes": [
        0,
        0,
        0,
        0,
        0,
        0,
        0,
        0,
        0,
        0,
        0,
        0
      ]
    }
  ]
}
