{
  "results": [
    {
      "command": "change_picorv32_signals_10_window_32us_trigger_signal",
      "mean": 0.1404961794,
      "stddev": 0.0018738185833111726,
      "median": 0.14083979500000002,
      "user": 0.0884384,
      "system": 0.0319804,
      "min": 0.13767880200000002,
      "max": 0.142248806,
      "times": [
        0.13767880200000002,
        0.14083979500000002,
        0.13970405900000002,
        0.142248806,
        0.14200943500000002
      ],
      "exit_codes": [
        0,
        0,
        0,
        0,
        0
      ]
    }
  ]
}
