{
  "results": [
    {
      "command": "change_picorv32_signals_1_pos_50_window_4000_trigger_posedge_clk",
      "mean": 0.06316914116666668,
      "stddev": 0.0031233781430861007,
      "median": 0.0626565245,
      "user": 0.040677,
      "system": 0.022248249999999997,
      "min": 0.059573296000000005,
      "max": 0.06888593400000001,
      "times": [
        0.063229324,
        0.060748642000000005,
        0.060296472000000004,
        0.059587073000000004,
        0.059573296000000005,
        0.065836965,
        0.06888593400000001,
        0.062389188000000005,
        0.06593742300000001,
        0.06720013200000001,
        0.062923861,
        0.061421384
      ],
      "exit_codes": [
        0,
        0,
        0,
        0,
        0,
        0,
        0,
        0,
        0,
        0,
        0,
        0
      ]
    }
  ]
}
