{
  "results": [
    {
      "command": "change_chipyard_clusteredrocketconfig_dhrystone_signals_1_window_8000000_trigger_any",
      "mean": 300.038707779,
      "stddev": null,
      "median": 300.038707779,
      "user": 285.146061,
      "system": 15.177375,
      "min": 300.038707779,
      "max": 300.038707779,
      "times": [
        300.038707779
      ],
      "exit_codes": [
        0
      ]
    }
  ]
}
