{
  "results": [
    {
      "command": "change_picorv32_signals_100_pos_50_window_2000_trigger_posedge_clk",
      "mean": 1.3211372626666666,
      "stddev": 0.01353582618023701,
      "median": 1.320987859,
      "user": 1.2635003333333332,
      "system": 0.05714316666666666,
      "min": 1.300877651,
      "max": 1.341063717,
      "times": [
        1.341063717,
        1.322363115,
        1.300877651,
        1.314223082,
        1.319612603,
        1.328683408
      ],
      "exit_codes": [
        0,
        0,
        0,
        0,
        0,
        0
      ]
    }
  ]
}
