{
  "results": [
    {
      "command": "change_chipyard_dualrocketconfig_dhrystone_signals_1_window_8us_trigger_signal",
      "mean": 0.13930221820000002,
      "stddev": 0.0014731989133184612,
      "median": 0.139848482,
      "user": 0.0794088,
      "system": 0.0545606,
      "min": 0.137385043,
      "max": 0.14107835700000002,
      "times": [
        0.137385043,
        0.13824213100000002,
        0.139957078,
        0.139848482,
        0.14107835700000002
      ],
      "exit_codes": [
        0,
        0,
        0,
        0,
        0
      ]
    }
  ]
}
