{
  "results": [
    {
      "command": "change_scr1_signals_100_window_4ns_trigger_any",
      "mean": 0.191096461,
      "stddev": 0.0018258193228930463,
      "median": 0.1915095575,
      "user": 0.13424966666666668,
      "system": 0.024839,
      "min": 0.188510386,
      "max": 0.19330401500000002,
      "times": [
        0.18948132,
        0.19213965300000002,
        0.188510386,
        0.190879462,
        0.19330401500000002,
        0.19226393
      ],
      "exit_codes": [
        0,
        0,
        0,
        0,
        0,
        0
      ]
    }
  ]
}
