{
  "results": [
    {
      "command": "change_chipyard_clusteredrocketconfig_dhrystone_signals_1_window_32000000_trigger_any",
      "mean": 300.036000597,
      "stddev": null,
      "median": 300.036000597,
      "user": 286.23771999999997,
      "system": 14.072892999999999,
      "min": 300.036000597,
      "max": 300.036000597,
      "times": [
        300.036000597
      ],
      "exit_codes": [
        0
      ]
    }
  ]
}
