{
  "results": [
    {
      "command": "change_picorv32_signals_100_window_8us_trigger_posedge_clk",
      "mean": 0.38915136539999995,
      "stddev": 0.0006951641347723531,
      "median": 0.389201206,
      "user": 0.33302859999999995,
      "system": 0.051374199999999995,
      "min": 0.388414758,
      "max": 0.390161026,
      "times": [
        0.390161026,
        0.389201206,
        0.389387658,
        0.38859217900000004,
        0.388414758
      ],
      "exit_codes": [
        0,
        0,
        0,
        0,
        0
      ]
    }
  ]
}
