{
  "results": [
    {
      "command": "change_scr1_signals_100_window_4ns_trigger_any",
      "mean": 0.19042104516666666,
      "stddev": 0.0021483417054472924,
      "median": 0.190385088,
      "user": 0.13498649999999998,
      "system": 0.025149999999999995,
      "min": 0.18799976100000002,
      "max": 0.19276262000000002,
      "times": [
        0.188492033,
        0.18799976100000002,
        0.189028889,
        0.192501681,
        0.19276262000000002,
        0.191741287
      ],
      "exit_codes": [
        0,
        0,
        0,
        0,
        0,
        0
      ]
    }
  ]
}
