{
  "results": [
    {
      "command": "change_scr1_signals_1_pos_50_window_4000_trigger_posedge_clk",
      "mean": 0.13810734575,
      "stddev": 0.0033498440586082413,
      "median": 0.1368754275,
      "user": 0.12577933333333333,
      "system": 0.012103000000000001,
      "min": 0.133813759,
      "max": 0.14281343700000002,
      "times": [
        0.14281343700000002,
        0.139896681,
        0.136347547,
        0.136830323,
        0.136920532,
        0.142615908,
        0.141233716,
        0.14173705,
        0.133813759,
        0.13592943500000002,
        0.13509445,
        0.134055311
      ],
      "exit_codes": [
        0,
        0,
        0,
        0,
        0,
        0,
        0,
        0,
        0,
        0,
        0,
        0
      ]
    }
  ]
}
