{
  "results": [
    {
      "command": "change_scr1_signals_100_window_8ns_trigger_any",
      "mean": 0.19177082216666666,
      "stddev": 0.0021193342812737574,
      "median": 0.19222326250000002,
      "user": 0.13690149999999998,
      "system": 0.021286166666666665,
      "min": 0.18843346600000002,
      "max": 0.194375242,
      "times": [
        0.18843346600000002,
        0.19183708900000002,
        0.19260943600000002,
        0.19306588100000002,
        0.194375242,
        0.190303819
      ],
      "exit_codes": [
        0,
        0,
        0,
        0,
        0,
        0
      ]
    }
  ]
}
