{
  "results": [
    {
      "command": "change_picorv32_signals_100_window_8us_trigger_any",
      "mean": 0.41010936979999996,
      "stddev": 0.028200851186605487,
      "median": 0.391665912,
      "user": 0.344338,
      "system": 0.0438852,
      "min": 0.387888999,
      "max": 0.44154009400000005,
      "times": [
        0.391665912,
        0.38906729300000004,
        0.387888999,
        0.440384551,
        0.44154009400000005
      ],
      "exit_codes": [
        0,
        0,
        0,
        0,
        0
      ]
    }
  ]
}
