{
  "results": [
    {
      "command": "change_chipyard_dualrocketconfig_dhrystone_signals_1_window_32us_trigger_signal",
      "mean": 0.1909593456,
      "stddev": 0.0006880308037670278,
      "median": 0.19112498600000002,
      "user": 0.09204019999999999,
      "system": 0.059338199999999994,
      "min": 0.19002131,
      "max": 0.191749885,
      "times": [
        0.19052537300000003,
        0.191375174,
        0.191749885,
        0.19112498600000002,
        0.19002131
      ],
      "exit_codes": [
        0,
        0,
        0,
        0,
        0
      ]
    }
  ]
}
