{
  "results": [
    {
      "command": "change_chipyard_dualrocketconfig_dhrystone_signals_10_window_8us_trigger_posedge_clk",
      "mean": 0.24125915180000002,
      "stddev": 0.0018792634861279308,
      "median": 0.24209036900000003,
      "user": 0.14886,
      "system": 0.0662206,
      "min": 0.238576694,
      "max": 0.243218281,
      "times": [
        0.238576694,
        0.242299743,
        0.24209036900000003,
        0.243218281,
        0.24011067200000002
      ],
      "exit_codes": [
        0,
        0,
        0,
        0,
        0
      ]
    }
  ]
}
