{
  "results": [
    {
      "command": "change_scr1_signals_1_window_4ns_trigger_any",
      "mean": 0.05820134325,
      "stddev": 0.0011426394245503482,
      "median": 0.057572366,
      "user": 0.03048933333333333,
      "system": 0.0156955,
      "min": 0.056953236000000004,
      "max": 0.060525183,
      "times": [
        0.05721786500000001,
        0.059525282000000006,
        0.058151946,
        0.056953236000000004,
        0.060525183,
        0.057554865000000004,
        0.057366374000000005,
        0.057589417000000004,
        0.05748525,
        0.059045255000000005,
        0.059446131000000006,
        0.057555315
      ],
      "exit_codes": [
        0,
        0,
        0,
        0,
        0,
        0,
        0,
        0,
        0,
        0,
        0,
        0
      ]
    }
  ]
}
