{
  "results": [
    {
      "command": "change_scr1_signals_10_window_2ns_trigger_posedge_clk",
      "mean": 0.05752385377777777,
      "stddev": 0.001756145973266301,
      "median": 0.057209168000000005,
      "user": 0.037817333333333335,
      "system": 0.016372111111111108,
      "min": 0.054854095000000005,
      "max": 0.060369873000000004,
      "times": [
        0.05631788200000001,
        0.05990643700000001,
        0.057425438,
        0.056853026,
        0.057209168000000005,
        0.054854095000000005,
        0.058316473,
        0.056462292000000004,
        0.060369873000000004
      ],
      "exit_codes": [
        0,
        0,
        0,
        0,
        0,
        0,
        0,
        0,
        0
      ]
    }
  ]
}
