{
  "results": [
    {
      "command": "change_scr1_signals_100_window_4000_trigger_posedge_clk",
      "mean": 12.024109525333335,
      "stddev": 0.05901683360437811,
      "median": 12.0153440555,
      "user": 11.676179166666666,
      "system": 0.3359125,
      "min": 11.965373823,
      "max": 12.117906399,
      "times": [
        11.966054615000001,
        12.016017809,
        12.064634204,
        12.117906399,
        12.014670302,
        11.965373823
      ],
      "exit_codes": [
        0,
        0,
        0,
        0,
        0,
        0
      ]
    }
  ]
}
