{
  "results": [
    {
      "command": "change_picorv32_signals_100_window_32us_trigger_posedge_clk",
      "mean": 0.4210837812,
      "stddev": 0.02866444800470648,
      "median": 0.441652468,
      "user": 0.34305280000000005,
      "system": 0.049329,
      "min": 0.38809714100000003,
      "max": 0.442306478,
      "times": [
        0.442306478,
        0.44204130300000005,
        0.441652468,
        0.38809714100000003,
        0.39132151600000004
      ],
      "exit_codes": [
        0,
        0,
        0,
        0,
        0
      ]
    }
  ]
}
