{
  "results": [
    {
      "command": "change_picorv32_signals_1_window_2us_trigger_signal",
      "mean": 0.089267111,
      "stddev": 0.0005155564146759341,
      "median": 0.08948328400000001,
      "user": 0.0487278,
      "system": 0.0260378,
      "min": 0.088368375,
      "max": 0.089601305,
      "times": [
        0.08957614800000001,
        0.089601305,
        0.089306443,
        0.088368375,
        0.08948328400000001
      ],
      "exit_codes": [
        0,
        0,
        0,
        0,
        0
      ]
    }
  ]
}
