{
  "results": [
    {
      "command": "change_picorv32_signals_10_window_2us_trigger_posedge_clk",
      "mean": 0.141352009,
      "stddev": 0.0012840905040989096,
      "median": 0.140866036,
      "user": 0.091533,
      "system": 0.0285906,
      "min": 0.140044094,
      "max": 0.142856018,
      "times": [
        0.140044094,
        0.142856018,
        0.14041420100000002,
        0.142579696,
        0.140866036
      ],
      "exit_codes": [
        0,
        0,
        0,
        0,
        0
      ]
    }
  ]
}
