{
  "results": [
    {
      "command": "change_chipyard_clusteredrocketconfig_dhrystone_signals_100_window_8us_trigger_any",
      "mean": 2.786721993,
      "stddev": 0.022785987420577695,
      "median": 2.79582138,
      "user": 2.2504736000000003,
      "system": 0.5030380000000001,
      "min": 2.746098137,
      "max": 2.798729974,
      "times": [
        2.79582138,
        2.79435067,
        2.746098137,
        2.798729974,
        2.798609804
      ],
      "exit_codes": [
        0,
        0,
        0,
        0,
        0
      ]
    }
  ]
}
