{
  "results": [
    {
      "command": "change_chipyard_clusteredrocketconfig_dhrystone_signals_10_window_2000000_trigger_any",
      "mean": 10.216960788,
      "stddev": null,
      "median": 10.216960788,
      "user": 9.650424,
      "system": 0.552824,
      "min": 10.216960788,
      "max": 10.216960788,
      "times": [
        10.216960788
      ],
      "exit_codes": [
        0
      ]
    }
  ]
}
