{
  "results": [
    {
      "command": "change_scr1_signals_10_window_4ns_trigger_posedge_clk",
      "mean": 0.060754603666666664,
      "stddev": 0.01051744502380545,
      "median": 0.05750757,
      "user": 0.037809888888888886,
      "system": 0.017387555555555555,
      "min": 0.055833185,
      "max": 0.088652772,
      "times": [
        0.059196081000000005,
        0.05750757,
        0.055833185,
        0.058092228,
        0.05630904900000001,
        0.088652772,
        0.057500156000000004,
        0.057716623,
        0.055983769
      ],
      "exit_codes": [
        0,
        0,
        0,
        0,
        0,
        0,
        0,
        0,
        0
      ]
    }
  ]
}
