{
  "results": [
    {
      "command": "change_chipyard_dualrocketconfig_dhrystone_signals_100_window_32us_trigger_posedge_clk",
      "mean": 0.23991811100000002,
      "stddev": 0.0009839951676032233,
      "median": 0.240242171,
      "user": 0.15840520000000002,
      "system": 0.0759282,
      "min": 0.23817252500000002,
      "max": 0.24049565800000003,
      "times": [
        0.240242171,
        0.23817252500000002,
        0.240215221,
        0.24046498000000002,
        0.24049565800000003
      ],
      "exit_codes": [
        0,
        0,
        0,
        0,
        0
      ]
    }
  ]
}
