{
  "results": [
    {
      "command": "change_scr1_signals_100_pos_50_window_4000_trigger_signal",
      "mean": 32.53525483316667,
      "stddev": 0.1149271335150518,
      "median": 32.5456585985,
      "user": 31.741621499999997,
      "system": 0.7894118333333333,
      "min": 32.339269819,
      "max": 32.675787817,
      "times": [
        32.611712182,
        32.493441984,
        32.55161962,
        32.339269819,
        32.539697577,
        32.675787817
      ],
      "exit_codes": [
        0,
        0,
        0,
        0,
        0,
        0
      ]
    }
  ]
}
