{
  "results": [
    {
      "command": "change_picorv32_signals_1_window_8000000_trigger_signal",
      "mean": 4.20128897,
      "stddev": null,
      "median": 4.20128897,
      "user": 4.120039,
      "system": 0.077554,
      "min": 4.20128897,
      "max": 4.20128897,
      "times": [
        4.20128897
      ],
      "exit_codes": [
        0
      ]
    }
  ]
}
