{
  "results": [
    {
      "command": "change_chipyard_clusteredrocketconfig_dhrystone_signals_100_window_8us_trigger_signal",
      "mean": 0.29038550820000003,
      "stddev": 0.0014942309570600797,
      "median": 0.290281895,
      "user": 0.1967542,
      "system": 0.0795538,
      "min": 0.288256644,
      "max": 0.292448936,
      "times": [
        0.290710951,
        0.29022911500000004,
        0.290281895,
        0.292448936,
        0.288256644
      ],
      "exit_codes": [
        0,
        0,
        0,
        0,
        0
      ]
    }
  ]
}
