{
  "results": [
    {
      "command": "change_picorv32_signals_100_window_32us_trigger_any",
      "mean": 0.4413523552000001,
      "stddev": 0.0010885495201393978,
      "median": 0.44171382000000003,
      "user": 0.3472384,
      "system": 0.05481199999999999,
      "min": 0.43972241,
      "max": 0.442580438,
      "times": [
        0.43972241,
        0.44184339300000003,
        0.440901715,
        0.44171382000000003,
        0.442580438
      ],
      "exit_codes": [
        0,
        0,
        0,
        0,
        0
      ]
    }
  ]
}
