{
  "results": [
    {
      "command": "change_chipyard_clusteredrocketconfig_dhrystone_signals_100_window_8us_trigger_any",
      "mean": 0.2812899294,
      "stddev": 0.022672102391514536,
      "median": 0.29132646500000003,
      "user": 0.1878082,
      "system": 0.06282259999999999,
      "min": 0.24074539800000003,
      "max": 0.292158768,
      "times": [
        0.290596705,
        0.29132646500000003,
        0.291622311,
        0.292158768,
        0.24074539800000003
      ],
      "exit_codes": [
        0,
        0,
        0,
        0,
        0
      ]
    }
  ]
}
