{
  "results": [
    {
      "command": "change_picorv32_signals_1_window_2us_trigger_posedge_clk",
      "mean": 0.14104692040000003,
      "stddev": 0.0013155343554490761,
      "median": 0.140420911,
      "user": 0.0674002,
      "system": 0.0268484,
      "min": 0.140163016,
      "max": 0.14334854900000002,
      "times": [
        0.140420911,
        0.140387959,
        0.140163016,
        0.140914167,
        0.14334854900000002
      ],
      "exit_codes": [
        0,
        0,
        0,
        0,
        0
      ]
    }
  ]
}
