{
  "results": [
    {
      "command": "change_chipyard_clusteredrocketconfig_dhrystone_signals_100_window_2us_trigger_signal",
      "mean": 0.30978511840000006,
      "stddev": 0.027746620475190904,
      "median": 0.291835008,
      "user": 0.21096659999999998,
      "system": 0.0771802,
      "min": 0.28839117000000003,
      "max": 0.340643756,
      "times": [
        0.288421818,
        0.291835008,
        0.28839117000000003,
        0.340643756,
        0.33963384
      ],
      "exit_codes": [
        0,
        0,
        0,
        0,
        0
      ]
    }
  ]
}
