{
  "results": [
    {
      "command": "change_chipyard_clusteredrocketconfig_dhrystone_signals_1_window_2us_trigger_signal",
      "mean": 0.19134392900000002,
      "stddev": 0.0011611062653558008,
      "median": 0.19141775500000002,
      "user": 0.0953124,
      "system": 0.05627839999999999,
      "min": 0.18983443900000002,
      "max": 0.19246061,
      "times": [
        0.18983443900000002,
        0.19245494800000001,
        0.19141775500000002,
        0.190551893,
        0.19246061
      ],
      "exit_codes": [
        0,
        0,
        0,
        0,
        0
      ]
    }
  ]
}
