{
  "results": [
    {
      "command": "change_scr1_signals_1_window_2ns_trigger_signal",
      "mean": 0.059743731166666675,
      "stddev": 0.009283882069040494,
      "median": 0.05677254400000001,
      "user": 0.038032250000000004,
      "system": 0.016344416666666663,
      "min": 0.055334938,
      "max": 0.088662618,
      "times": [
        0.056868012,
        0.055334938,
        0.05538544,
        0.055338575,
        0.088662618,
        0.05545336,
        0.05667707600000001,
        0.056562949,
        0.058566967000000004,
        0.058766689000000004,
        0.06129744,
        0.05801071000000001
      ],
      "exit_codes": [
        0,
        0,
        0,
        0,
        0,
        0,
        0,
        0,
        0,
        0,
        0,
        0
      ]
    }
  ]
}
