{
  "results": [
    {
      "command": "change_picorv32_signals_10_window_2us_trigger_posedge_clk",
      "mean": 0.140036955,
      "stddev": 0.0013548396067614389,
      "median": 0.13998701400000002,
      "user": 0.08867139999999998,
      "system": 0.028870600000000003,
      "min": 0.13831754200000002,
      "max": 0.141922451,
      "times": [
        0.141922451,
        0.13998701400000002,
        0.140619839,
        0.139337929,
        0.13831754200000002
      ],
      "exit_codes": [
        0,
        0,
        0,
        0,
        0
      ]
    }
  ]
}
