{
  "results": [
    {
      "command": "change_chipyard_dualrocketconfig_dhrystone_signals_10_window_32us_trigger_signal",
      "mean": 0.26121088840000006,
      "stddev": 0.025238003541348444,
      "median": 0.24463229700000003,
      "user": 0.16921219999999998,
      "system": 0.0714282,
      "min": 0.23986842800000002,
      "max": 0.28983706000000004,
      "times": [
        0.23986842800000002,
        0.28983706000000004,
        0.24400859300000002,
        0.28770806400000004,
        0.24463229700000003
      ],
      "exit_codes": [
        0,
        0,
        0,
        0,
        0
      ]
    }
  ]
}
