{
  "results": [
    {
      "command": "change_picorv32_signals_100_window_2us_trigger_posedge_clk",
      "mean": 0.39916219280000004,
      "stddev": 0.0234783932678405,
      "median": 0.38923282800000003,
      "user": 0.337655,
      "system": 0.0485488,
      "min": 0.387805353,
      "max": 0.44114166000000005,
      "times": [
        0.389518584,
        0.387805353,
        0.38923282800000003,
        0.38811253900000003,
        0.44114166000000005
      ],
      "exit_codes": [
        0,
        0,
        0,
        0,
        0
      ]
    }
  ]
}
