{
  "results": [
    {
      "command": "change_scr1_signals_1_window_2ns_trigger_signal",
      "mean": 0.056575479250000005,
      "stddev": 0.0015440432793157725,
      "median": 0.056760994,
      "user": 0.03765583333333333,
      "system": 0.015205916666666664,
      "min": 0.05392030900000001,
      "max": 0.058200323000000005,
      "times": [
        0.057494252,
        0.058200323000000005,
        0.05517035000000001,
        0.055927086,
        0.057878721,
        0.056027736,
        0.057792259000000006,
        0.058193110000000006,
        0.058163124000000004,
        0.054802872,
        0.055335609,
        0.05392030900000001
      ],
      "exit_codes": [
        0,
        0,
        0,
        0,
        0,
        0,
        0,
        0,
        0,
        0,
        0,
        0
      ]
    }
  ]
}
