{
  "results": [
    {
      "command": "change_chipyard_dualrocketconfig_dhrystone_signals_10_window_8000000_trigger_posedge_clk",
      "mean": 17.682675501,
      "stddev": null,
      "median": 17.682675501,
      "user": 17.097582,
      "system": 0.592079,
      "min": 17.682675501,
      "max": 17.682675501,
      "times": [
        17.682675501
      ],
      "exit_codes": [
        0
      ]
    }
  ]
}
