{
  "results": [
    {
      "command": "change_chipyard_clusteredrocketconfig_dhrystone_signals_100_pos_50_window_2000_trigger_posedge_clk",
      "mean": 9.413477074333334,
      "stddev": 0.07058591606371817,
      "median": 9.409674320499999,
      "user": 8.919767,
      "system": 0.49231116666666663,
      "min": 9.295902211,
      "max": 9.495889741,
      "times": [
        9.409588029,
        9.295902211,
        9.495889741,
        9.475804098,
        9.409760612,
        9.393917755
      ],
      "exit_codes": [
        0,
        0,
        0,
        0,
        0,
        0
      ]
    }
  ]
}
