{
  "results": [
    {
      "command": "change_chipyard_dualrocketconfig_dhrystone_signals_100_pos_50_window_4000_trigger_signal",
      "mean": 13.536281724666665,
      "stddev": 0.08432182415836206,
      "median": 13.5195442155,
      "user": 13.079777666666665,
      "system": 0.4542676666666667,
      "min": 13.45234482,
      "max": 13.689277716,
      "times": [
        13.689277716,
        13.559792688,
        13.45234482,
        13.477186693,
        13.503853514,
        13.535234917
      ],
      "exit_codes": [
        0,
        0,
        0,
        0,
        0,
        0
      ]
    }
  ]
}
