{
  "results": [
    {
      "command": "change_scr1_coremark_imem_axi_2sig_to_1000ps",
      "mean": 0.08648840466666669,
      "stddev": 0.01124463938079519,
      "median": 0.08950680100000001,
      "user": 0.03791711111111111,
      "system": 0.02234711111111111,
      "min": 0.056720064,
      "max": 0.09265092800000001,
      "times": [
        0.09126314,
        0.09090906400000001,
        0.056720064,
        0.08855522,
        0.09265092800000001,
        0.090928173,
        0.08950680100000001,
        0.089066093,
        0.088796159
      ],
      "exit_codes": [
        0,
        0,
        0,
        0,
        0,
        0,
        0,
        0,
        0
      ]
    }
  ]
}
