{
  "results": [
    {
      "command": "change_chipyard_dualrocketconfig_dhrystone_signals_100_pos_50_window_8000_trigger_any",
      "mean": 26.4757168305,
      "stddev": 0.14542182834453332,
      "median": 26.485999048,
      "user": 25.618722666666667,
      "system": 0.8530411666666667,
      "min": 26.294668344,
      "max": 26.720514241,
      "times": [
        26.500901069,
        26.720514241,
        26.47605429,
        26.495943806,
        26.294668344,
        26.366219233
      ],
      "exit_codes": [
        0,
        0,
        0,
        0,
        0,
        0
      ]
    }
  ]
}
