{
  "results": [
    {
      "command": "change_chipyard_dualrocketconfig_dhrystone_signals_10_window_32us_trigger_signal",
      "mean": 0.250710333,
      "stddev": 0.023136142380767534,
      "median": 0.240075702,
      "user": 0.16803039999999997,
      "system": 0.06855739999999999,
      "min": 0.23884247400000003,
      "max": 0.29199703200000005,
      "times": [
        0.29199703200000005,
        0.243074377,
        0.23956208,
        0.23884247400000003,
        0.240075702
      ],
      "exit_codes": [
        0,
        0,
        0,
        0,
        0
      ]
    }
  ]
}
