{
  "results": [
    {
      "command": "change_picorv32_signals_10_window_32us_trigger_posedge_clk",
      "mean": 0.14094709600000002,
      "stddev": 0.0010790993700241466,
      "median": 0.141476607,
      "user": 0.0916398,
      "system": 0.0268116,
      "min": 0.139540953,
      "max": 0.142123038,
      "times": [
        0.139540953,
        0.141476607,
        0.141494782,
        0.1401001,
        0.142123038
      ],
      "exit_codes": [
        0,
        0,
        0,
        0,
        0
      ]
    }
  ]
}
