{
  "results": [
    {
      "command": "change_scr1_signals_100_window_2ns_trigger_signal",
      "mean": 0.19219248933333336,
      "stddev": 0.0022423150061115617,
      "median": 0.1917350345,
      "user": 0.14282733333333333,
      "system": 0.023696833333333334,
      "min": 0.189251483,
      "max": 0.19602206700000002,
      "times": [
        0.193042445,
        0.191683075,
        0.19136887200000002,
        0.189251483,
        0.19178699400000002,
        0.19602206700000002
      ],
      "exit_codes": [
        0,
        0,
        0,
        0,
        0,
        0
      ]
    }
  ]
}
