{
  "results": [
    {
      "command": "change_chipyard_dualrocketconfig_dhrystone_signals_10_window_32us_trigger_any",
      "mean": 0.18937954440000002,
      "stddev": 0.0008576805175834976,
      "median": 0.18946964300000002,
      "user": 0.12551479999999998,
      "system": 0.054325599999999995,
      "min": 0.188237486,
      "max": 0.190568651,
      "times": [
        0.18946964300000002,
        0.18963242800000002,
        0.18898951400000003,
        0.190568651,
        0.188237486
      ],
      "exit_codes": [
        0,
        0,
        0,
        0,
        0
      ]
    }
  ]
}
