{
  "results": [
    {
      "command": "change_chipyard_clusteredrocketconfig_dhrystone_signals_100_window_2us_trigger_posedge_clk",
      "mean": 0.29044187480000005,
      "stddev": 0.0010684112791573737,
      "median": 0.290902011,
      "user": 0.19974019999999998,
      "system": 0.076065,
      "min": 0.28880753200000003,
      "max": 0.291537036,
      "times": [
        0.290971656,
        0.290902011,
        0.291537036,
        0.289991139,
        0.28880753200000003
      ],
      "exit_codes": [
        0,
        0,
        0,
        0,
        0
      ]
    }
  ]
}
