{
  "results": [
    {
      "command": "change_picorv32_signals_100_window_8us_trigger_any",
      "mean": 0.38972150140000006,
      "stddev": 0.0013043949096551558,
      "median": 0.390102846,
      "user": 0.33078679999999994,
      "system": 0.0479452,
      "min": 0.38792597700000003,
      "max": 0.39115808300000005,
      "times": [
        0.390102846,
        0.38888191800000005,
        0.38792597700000003,
        0.39115808300000005,
        0.390538683
      ],
      "exit_codes": [
        0,
        0,
        0,
        0,
        0
      ]
    }
  ]
}
