{
  "results": [
    {
      "command": "change_chipyard_clusteredrocketconfig_dhrystone_signals_10_window_32us_trigger_posedge_clk",
      "mean": 0.2414712916,
      "stddev": 0.0018414860961147043,
      "median": 0.241288635,
      "user": 0.13666899999999998,
      "system": 0.056198399999999996,
      "min": 0.239751117,
      "max": 0.244416723,
      "times": [
        0.241772441,
        0.241288635,
        0.239751117,
        0.244416723,
        0.24012754200000003
      ],
      "exit_codes": [
        0,
        0,
        0,
        0,
        0
      ]
    }
  ]
}
