{
  "results": [
    {
      "command": "change_chipyard_dualrocketconfig_dhrystone_signals_10_pos_50_window_2000_trigger_signal",
      "mean": 1.0079261295555557,
      "stddev": 0.007563583250068762,
      "median": 1.007207828,
      "user": 0.9261853333333333,
      "system": 0.08131088888888888,
      "min": 0.9965952240000001,
      "max": 1.020301589,
      "times": [
        1.01238793,
        1.007207828,
        1.001288382,
        1.008769458,
        1.016687146,
        0.9965952240000001,
        1.020301589,
        1.005481231,
        1.002616378
      ],
      "exit_codes": [
        0,
        0,
        0,
        0,
        0,
        0,
        0,
        0,
        0
      ]
    }
  ]
}
