{
  "results": [
    {
      "command": "change_chipyard_dualrocketconfig_dhrystone_signals_100_window_32000000_trigger_signal",
      "mean": 300.039440766,
      "stddev": null,
      "median": 300.039440766,
      "user": 290.987219,
      "system": 9.346947,
      "min": 300.039440766,
      "max": 300.039440766,
      "times": [
        300.039440766
      ],
      "exit_codes": [
        0
      ]
    }
  ]
}
