{
  "results": [
    {
      "command": "change_chipyard_clusteredrocketconfig_dhrystone_signals_100_window_2us_trigger_posedge_clk",
      "mean": 0.29134030860000004,
      "stddev": 0.0008106196693988459,
      "median": 0.29147419900000004,
      "user": 0.19727199999999998,
      "system": 0.0815008,
      "min": 0.29052414600000004,
      "max": 0.29251624600000004,
      "times": [
        0.29052414600000004,
        0.29251624600000004,
        0.29147419900000004,
        0.291562351,
        0.29062460100000004
      ],
      "exit_codes": [
        0,
        0,
        0,
        0,
        0
      ]
    }
  ]
}
