{
  "results": [
    {
      "command": "change_scr1_coremark_imem_axi_1sig_to_1000ps",
      "mean": 0.07591670888888889,
      "stddev": 0.01797569131155041,
      "median": 0.08832028900000001,
      "user": 0.03557222222222222,
      "system": 0.023060222222222218,
      "min": 0.055097598000000005,
      "max": 0.09226184700000001,
      "times": [
        0.08832028900000001,
        0.091822073,
        0.058963207000000004,
        0.056211634,
        0.09226184700000001,
        0.057874785000000005,
        0.055097598000000005,
        0.091429575,
        0.091269372
      ],
      "exit_codes": [
        0,
        0,
        0,
        0,
        0,
        0,
        0,
        0,
        0
      ]
    }
  ]
}
