{
  "results": [
    {
      "command": "change_picorv32_signals_100_window_32us_trigger_any",
      "mean": 0.4107852804,
      "stddev": 0.02832415067525392,
      "median": 0.390628847,
      "user": 0.33824240000000005,
      "system": 0.046749,
      "min": 0.38957148,
      "max": 0.44224614300000004,
      "times": [
        0.390109523,
        0.390628847,
        0.38957148,
        0.441370409,
        0.44224614300000004
      ],
      "exit_codes": [
        0,
        0,
        0,
        0,
        0
      ]
    }
  ]
}
