{
  "results": [
    {
      "command": "change_chipyard_clusteredrocketconfig_dhrystone_signals_1_pos_50_window_4000_trigger_posedge_clk",
      "mean": 0.34473352566666665,
      "stddev": 0.005511742298549533,
      "median": 0.3442826015,
      "user": 0.2663813333333333,
      "system": 0.07807233333333331,
      "min": 0.33532322200000003,
      "max": 0.35449725600000004,
      "times": [
        0.34298800100000004,
        0.34448320200000004,
        0.35085283700000003,
        0.343528585,
        0.344082001,
        0.349347577,
        0.337954762,
        0.35449725600000004,
        0.339911047,
        0.33532322200000003,
        0.344938968,
        0.34889485000000003
      ],
      "exit_codes": [
        0,
        0,
        0,
        0,
        0,
        0,
        0,
        0,
        0,
        0,
        0,
        0
      ]
    }
  ]
}
