{
  "results": [
    {
      "command": "change_scr1_signals_10_window_8000_trigger_any",
      "mean": 0.691853571111111,
      "stddev": 0.001402096241180367,
      "median": 0.691941918,
      "user": 0.6221938888888888,
      "system": 0.030737222222222225,
      "min": 0.68976448,
      "max": 0.69385015,
      "times": [
        0.693039979,
        0.68976448,
        0.690045137,
        0.6911846770000001,
        0.69318417,
        0.691941918,
        0.69385015,
        0.691350008,
        0.692321621
      ],
      "exit_codes": [
        0,
        0,
        0,
        0,
        0,
        0,
        0,
        0,
        0
      ]
    }
  ]
}
