{
  "results": [
    {
      "command": "change_scr1_signals_10_window_2ns_trigger_signal",
      "mean": 0.055918582777777774,
      "stddev": 0.0008753406893616876,
      "median": 0.055903406,
      "user": 0.03685233333333334,
      "system": 0.015217555555555559,
      "min": 0.054700993,
      "max": 0.057340989,
      "times": [
        0.054700993,
        0.056721558000000005,
        0.055324952000000004,
        0.057340989,
        0.056401909,
        0.05634768800000001,
        0.055680588,
        0.054845162,
        0.055903406
      ],
      "exit_codes": [
        0,
        0,
        0,
        0,
        0,
        0,
        0,
        0,
        0
      ]
    }
  ]
}
