{
  "results": [
    {
      "command": "change_scr1_signals_100_window_4ns_trigger_posedge_clk",
      "mean": 0.19278867783333334,
      "stddev": 0.0012874812733091484,
      "median": 0.192753173,
      "user": 0.13814099999999999,
      "system": 0.026053666666666666,
      "min": 0.19110273200000003,
      "max": 0.194157513,
      "times": [
        0.193455658,
        0.194157513,
        0.19410236,
        0.191863116,
        0.19205068800000002,
        0.19110273200000003
      ],
      "exit_codes": [
        0,
        0,
        0,
        0,
        0,
        0
      ]
    }
  ]
}
