{
  "results": [
    {
      "command": "change_chipyard_clusteredrocketconfig_dhrystone_signals_10_window_8us_trigger_posedge_clk",
      "mean": 0.28052171560000005,
      "stddev": 0.022999672699636788,
      "median": 0.290709492,
      "user": 0.17102559999999997,
      "system": 0.07138660000000001,
      "min": 0.239398522,
      "max": 0.291434844,
      "times": [
        0.239398522,
        0.29139586100000003,
        0.290709492,
        0.291434844,
        0.28966985900000003
      ],
      "exit_codes": [
        0,
        0,
        0,
        0,
        0
      ]
    }
  ]
}
