{
  "results": [
    {
      "command": "change_scr1_signals_10_window_8ns_trigger_posedge_clk",
      "mean": 0.05711878777777779,
      "stddev": 0.0014845123362454567,
      "median": 0.056807034000000006,
      "user": 0.03815188888888888,
      "system": 0.015505888888888887,
      "min": 0.055202890000000004,
      "max": 0.060510799000000004,
      "times": [
        0.05625721400000001,
        0.056691427,
        0.055202890000000004,
        0.056807034000000006,
        0.056253759,
        0.057555526,
        0.057807427,
        0.060510799000000004,
        0.056983014000000005
      ],
      "exit_codes": [
        0,
        0,
        0,
        0,
        0,
        0,
        0,
        0,
        0
      ]
    }
  ]
}
