{
  "results": [
    {
      "command": "change_picorv32_signals_100_window_32us_trigger_signal",
      "mean": 0.4001453132,
      "stddev": 0.023153672461193747,
      "median": 0.390289196,
      "user": 0.3380598,
      "system": 0.05089819999999999,
      "min": 0.388308665,
      "max": 0.44151366500000006,
      "times": [
        0.44151366500000006,
        0.390289196,
        0.391360142,
        0.389254898,
        0.388308665
      ],
      "exit_codes": [
        0,
        0,
        0,
        0,
        0
      ]
    }
  ]
}
