{
  "results": [
    {
      "command": "info_picorv32_ez",
      "mean": 0.0259426768,
      "stddev": 0.0015722317676444455,
      "median": 0.026336264,
      "user": 0.016922299999999998,
      "system": 0.007438350000000001,
      "min": 0.021262511,
      "max": 0.028888315,
      "times": [
        0.026435510000000002,
        0.026908017000000003,
        0.026729262,
        0.024991319,
        0.027704182,
        0.026380948,
        0.025506897,
        0.027475512,
        0.02491163,
        0.026699616000000002,
        0.024932309000000003,
        0.026337697,
        0.024241723000000003,
        0.025097559000000002,
        0.025301732,
        0.026334831000000003,
        0.021262511,
        0.028888315,
        0.025844972,
        0.026868994
      ],
      "exit_codes": [
        0,
        0,
        0,
        0,
        0,
        0,
        0,
        0,
        0,
        0,
        0,
        0,
        0,
        0,
        0,
        0,
        0,
        0,
        0,
        0
      ]
    }
  ]
}
