{
  "results": [
    {
      "command": "info_scr1",
      "mean": 0.04377714085000001,
      "stddev": 0.0071281988758237,
      "median": 0.040657278500000005,
      "user": 0.0240685,
      "system": 0.016055550000000002,
      "min": 0.038236854,
      "max": 0.058087638000000004,
      "times": [
        0.040807069,
        0.039310014000000004,
        0.039754698000000005,
        0.038236854,
        0.039362482000000004,
        0.040211213,
        0.05761426100000001,
        0.041167464,
        0.039531840000000006,
        0.04009233,
        0.057998190000000005,
        0.040507488,
        0.040299037,
        0.056491147000000005,
        0.040122157000000006,
        0.058087638000000004,
        0.04130392,
        0.042655463000000005,
        0.041013015,
        0.040976537
      ],
      "exit_codes": [
        0,
        0,
        0,
        0,
        0,
        0,
        0,
        0,
        0,
        0,
        0,
        0,
        0,
        0,
        0,
        0,
        0,
        0,
        0,
        0
      ]
    }
  ]
}
