{
  "results": [
    {
      "command": "info_scr1_isr_sample",
      "mean": 0.02730134085,
      "stddev": 0.0012038319184343351,
      "median": 0.027182935000000002,
      "user": 0.018073199999999998,
      "system": 0.0081465,
      "min": 0.025361652000000002,
      "max": 0.030144231,
      "times": [
        0.028330343,
        0.027663673000000003,
        0.027388213,
        0.026940877000000002,
        0.030144231,
        0.027543556,
        0.027007513,
        0.02797397,
        0.026979721,
        0.027364848,
        0.026745307000000003,
        0.030014586000000003,
        0.026003085000000002,
        0.027786114,
        0.026172244,
        0.026305156000000003,
        0.025361652000000002,
        0.026929716000000003,
        0.026013655,
        0.027358357000000003
      ],
      "exit_codes": [
        0,
        0,
        0,
        0,
        0,
        0,
        0,
        0,
        0,
        0,
        0,
        0,
        0,
        0,
        0,
        0,
        0,
        0,
        0,
        0
      ]
    }
  ]
}
