{
  "results": [
    {
      "command": "info_scr1_riscv_compliance",
      "mean": 0.0319227963,
      "stddev": 0.0020176128715539876,
      "median": 0.0314887725,
      "user": 0.020000650000000002,
      "system": 0.0104241,
      "min": 0.030131798,
      "max": 0.039853071000000004,
      "times": [
        0.030732422000000002,
        0.030131798,
        0.030140394,
        0.031504412,
        0.031473133,
        0.031135345000000002,
        0.031675676,
        0.030904017000000002,
        0.031343367000000004,
        0.030661669000000003,
        0.031691346,
        0.032264368,
        0.031426525000000004,
        0.032256604,
        0.031855566,
        0.032894018000000004,
        0.031370509000000005,
        0.032643004,
        0.039853071000000004,
        0.032498682
      ],
      "exit_codes": [
        0,
        0,
        0,
        0,
        0,
        0,
        0,
        0,
        0,
        0,
        0,
        0,
        0,
        0,
        0,
        0,
        0,
        0,
        0,
        0
      ]
    }
  ]
}
