{
  "results": [
    {
      "command": "info_chipyard_dualrocket_dhrystone",
      "mean": 0.09084270219999999,
      "stddev": 0.0013978189318441644,
      "median": 0.0909402725,
      "user": 0.03951364999999999,
      "system": 0.031882200000000006,
      "min": 0.08692645,
      "max": 0.093012986,
      "times": [
        0.092441641,
        0.09031776700000001,
        0.091822943,
        0.091639939,
        0.090624626,
        0.091170182,
        0.09266244500000001,
        0.08692645,
        0.089347747,
        0.090679196,
        0.091306064,
        0.093012986,
        0.089605787,
        0.091283128,
        0.089923126,
        0.09117460000000001,
        0.090551593,
        0.090710363,
        0.089426159,
        0.09222730200000001
      ],
      "exit_codes": [
        0,
        0,
        0,
        0,
        0,
        0,
        0,
        0,
        0,
        0,
        0,
        0,
        0,
        0,
        0,
        0,
        0,
        0,
        0,
        0
      ]
    }
  ]
}
