{
  "results": [
    {
      "command": "info_picorv32_ez",
      "mean": 0.027235658350000008,
      "stddev": 0.0018922630274261637,
      "median": 0.0274268395,
      "user": 0.018265250000000004,
      "system": 0.007479150000000001,
      "min": 0.023442618000000002,
      "max": 0.031089287000000004,
      "times": [
        0.026909901,
        0.026933286,
        0.028279205,
        0.025161678000000003,
        0.025513977,
        0.030389568000000002,
        0.028663696000000002,
        0.026160798000000002,
        0.023442618000000002,
        0.029150918,
        0.027359294000000003,
        0.026429943,
        0.028668144000000003,
        0.027634598000000003,
        0.027515175000000003,
        0.027494385000000003,
        0.024736752,
        0.02788105,
        0.025298894000000002,
        0.031089287000000004
      ],
      "exit_codes": [
        0,
        0,
        0,
        0,
        0,
        0,
        0,
        0,
        0,
        0,
        0,
        0,
        0,
        0,
        0,
        0,
        0,
        0,
        0,
        0
      ]
    }
  ]
}
