{
  "results": [
    {
      "command": "info_scr1",
      "mean": 0.0469532009,
      "stddev": 0.008631257880462566,
      "median": 0.0412821115,
      "user": 0.023988549999999997,
      "system": 0.0169727,
      "min": 0.039492899000000005,
      "max": 0.059346221000000005,
      "times": [
        0.039865163,
        0.057151071000000005,
        0.059346221000000005,
        0.059122407,
        0.041395476,
        0.040349909,
        0.040647962,
        0.040390185,
        0.057574493000000004,
        0.040829846,
        0.058036766000000004,
        0.04075186,
        0.040532664,
        0.041168747000000006,
        0.042414912000000006,
        0.058890500000000005,
        0.041437815,
        0.039492899000000005,
        0.058498429000000005,
        0.041166693000000004
      ],
      "exit_codes": [
        0,
        0,
        0,
        0,
        0,
        0,
        0,
        0,
        0,
        0,
        0,
        0,
        0,
        0,
        0,
        0,
        0,
        0,
        0,
        0
      ]
    }
  ]
}
