{
  "results": [
    {
      "command": "info_picorv32_ez",
      "mean": 0.027271748500000005,
      "stddev": 0.0011447174479554004,
      "median": 0.027420944000000003,
      "user": 0.017688749999999996,
      "system": 0.00789,
      "min": 0.024641251000000003,
      "max": 0.029724678,
      "times": [
        0.025586036000000003,
        0.028045365000000003,
        0.029069139,
        0.026492419000000003,
        0.027494303,
        0.029724678,
        0.027006962000000002,
        0.026859684,
        0.02724431,
        0.026929885,
        0.027880642,
        0.024641251000000003,
        0.025526614000000003,
        0.027606404,
        0.027309664,
        0.027837621000000003,
        0.027363365,
        0.027497408,
        0.027478523,
        0.027840697
      ],
      "exit_codes": [
        0,
        0,
        0,
        0,
        0,
        0,
        0,
        0,
        0,
        0,
        0,
        0,
        0,
        0,
        0,
        0,
        0,
        0,
        0,
        0
      ]
    }
  ]
}
