{
  "results": [
    {
      "command": "info_chipyard_dualrocket_dhrystone",
      "mean": 0.09088632355000001,
      "stddev": 0.001556449176386955,
      "median": 0.09087870950000002,
      "user": 0.038444450000000005,
      "system": 0.03309474999999999,
      "min": 0.088103663,
      "max": 0.09387392800000001,
      "times": [
        0.091504762,
        0.08842775900000001,
        0.09208104,
        0.09251524400000001,
        0.08998748100000001,
        0.090868971,
        0.09074036,
        0.09107561800000001,
        0.09088844800000001,
        0.090480113,
        0.088858927,
        0.09092758100000001,
        0.091805806,
        0.09318641000000001,
        0.092729856,
        0.090573287,
        0.088103663,
        0.08904980400000001,
        0.09387392800000001,
        0.090047413
      ],
      "exit_codes": [
        0,
        0,
        0,
        0,
        0,
        0,
        0,
        0,
        0,
        0,
        0,
        0,
        0,
        0,
        0,
        0,
        0,
        0,
        0,
        0
      ]
    }
  ]
}
