{
  "results": [
    {
      "command": "info_scr1",
      "mean": 0.0149261689,
      "stddev": 0.0007230287550072665,
      "median": 0.0150498165,
      "user": 0.0046536500000000005,
      "system": 0.010109100000000001,
      "min": 0.013646620000000002,
      "max": 0.016270941,
      "times": [
        0.013646620000000002,
        0.013975727,
        0.015131204,
        0.015115765000000001,
        0.015093544,
        0.015716091,
        0.014407808000000001,
        0.014586272,
        0.015466202000000002,
        0.014660912000000002,
        0.016270941,
        0.015814104000000002,
        0.015207637000000001,
        0.014948752000000001,
        0.015255928,
        0.015935372,
        0.015006089,
        0.013950539000000001,
        0.014188556000000001,
        0.014145315
      ],
      "exit_codes": [
        0,
        0,
        0,
        0,
        0,
        0,
        0,
        0,
        0,
        0,
        0,
        0,
        0,
        0,
        0,
        0,
        0,
        0,
        0,
        0
      ]
    }
  ]
}
