{
  "results": [
    {
      "command": "info_picorv32",
      "mean": 0.043757531050000006,
      "stddev": 0.006810777986386961,
      "median": 0.041025904,
      "user": 0.024456299999999993,
      "system": 0.015881649999999997,
      "min": 0.03865276,
      "max": 0.062864232,
      "times": [
        0.042722683000000004,
        0.041035271000000005,
        0.039911939,
        0.057196088000000006,
        0.043147959,
        0.040614853,
        0.040675774000000005,
        0.057099002,
        0.04005492,
        0.062864232,
        0.040236041,
        0.042094024,
        0.04162076,
        0.039366683,
        0.042646574,
        0.039623041000000005,
        0.03865276,
        0.041016537000000006,
        0.040594436000000005,
        0.043977044
      ],
      "exit_codes": [
        0,
        0,
        0,
        0,
        0,
        0,
        0,
        0,
        0,
        0,
        0,
        0,
        0,
        0,
        0,
        0,
        0,
        0,
        0,
        0
      ]
    }
  ]
}
