{
  "results": [
    {
      "command": "info_chipyard_clustered_mt_memcpy",
      "mean": 0.1898549338,
      "stddev": 0.0016913971023306397,
      "median": 0.1901663385,
      "user": 0.07564709999999998,
      "system": 0.08265654999999998,
      "min": 0.185641584,
      "max": 0.192423104,
      "times": [
        0.19147329100000002,
        0.191401336,
        0.191020652,
        0.190981178,
        0.190766035,
        0.190611053,
        0.191567078,
        0.189465623,
        0.188088258,
        0.18906676500000003,
        0.18943264,
        0.18797112700000002,
        0.19077681300000002,
        0.192423104,
        0.191326356,
        0.189721624,
        0.188289857,
        0.185641584,
        0.187682587,
        0.18939171500000002
      ],
      "exit_codes": [
        0,
        0,
        0,
        0,
        0,
        0,
        0,
        0,
        0,
        0,
        0,
        0,
        0,
        0,
        0,
        0,
        0,
        0,
        0,
        0
      ]
    }
  ]
}
