{
  "results": [
    {
      "command": "info_chipyard_clustered_mt_memcpy",
      "mean": 0.19062724409999998,
      "stddev": 0.001798906364656004,
      "median": 0.19081025350000003,
      "user": 0.07537835,
      "system": 0.09579475,
      "min": 0.187081575,
      "max": 0.193603766,
      "times": [
        0.188868426,
        0.18809783100000002,
        0.190496416,
        0.18866907000000002,
        0.18945495,
        0.19191338300000002,
        0.189906399,
        0.192712447,
        0.191828297,
        0.191873961,
        0.191564917,
        0.19030311000000003,
        0.187081575,
        0.19112409100000002,
        0.19126837400000002,
        0.189650476,
        0.18863634,
        0.192368915,
        0.193122138,
        0.193603766
      ],
      "exit_codes": [
        0,
        0,
        0,
        0,
        0,
        0,
        0,
        0,
        0,
        0,
        0,
        0,
        0,
        0,
        0,
        0,
        0,
        0,
        0,
        0
      ]
    }
  ]
}
