{
  "results": [
    {
      "command": "info_chipyard_clustered_dhrystone",
      "mean": 0.08854733160000001,
      "stddev": 0.0008271115432517275,
      "median": 0.08857651400000001,
      "user": 0.0431362,
      "system": 0.035719100000000004,
      "min": 0.086681724,
      "max": 0.09030713700000001,
      "times": [
        0.08859138200000001,
        0.088610989,
        0.08848890000000001,
        0.086681724,
        0.088162849,
        0.088311308,
        0.088205659,
        0.088740622,
        0.08769855900000001,
        0.087835145,
        0.088805824,
        0.08917719,
        0.088609957,
        0.09030713700000001,
        0.088298103,
        0.08944437100000001,
        0.08856164600000001,
        0.090172815,
        0.08861432500000001,
        0.087628127
      ],
      "exit_codes": [
        0,
        0,
        0,
        0,
        0,
        0,
        0,
        0,
        0,
        0,
        0,
        0,
        0,
        0,
        0,
        0,
        0,
        0,
        0,
        0
      ]
    }
  ]
}
