{
  "results": [
    {
      "command": "info_chipyard_dualrocket_dhrystone",
      "mean": 0.08933513445,
      "stddev": 0.001225666355531834,
      "median": 0.0892473455,
      "user": 0.037329299999999996,
      "system": 0.03032595,
      "min": 0.086847516,
      "max": 0.09176028700000001,
      "times": [
        0.09003469800000001,
        0.089017709,
        0.087316275,
        0.089002461,
        0.09003870500000001,
        0.089532044,
        0.08895406,
        0.089873636,
        0.08951104500000001,
        0.088992371,
        0.09176028700000001,
        0.09068605,
        0.08910804900000001,
        0.089386642,
        0.088256501,
        0.08910163600000001,
        0.09008988200000001,
        0.086847516,
        0.087755941,
        0.091437181
      ],
      "exit_codes": [
        0,
        0,
        0,
        0,
        0,
        0,
        0,
        0,
        0,
        0,
        0,
        0,
        0,
        0,
        0,
        0,
        0,
        0,
        0,
        0
      ]
    }
  ]
}
