{
  "results": [
    {
      "command": "info_picorv32",
      "mean": 0.0442541825,
      "stddev": 0.0072507137027326045,
      "median": 0.0417185935,
      "user": 0.0249886,
      "system": 0.015863099999999998,
      "min": 0.040117703000000005,
      "max": 0.066216225,
      "times": [
        0.042382235000000004,
        0.041745008,
        0.040382690000000006,
        0.042031836,
        0.040453383,
        0.058627784,
        0.040737956000000006,
        0.056706196,
        0.041494108,
        0.042344203000000004,
        0.040536518,
        0.043454429,
        0.040245923,
        0.042434603,
        0.040117703000000005,
        0.041203762000000005,
        0.040481255,
        0.041795654,
        0.066216225,
        0.041692179
      ],
      "exit_codes": [
        0,
        0,
        0,
        0,
        0,
        0,
        0,
        0,
        0,
        0,
        0,
        0,
        0,
        0,
        0,
        0,
        0,
        0,
        0,
        0
      ]
    }
  ]
}
