{
  "results": [
    {
      "command": "info_chipyard_clustered_mt_memcpy",
      "mean": 0.19076716065000004,
      "stddev": 0.001824657495346927,
      "median": 0.190210033,
      "user": 0.0778853,
      "system": 0.09223600000000001,
      "min": 0.188812122,
      "max": 0.19729704,
      "times": [
        0.19068162000000002,
        0.19101541100000002,
        0.189532379,
        0.189763486,
        0.189444894,
        0.189582465,
        0.18984024300000002,
        0.190170317,
        0.190083253,
        0.19060858500000002,
        0.19132822600000002,
        0.19192639800000003,
        0.19108239200000002,
        0.189917932,
        0.188812122,
        0.19024974900000002,
        0.189830158,
        0.19103472500000002,
        0.19314181800000002,
        0.19729704
      ],
      "exit_codes": [
        0,
        0,
        0,
        0,
        0,
        0,
        0,
        0,
        0,
        0,
        0,
        0,
        0,
        0,
        0,
        0,
        0,
        0,
        0,
        0
      ]
    }
  ]
}
