{
  "results": [
    {
      "command": "info_scr1_isr_sample",
      "mean": 0.028882928350000003,
      "stddev": 0.0017047417975582502,
      "median": 0.0289438785,
      "user": 0.019234849999999994,
      "system": 0.008515400000000001,
      "min": 0.025800648000000002,
      "max": 0.031768338,
      "times": [
        0.026921039,
        0.029952683,
        0.027087293000000002,
        0.027594531000000002,
        0.029100645,
        0.031356501,
        0.029953846000000003,
        0.030195908,
        0.028637855,
        0.025800648000000002,
        0.031211298000000002,
        0.029802711000000003,
        0.027640896,
        0.028233791,
        0.027472898000000003,
        0.031768338,
        0.028787112,
        0.030349361000000002,
        0.029325207000000002,
        0.026466006
      ],
      "exit_codes": [
        0,
        0,
        0,
        0,
        0,
        0,
        0,
        0,
        0,
        0,
        0,
        0,
        0,
        0,
        0,
        0,
        0,
        0,
        0,
        0
      ]
    }
  ]
}
