{
  "results": [
    {
      "command": "info_chipyard_clustered_mt_memcpy",
      "mean": 0.18962690295,
      "stddev": 0.0018153689455470445,
      "median": 0.18961125350000002,
      "user": 0.07975820000000002,
      "system": 0.0914422,
      "min": 0.186517239,
      "max": 0.19388897300000002,
      "times": [
        0.190968504,
        0.190299181,
        0.190067557,
        0.19388897300000002,
        0.186517239,
        0.187503617,
        0.18676420200000002,
        0.18882420900000002,
        0.188187598,
        0.190731021,
        0.189505635,
        0.19068826100000003,
        0.19294866300000002,
        0.189025406,
        0.189842107,
        0.189716872,
        0.188651969,
        0.188650756,
        0.19061127700000002,
        0.189145012
      ],
      "exit_codes": [
        0,
        0,
        0,
        0,
        0,
        0,
        0,
        0,
        0,
        0,
        0,
        0,
        0,
        0,
        0,
        0,
        0,
        0,
        0,
        0
      ]
    }
  ]
}
