{
  "results": [
    {
      "command": "info_scr1_isr_sample",
      "mean": 0.02910323775,
      "stddev": 0.0013404584219668593,
      "median": 0.02876698,
      "user": 0.020623049999999997,
      "system": 0.0075526,
      "min": 0.026785003,
      "max": 0.032368890000000004,
      "times": [
        0.032368890000000004,
        0.030299523000000002,
        0.027302044,
        0.028762887,
        0.02853017,
        0.026785003,
        0.028690752000000003,
        0.029266313000000002,
        0.030272443000000003,
        0.031798509,
        0.029797461,
        0.028826367000000002,
        0.028479886000000003,
        0.028771073,
        0.028785129000000003,
        0.028677397,
        0.027687518,
        0.029700579,
        0.028689600000000003,
        0.028573211
      ],
      "exit_codes": [
        0,
        0,
        0,
        0,
        0,
        0,
        0,
        0,
        0,
        0,
        0,
        0,
        0,
        0,
        0,
        0,
        0,
        0,
        0,
        0
      ]
    }
  ]
}
