{
  "results": [
    {
      "command": "info_chipyard_dualrocket_dhrystone",
      "mean": 0.08962194315000002,
      "stddev": 0.0010146755163991203,
      "median": 0.089415481,
      "user": 0.03708305,
      "system": 0.03240445000000001,
      "min": 0.088220246,
      "max": 0.091288436,
      "times": [
        0.090097034,
        0.088596562,
        0.08925342300000001,
        0.089522537,
        0.088902195,
        0.08974525400000001,
        0.091288436,
        0.09015719600000001,
        0.08930842500000001,
        0.0889263,
        0.089162552,
        0.091036764,
        0.09110370000000001,
        0.09061427200000001,
        0.088607161,
        0.088392129,
        0.09049377700000001,
        0.090784612,
        0.088220246,
        0.088226288
      ],
      "exit_codes": [
        0,
        0,
        0,
        0,
        0,
        0,
        0,
        0,
        0,
        0,
        0,
        0,
        0,
        0,
        0,
        0,
        0,
        0,
        0,
        0
      ]
    }
  ]
}
