{
  "results": [
    {
      "command": "info_scr1_isr_sample",
      "mean": 0.02648702,
      "stddev": 0.0017224677713848443,
      "median": 0.026225025000000003,
      "user": 0.017901999999999998,
      "system": 0.0072460499999999995,
      "min": 0.024093484000000002,
      "max": 0.031603551,
      "times": [
        0.026142249000000003,
        0.026311557000000003,
        0.024923623000000002,
        0.027561123000000003,
        0.025203548000000003,
        0.026265932000000002,
        0.024093484000000002,
        0.026184118000000003,
        0.024386555,
        0.031603551,
        0.026880435,
        0.025329244,
        0.025696764,
        0.025476791000000002,
        0.026704726,
        0.026475446000000003,
        0.029043134,
        0.028060721,
        0.025643244000000003,
        0.027754155000000003
      ],
      "exit_codes": [
        0,
        0,
        0,
        0,
        0,
        0,
        0,
        0,
        0,
        0,
        0,
        0,
        0,
        0,
        0,
        0,
        0,
        0,
        0,
        0
      ]
    }
  ]
}
