{
  "results": [
    {
      "command": "info_scr1_riscv_compliance",
      "mean": 0.006768724500000001,
      "stddev": 0.0006433496913281708,
      "median": 0.0067864955,
      "user": 0.00229685,
      "system": 0.0043467,
      "min": 0.005410025000000001,
      "max": 0.008111281,
      "times": [
        0.007239224000000001,
        0.006506280000000001,
        0.007314946,
        0.006737123,
        0.005410025000000001,
        0.006390593,
        0.005884285,
        0.006673694000000001,
        0.005857564,
        0.0067217940000000006,
        0.007053236,
        0.0069306260000000005,
        0.007829422,
        0.006449304,
        0.007177028,
        0.008111281,
        0.006835868,
        0.007111065000000001,
        0.006289434,
        0.006851698000000001
      ],
      "exit_codes": [
        0,
        0,
        0,
        0,
        0,
        0,
        0,
        0,
        0,
        0,
        0,
        0,
        0,
        0,
        0,
        0,
        0,
        0,
        0,
        0
      ]
    }
  ]
}
