{
  "results": [
    {
      "command": "info_picorv32_ez",
      "mean": 0.028710586200000006,
      "stddev": 0.0012817040747224234,
      "median": 0.028524259000000003,
      "user": 0.019733900000000006,
      "system": 0.007435849999999999,
      "min": 0.027031055000000002,
      "max": 0.031592381,
      "times": [
        0.031592381,
        0.029954706,
        0.029121301000000002,
        0.028229776,
        0.027031055000000002,
        0.030771289,
        0.027216283,
        0.028017417000000003,
        0.030266902000000002,
        0.027203269000000002,
        0.028645827000000002,
        0.027808465,
        0.027812493,
        0.02813024,
        0.029343498000000003,
        0.027093492,
        0.029845160000000003,
        0.028611914000000002,
        0.028436604,
        0.029079652
      ],
      "exit_codes": [
        0,
        0,
        0,
        0,
        0,
        0,
        0,
        0,
        0,
        0,
        0,
        0,
        0,
        0,
        0,
        0,
        0,
        0,
        0,
        0
      ]
    }
  ]
}
