{
  "results": [
    {
      "command": "info_scr1",
      "mean": 0.04684232530000001,
      "stddev": 0.008611626068963272,
      "median": 0.04160131,
      "user": 0.022933299999999997,
      "system": 0.018049500000000003,
      "min": 0.039288152,
      "max": 0.062156734000000005,
      "times": [
        0.040292278,
        0.057896291,
        0.040353039,
        0.056041570000000006,
        0.039288152,
        0.040719879,
        0.059073611000000005,
        0.039858678,
        0.042054984000000004,
        0.041319309000000005,
        0.062156734000000005,
        0.058973012000000005,
        0.05583873,
        0.039598382,
        0.040295246,
        0.056723057,
        0.043259217,
        0.040905973000000005,
        0.041883311,
        0.040315053
      ],
      "exit_codes": [
        0,
        0,
        0,
        0,
        0,
        0,
        0,
        0,
        0,
        0,
        0,
        0,
        0,
        0,
        0,
        0,
        0,
        0,
        0,
        0
      ]
    }
  ]
}
