{
  "results": [
    {
      "command": "info_scr1",
      "mean": 0.0482564937,
      "stddev": 0.009111284459218437,
      "median": 0.0427541415,
      "user": 0.023139250000000004,
      "system": 0.017732849999999998,
      "min": 0.038986837,
      "max": 0.060606903000000004,
      "times": [
        0.040226298,
        0.056013712,
        0.058537497,
        0.058756277,
        0.038986837,
        0.043028465,
        0.058472295,
        0.042479818,
        0.039569188000000005,
        0.057945098,
        0.039861374000000005,
        0.039140775,
        0.039818414,
        0.039498104,
        0.05776272700000001,
        0.040368474,
        0.056303404,
        0.040384995,
        0.057369219000000006,
        0.060606903000000004
      ],
      "exit_codes": [
        0,
        0,
        0,
        0,
        0,
        0,
        0,
        0,
        0,
        0,
        0,
        0,
        0,
        0,
        0,
        0,
        0,
        0,
        0,
        0
      ]
    }
  ]
}
