{
  "results": [
    {
      "command": "info_scr1_riscv_compliance",
      "mean": 0.03212793740000001,
      "stddev": 0.002203693195881151,
      "median": 0.031378127500000005,
      "user": 0.019872900000000002,
      "system": 0.010900449999999999,
      "min": 0.030214482,
      "max": 0.040389437,
      "times": [
        0.033005953000000005,
        0.030814386000000003,
        0.033008257,
        0.030802353,
        0.030934481000000003,
        0.031280840000000004,
        0.032184464,
        0.031475415,
        0.030960059,
        0.030870181000000003,
        0.031971214000000005,
        0.030214482,
        0.040389437,
        0.030468408000000002,
        0.033313199,
        0.031179480000000002,
        0.031157118,
        0.032305039,
        0.034065007,
        0.032158975
      ],
      "exit_codes": [
        0,
        0,
        0,
        0,
        0,
        0,
        0,
        0,
        0,
        0,
        0,
        0,
        0,
        0,
        0,
        0,
        0,
        0,
        0,
        0
      ]
    }
  ]
}
