{
  "results": [
    {
      "command": "info_scr1_isr_sample",
      "mean": 0.0272931071,
      "stddev": 0.0015366887625861724,
      "median": 0.027204838500000002,
      "user": 0.018537199999999997,
      "system": 0.007400749999999998,
      "min": 0.025446669,
      "max": 0.031781819,
      "times": [
        0.026143604,
        0.025969629,
        0.0278913,
        0.026400547000000003,
        0.02854794,
        0.025474982,
        0.027988522000000002,
        0.027543347000000003,
        0.028308751,
        0.029864516,
        0.025843853,
        0.031781819,
        0.0266697,
        0.027251742000000002,
        0.027222767000000002,
        0.026607524,
        0.025446669,
        0.027432429,
        0.02718691,
        0.026285591
      ],
      "exit_codes": [
        0,
        0,
        0,
        0,
        0,
        0,
        0,
        0,
        0,
        0,
        0,
        0,
        0,
        0,
        0,
        0,
        0,
        0,
        0,
        0
      ]
    }
  ]
}
