{
  "results": [
    {
      "command": "info_scr1_riscv_compliance",
      "mean": 0.0347480784,
      "stddev": 0.0034257656745568634,
      "median": 0.0332286995,
      "user": 0.021374899999999995,
      "system": 0.0113785,
      "min": 0.031706526,
      "max": 0.042206114,
      "times": [
        0.033136471,
        0.034527915,
        0.041196518,
        0.040257815,
        0.042206114,
        0.040880004000000005,
        0.033064947000000004,
        0.031748765000000005,
        0.031885752,
        0.035383972,
        0.032413363,
        0.034311799000000004,
        0.032162532,
        0.034059014000000006,
        0.032632174,
        0.031706526,
        0.033858688000000005,
        0.033071800000000005,
        0.033218986,
        0.033238413
      ],
      "exit_codes": [
        0,
        0,
        0,
        0,
        0,
        0,
        0,
        0,
        0,
        0,
        0,
        0,
        0,
        0,
        0,
        0,
        0,
        0,
        0,
        0
      ]
    }
  ]
}
