{
  "results": [
    {
      "command": "info_scr1_isr_sample",
      "mean": 0.028245700050000006,
      "stddev": 0.001634792620230741,
      "median": 0.0275442995,
      "user": 0.01790605,
      "system": 0.009274,
      "min": 0.026003294000000003,
      "max": 0.03119221,
      "times": [
        0.027081052,
        0.027719357,
        0.028718489000000003,
        0.028945073,
        0.029959492,
        0.03119221,
        0.027975316,
        0.026989461000000003,
        0.027369242000000002,
        0.026484315,
        0.026003294000000003,
        0.030114382000000002,
        0.027297969000000002,
        0.026818320000000003,
        0.029661033000000003,
        0.026553464000000002,
        0.030940279,
        0.030620280000000003,
        0.027116849000000002,
        0.027354124
      ],
      "exit_codes": [
        0,
        0,
        0,
        0,
        0,
        0,
        0,
        0,
        0,
        0,
        0,
        0,
        0,
        0,
        0,
        0,
        0,
        0,
        0,
        0
      ]
    }
  ]
}
