{
  "results": [
    {
      "command": "info_picorv32",
      "mean": 0.04638956860000001,
      "stddev": 0.008259082589075366,
      "median": 0.041851120000000006,
      "user": 0.025387349999999996,
      "system": 0.01525665,
      "min": 0.039097153,
      "max": 0.059969128000000003,
      "times": [
        0.056136331000000005,
        0.059171625000000005,
        0.04160508,
        0.058004039,
        0.041868833,
        0.059969128000000003,
        0.042012212,
        0.040746953,
        0.040384844,
        0.042013925,
        0.041785277,
        0.040827955,
        0.058179287,
        0.041225348,
        0.059958388,
        0.042223568,
        0.041648000000000004,
        0.039097153,
        0.041833407,
        0.039100019
      ],
      "exit_codes": [
        0,
        0,
        0,
        0,
        0,
        0,
        0,
        0,
        0,
        0,
        0,
        0,
        0,
        0,
        0,
        0,
        0,
        0,
        0,
        0
      ]
    }
  ]
}
