{
  "results": [
    {
      "command": "info_scr1_riscv_compliance",
      "mean": 0.03254186795,
      "stddev": 0.0030518455169698546,
      "median": 0.031290049,
      "user": 0.02005235,
      "system": 0.0108478,
      "min": 0.030023525000000002,
      "max": 0.042071309,
      "times": [
        0.030704581,
        0.039554033,
        0.03230539,
        0.030950952,
        0.032243628,
        0.03115172,
        0.030742150000000003,
        0.030023525000000002,
        0.033541903000000005,
        0.031097189,
        0.031115002000000003,
        0.034524110000000004,
        0.030423847,
        0.031324275,
        0.042071309,
        0.03223997,
        0.032545921000000005,
        0.030998973000000003,
        0.032023058,
        0.031255823
      ],
      "exit_codes": [
        0,
        0,
        0,
        0,
        0,
        0,
        0,
        0,
        0,
        0,
        0,
        0,
        0,
        0,
        0,
        0,
        0,
        0,
        0,
        0
      ]
    }
  ]
}
