{
  "results": [
    {
      "command": "info_scr1_riscv_compliance",
      "mean": 0.032885723650000004,
      "stddev": 0.0030022027244820428,
      "median": 0.032352654,
      "user": 0.020435750000000003,
      "system": 0.01082365,
      "min": 0.029949914,
      "max": 0.04111944,
      "times": [
        0.029980763,
        0.032476485,
        0.03097294,
        0.032853753,
        0.033664771,
        0.04111944,
        0.030139099000000003,
        0.032234122000000004,
        0.031169017,
        0.032491534,
        0.034696703,
        0.032471186,
        0.031740418,
        0.034406941,
        0.031073829,
        0.031303950000000004,
        0.033404554,
        0.031255951000000004,
        0.029949914,
        0.040309103000000006
      ],
      "exit_codes": [
        0,
        0,
        0,
        0,
        0,
        0,
        0,
        0,
        0,
        0,
        0,
        0,
        0,
        0,
        0,
        0,
        0,
        0,
        0,
        0
      ]
    }
  ]
}
