{
  "results": [
    {
      "command": "info_chipyard_clustered_mt_memcpy",
      "mean": 0.19055331690000002,
      "stddev": 0.0010978787505110863,
      "median": 0.190654591,
      "user": 0.07840665,
      "system": 0.08596459999999999,
      "min": 0.188350559,
      "max": 0.193259216,
      "times": [
        0.190849652,
        0.190649847,
        0.193259216,
        0.19063142200000002,
        0.190781263,
        0.189998457,
        0.188350559,
        0.191214095,
        0.19027253000000002,
        0.190047649,
        0.190659335,
        0.19082964500000002,
        0.189699637,
        0.19092118600000002,
        0.189496867,
        0.18930112000000002,
        0.19066818200000002,
        0.19186318100000002,
        0.19220397900000002,
        0.18936851600000001
      ],
      "exit_codes": [
        0,
        0,
        0,
        0,
        0,
        0,
        0,
        0,
        0,
        0,
        0,
        0,
        0,
        0,
        0,
        0,
        0,
        0,
        0,
        0
      ]
    }
  ]
}
