{
  "results": [
    {
      "command": "info_scr1_riscv_compliance",
      "mean": 0.032491192599999996,
      "stddev": 0.003725518143859419,
      "median": 0.031090323000000003,
      "user": 0.01898325,
      "system": 0.011581149999999998,
      "min": 0.028260586,
      "max": 0.041947487000000006,
      "times": [
        0.031691145000000004,
        0.030366078,
        0.028260586,
        0.031108241000000002,
        0.039821477,
        0.029511855000000004,
        0.0324238,
        0.030805853,
        0.031072405,
        0.030531198000000002,
        0.036353316000000004,
        0.030165191,
        0.030802638,
        0.041947487000000006,
        0.030641675000000004,
        0.031656010000000005,
        0.031909435,
        0.039146169,
        0.030356761000000003,
        0.031252532
      ],
      "exit_codes": [
        0,
        0,
        0,
        0,
        0,
        0,
        0,
        0,
        0,
        0,
        0,
        0,
        0,
        0,
        0,
        0,
        0,
        0,
        0,
        0
      ]
    }
  ]
}
