{
  "results": [
    {
      "command": "info_chipyard_clustered_dhrystone",
      "mean": 0.0898538407,
      "stddev": 0.002115204225040646,
      "median": 0.08940606950000002,
      "user": 0.04432125,
      "system": 0.038121749999999996,
      "min": 0.08752767900000001,
      "max": 0.09732578900000001,
      "times": [
        0.092083364,
        0.090103969,
        0.08752767900000001,
        0.089132293,
        0.08785656700000001,
        0.08917464,
        0.08953187200000001,
        0.088605179,
        0.09103965400000001,
        0.09732578900000001,
        0.090187345,
        0.08824126800000001,
        0.087855417,
        0.090847175,
        0.08928026700000001,
        0.089115547,
        0.088619636,
        0.089758528,
        0.09046039600000001,
        0.09033022900000001
      ],
      "exit_codes": [
        0,
        0,
        0,
        0,
        0,
        0,
        0,
        0,
        0,
        0,
        0,
        0,
        0,
        0,
        0,
        0,
        0,
        0,
        0,
        0
      ]
    }
  ]
}
