{
  "results": [
    {
      "command": "info_chipyard_dualrocket_dhrystone",
      "mean": 0.0415868551,
      "stddev": 0.0017996430880139866,
      "median": 0.0409106445,
      "user": 0.018073149999999996,
      "system": 0.023293099999999997,
      "min": 0.039701417,
      "max": 0.045588227,
      "times": [
        0.040934439,
        0.039701417,
        0.04071045,
        0.040061843,
        0.041867149,
        0.039893037,
        0.039763033,
        0.040623156,
        0.040123379,
        0.04088685,
        0.040459499,
        0.042892963,
        0.044484547000000006,
        0.043577546,
        0.044540211,
        0.043122603,
        0.045588227,
        0.041268416,
        0.040954247,
        0.04028409
      ],
      "exit_codes": [
        0,
        0,
        0,
        0,
        0,
        0,
        0,
        0,
        0,
        0,
        0,
        0,
        0,
        0,
        0,
        0,
        0,
        0,
        0,
        0
      ]
    }
  ]
}
