{
  "results": [
    {
      "command": "info_picorv32",
      "mean": 0.0439327363,
      "stddev": 0.007668718833785871,
      "median": 0.040323858500000004,
      "user": 0.02389385,
      "system": 0.015517050000000001,
      "min": 0.038521888000000004,
      "max": 0.05948705000000001,
      "times": [
        0.04020443,
        0.058048385,
        0.040485356,
        0.039274468,
        0.040862623,
        0.039676340000000004,
        0.044931187000000004,
        0.040080939,
        0.04138932,
        0.038521888000000004,
        0.039826953000000005,
        0.040443287,
        0.039487867,
        0.039993495000000004,
        0.039437353,
        0.040681564,
        0.05854410300000001,
        0.038721812,
        0.058556306,
        0.05948705000000001
      ],
      "exit_codes": [
        0,
        0,
        0,
        0,
        0,
        0,
        0,
        0,
        0,
        0,
        0,
        0,
        0,
        0,
        0,
        0,
        0,
        0,
        0,
        0
      ]
    }
  ]
}
