{
  "results": [
    {
      "command": "info_picorv32_ez",
      "mean": 0.00147549975,
      "stddev": 0.0003790543585740532,
      "median": 0.0014353965,
      "user": 0.00045129999999999997,
      "system": 0.0009449,
      "min": 0.0009227300000000001,
      "max": 0.0020460160000000003,
      "times": [
        0.001011677,
        0.0020460160000000003,
        0.0018009970000000001,
        0.000929853,
        0.0018809170000000002,
        0.0015364410000000002,
        0.00144019,
        0.0020026560000000002,
        0.001443096,
        0.001186325,
        0.001224065,
        0.001335725,
        0.001335194,
        0.00198917,
        0.0009407240000000001,
        0.0014306030000000001,
        0.0009227300000000001,
        0.0019838300000000002,
        0.0016541910000000002,
        0.0014155950000000002
      ],
      "exit_codes": [
        0,
        0,
        0,
        0,
        0,
        0,
        0,
        0,
        0,
        0,
        0,
        0,
        0,
        0,
        0,
        0,
        0,
        0,
        0,
        0
      ]
    }
  ]
}
