{
  "results": [
    {
      "command": "info_chipyard_clustered_mt_memcpy",
      "mean": 0.13829466130000004,
      "stddev": 0.005609476662553949,
      "median": 0.1376634645,
      "user": 0.05757464999999999,
      "system": 0.08044755,
      "min": 0.13047752,
      "max": 0.155817126,
      "times": [
        0.141659128,
        0.155817126,
        0.140304527,
        0.13248505400000002,
        0.136145448,
        0.140216522,
        0.13690180700000001,
        0.13782581900000002,
        0.136272907,
        0.13750111,
        0.14360287300000002,
        0.14067721600000002,
        0.13473236800000002,
        0.13047752,
        0.131610854,
        0.134650144,
        0.139412575,
        0.132731296,
        0.14355537300000001,
        0.139313559
      ],
      "exit_codes": [
        0,
        0,
        0,
        0,
        0,
        0,
        0,
        0,
        0,
        0,
        0,
        0,
        0,
        0,
        0,
        0,
        0,
        0,
        0,
        0
      ]
    }
  ]
}
