{
  "results": [
    {
      "command": "info_chipyard_dualrocket_dhrystone",
      "mean": 0.08953702375000003,
      "stddev": 0.0011872971247926217,
      "median": 0.08977282050000002,
      "user": 0.03789839999999999,
      "system": 0.031181500000000008,
      "min": 0.087121526,
      "max": 0.091212129,
      "times": [
        0.087121526,
        0.091036369,
        0.08879795500000001,
        0.08977480900000001,
        0.08977083200000001,
        0.09104308200000001,
        0.091212129,
        0.088453578,
        0.09115993,
        0.08882975500000001,
        0.089047784,
        0.08827114500000001,
        0.089394505,
        0.08998268000000001,
        0.08813557000000001,
        0.089900175,
        0.09004677000000001,
        0.09012659,
        0.090696279,
        0.08793901200000001
      ],
      "exit_codes": [
        0,
        0,
        0,
        0,
        0,
        0,
        0,
        0,
        0,
        0,
        0,
        0,
        0,
        0,
        0,
        0,
        0,
        0,
        0,
        0
      ]
    }
  ]
}
