{
  "results": [
    {
      "command": "info_scr1_isr_sample",
      "mean": 0.0022322823500000003,
      "stddev": 0.0003111573385095469,
      "median": 0.002301997,
      "user": 0.00077315,
      "system": 0.0013704999999999998,
      "min": 0.00161574,
      "max": 0.0027574210000000004,
      "times": [
        0.0016967710000000001,
        0.0019161730000000002,
        0.002214512,
        0.002418375,
        0.002237465,
        0.002371858,
        0.002245641,
        0.0026409420000000003,
        0.0023642840000000004,
        0.0022924390000000003,
        0.0018773510000000002,
        0.0017965890000000001,
        0.002312085,
        0.0024534400000000003,
        0.0027574210000000004,
        0.00161574,
        0.002477726,
        0.0025466350000000002,
        0.002098645,
        0.0023115550000000003
      ],
      "exit_codes": [
        0,
        0,
        0,
        0,
        0,
        0,
        0,
        0,
        0,
        0,
        0,
        0,
        0,
        0,
        0,
        0,
        0,
        0,
        0,
        0
      ]
    }
  ]
}
