{
  "results": [
    {
      "command": "info_scr1",
      "mean": 0.0435073652,
      "stddev": 0.007876746181286906,
      "median": 0.0404049115,
      "user": 0.021888849999999998,
      "system": 0.017823,
      "min": 0.037964269,
      "max": 0.060104217,
      "times": [
        0.039081968,
        0.038850995,
        0.040317938000000005,
        0.039379727,
        0.038170757,
        0.03812944,
        0.039201903,
        0.041281226000000004,
        0.04073947,
        0.040801606000000004,
        0.037964269,
        0.041186899000000006,
        0.039413861,
        0.040491885000000005,
        0.060104217,
        0.059521975000000005,
        0.05780616500000001,
        0.057408508000000004,
        0.040537981,
        0.039756514
      ],
      "exit_codes": [
        0,
        0,
        0,
        0,
        0,
        0,
        0,
        0,
        0,
        0,
        0,
        0,
        0,
        0,
        0,
        0,
        0,
        0,
        0,
        0
      ]
    }
  ]
}
