{
  "results": [
    {
      "command": "info_scr1",
      "mean": 0.04956357220000001,
      "stddev": 0.00949896504267445,
      "median": 0.048629668,
      "user": 0.0238953,
      "system": 0.01780045,
      "min": 0.039160625000000004,
      "max": 0.065818719,
      "times": [
        0.055504449000000004,
        0.040044274000000005,
        0.059719265,
        0.065818719,
        0.055697211,
        0.041754887000000004,
        0.040887007,
        0.058758711000000005,
        0.039842305,
        0.04094697,
        0.058147131000000005,
        0.059306058,
        0.039160625000000004,
        0.03959973,
        0.058193469000000005,
        0.057018121000000005,
        0.041637326,
        0.041411712,
        0.057790131,
        0.040033343000000006
      ],
      "exit_codes": [
        0,
        0,
        0,
        0,
        0,
        0,
        0,
        0,
        0,
        0,
        0,
        0,
        0,
        0,
        0,
        0,
        0,
        0,
        0,
        0
      ]
    }
  ]
}
