{
  "results": [
    {
      "command": "info_picorv32",
      "mean": 0.04074875005,
      "stddev": 0.003739670430565514,
      "median": 0.039914941,
      "user": 0.022570899999999998,
      "system": 0.015280949999999998,
      "min": 0.03765503,
      "max": 0.055776514000000006,
      "times": [
        0.039837726000000004,
        0.038473687,
        0.039875547000000004,
        0.039954335,
        0.038974726,
        0.038932908,
        0.03765503,
        0.040968769,
        0.040049945,
        0.038752260000000004,
        0.042837427000000004,
        0.055776514000000006,
        0.040078178000000006,
        0.039971868,
        0.041951475,
        0.03965876,
        0.039342176,
        0.040806956000000005,
        0.041493706000000005,
        0.039583008
      ],
      "exit_codes": [
        0,
        0,
        0,
        0,
        0,
        0,
        0,
        0,
        0,
        0,
        0,
        0,
        0,
        0,
        0,
        0,
        0,
        0,
        0,
        0
      ]
    }
  ]
}
