{
  "results": [
    {
      "command": "info_chipyard_clustered_dhrystone",
      "mean": 0.08809594490000001,
      "stddev": 0.0009050451238966744,
      "median": 0.0881937025,
      "user": 0.04255125,
      "system": 0.03476065,
      "min": 0.08616979300000001,
      "max": 0.089921887,
      "times": [
        0.08808241400000001,
        0.08708826700000001,
        0.089921887,
        0.088512771,
        0.08893564500000001,
        0.087486135,
        0.089104051,
        0.088790122,
        0.087693323,
        0.08835680800000001,
        0.08814877800000001,
        0.08616979300000001,
        0.088114253,
        0.087308852,
        0.086428108,
        0.08784836400000001,
        0.08906836400000001,
        0.088238627,
        0.08831683400000001,
        0.08830550200000001
      ],
      "exit_codes": [
        0,
        0,
        0,
        0,
        0,
        0,
        0,
        0,
        0,
        0,
        0,
        0,
        0,
        0,
        0,
        0,
        0,
        0,
        0,
        0
      ]
    }
  ]
}
