{
  "results": [
    {
      "command": "info_picorv32",
      "mean": 0.013600395300000002,
      "stddev": 0.0007576424017229612,
      "median": 0.013597933500000001,
      "user": 0.00488955,
      "system": 0.008538,
      "min": 0.012406043,
      "max": 0.015270235000000002,
      "times": [
        0.013914933,
        0.014208774,
        0.01389162,
        0.015270235000000002,
        0.014146688000000001,
        0.013960659,
        0.012406043,
        0.012797158000000001,
        0.014983967,
        0.013651910000000001,
        0.012590329,
        0.014243309000000001,
        0.012764877,
        0.013323795000000001,
        0.013506407000000002,
        0.013619579000000001,
        0.013062625000000001,
        0.013576288,
        0.012939824,
        0.013148886
      ],
      "exit_codes": [
        0,
        0,
        0,
        0,
        0,
        0,
        0,
        0,
        0,
        0,
        0,
        0,
        0,
        0,
        0,
        0,
        0,
        0,
        0,
        0
      ]
    }
  ]
}
