{
  "results": [
    {
      "command": "info_chipyard_clustered_dhrystone",
      "mean": 0.0916491737,
      "stddev": 0.012325980642132176,
      "median": 0.08852509250000001,
      "user": 0.045151799999999985,
      "system": 0.0367503,
      "min": 0.08642419800000001,
      "max": 0.143251441,
      "times": [
        0.087674599,
        0.087222255,
        0.091135199,
        0.088586994,
        0.087126353,
        0.089270135,
        0.09050756400000001,
        0.090160849,
        0.088085918,
        0.143251441,
        0.09183852,
        0.095250448,
        0.08642419800000001,
        0.087470936,
        0.087470696,
        0.08846319100000001,
        0.08972059800000001,
        0.088109673,
        0.088657078,
        0.086556829
      ],
      "exit_codes": [
        0,
        0,
        0,
        0,
        0,
        0,
        0,
        0,
        0,
        0,
        0,
        0,
        0,
        0,
        0,
        0,
        0,
        0,
        0,
        0
      ]
    }
  ]
}
