{
  "results": [
    {
      "command": "info_chipyard_clustered_mt_memcpy",
      "mean": 0.1896247587500001,
      "stddev": 0.0011548624802633373,
      "median": 0.189435509,
      "user": 0.0815797,
      "system": 0.0920835,
      "min": 0.18790077100000002,
      "max": 0.19217836500000002,
      "times": [
        0.19032573500000002,
        0.18964528800000002,
        0.18895408000000002,
        0.189084314,
        0.18863221500000002,
        0.188399688,
        0.18922573,
        0.189916768,
        0.18890743200000001,
        0.188561522,
        0.189831468,
        0.190628434,
        0.19120261300000002,
        0.18790077100000002,
        0.188281887,
        0.19217836500000002,
        0.190931614,
        0.190218525,
        0.191006314,
        0.188662412
      ],
      "exit_codes": [
        0,
        0,
        0,
        0,
        0,
        0,
        0,
        0,
        0,
        0,
        0,
        0,
        0,
        0,
        0,
        0,
        0,
        0,
        0,
        0
      ]
    }
  ]
}
