{
  "results": [
    {
      "command": "info_picorv32_ez",
      "mean": 0.02748043985,
      "stddev": 0.0023769105736233657,
      "median": 0.026988419,
      "user": 0.017865199999999998,
      "system": 0.00793495,
      "min": 0.023227791,
      "max": 0.032698830000000005,
      "times": [
        0.027939051000000003,
        0.025473304000000002,
        0.031469794,
        0.027022356,
        0.025149453000000002,
        0.032698830000000005,
        0.027916199000000003,
        0.025668731,
        0.029034723000000002,
        0.026954482000000002,
        0.025306560000000002,
        0.027625749,
        0.025263311,
        0.026853086,
        0.023227791,
        0.026644906000000003,
        0.028298538,
        0.030906654000000002,
        0.02983693,
        0.026318349
      ],
      "exit_codes": [
        0,
        0,
        0,
        0,
        0,
        0,
        0,
        0,
        0,
        0,
        0,
        0,
        0,
        0,
        0,
        0,
        0,
        0,
        0,
        0
      ]
    }
  ]
}
