{
  "results": [
    {
      "command": "info_chipyard_clustered_dhrystone",
      "mean": 0.08899856015000002,
      "stddev": 0.0013557741812434882,
      "median": 0.0885045535,
      "user": 0.04384065,
      "system": 0.03869065000000001,
      "min": 0.087188703,
      "max": 0.091899349,
      "times": [
        0.088779681,
        0.087834114,
        0.087413274,
        0.089605791,
        0.088463817,
        0.08768655700000001,
        0.090000353,
        0.08785232800000001,
        0.09064585500000001,
        0.091531628,
        0.091899349,
        0.088480759,
        0.087797726,
        0.08988016700000001,
        0.088528348,
        0.08907023500000001,
        0.0884226,
        0.087188703,
        0.088432568,
        0.09045735
      ],
      "exit_codes": [
        0,
        0,
        0,
        0,
        0,
        0,
        0,
        0,
        0,
        0,
        0,
        0,
        0,
        0,
        0,
        0,
        0,
        0,
        0,
        0
      ]
    }
  ]
}
