{
  "results": [
    {
      "command": "info_chipyard_clustered_dhrystone",
      "mean": 0.0538051763,
      "stddev": 0.0026004181397158168,
      "median": 0.05349738800000001,
      "user": 0.0255404,
      "system": 0.02804575,
      "min": 0.05022469,
      "max": 0.059830413000000006,
      "times": [
        0.050831699,
        0.053389105000000006,
        0.052272740000000005,
        0.050688551000000005,
        0.051902447000000004,
        0.051900403000000005,
        0.052714991,
        0.053605671,
        0.055883482000000005,
        0.057253922000000006,
        0.053660844000000006,
        0.053706128000000006,
        0.051465979,
        0.054154159,
        0.053270402,
        0.054765155,
        0.05022469,
        0.05839874900000001,
        0.05618399600000001,
        0.059830413000000006
      ],
      "exit_codes": [
        0,
        0,
        0,
        0,
        0,
        0,
        0,
        0,
        0,
        0,
        0,
        0,
        0,
        0,
        0,
        0,
        0,
        0,
        0,
        0
      ]
    }
  ]
}
