{
  "results": [
    {
      "command": "info_chipyard_dualrocket_dhrystone",
      "mean": 0.0904004555,
      "stddev": 0.0014631257495937465,
      "median": 0.09051387350000001,
      "user": 0.039572249999999996,
      "system": 0.0312709,
      "min": 0.08788754900000001,
      "max": 0.09287794,
      "times": [
        0.08871477200000001,
        0.08788754900000001,
        0.09183567000000001,
        0.089162138,
        0.09112355400000001,
        0.09141618800000001,
        0.090254312,
        0.09287794,
        0.08830336400000001,
        0.08970749900000001,
        0.089137292,
        0.09112743300000001,
        0.09224205,
        0.09227419,
        0.090891236,
        0.090325287,
        0.088497673,
        0.09070246000000001,
        0.089743658,
        0.091784845
      ],
      "exit_codes": [
        0,
        0,
        0,
        0,
        0,
        0,
        0,
        0,
        0,
        0,
        0,
        0,
        0,
        0,
        0,
        0,
        0,
        0,
        0,
        0
      ]
    }
  ]
}
