{
  "results": [
    {
      "command": "info_chipyard_clustered_dhrystone",
      "mean": 0.08889714215000001,
      "stddev": 0.0016194376548141721,
      "median": 0.088587117,
      "user": 0.0430562,
      "system": 0.03683275,
      "min": 0.08616860700000001,
      "max": 0.09168648,
      "times": [
        0.087477439,
        0.09134747600000001,
        0.091263097,
        0.08833091700000001,
        0.09168648,
        0.089996986,
        0.08875540100000001,
        0.088662448,
        0.088132365,
        0.08803464200000001,
        0.08971029000000001,
        0.08851178600000001,
        0.090834315,
        0.08616860700000001,
        0.086412344,
        0.087583217,
        0.08728440700000001,
        0.08806710300000001,
        0.090348986,
        0.089334537
      ],
      "exit_codes": [
        0,
        0,
        0,
        0,
        0,
        0,
        0,
        0,
        0,
        0,
        0,
        0,
        0,
        0,
        0,
        0,
        0,
        0,
        0,
        0
      ]
    }
  ]
}
