{
  "results": [
    {
      "command": "info_picorv32_ez",
      "mean": 0.0269918812,
      "stddev": 0.0011937470738582422,
      "median": 0.026949800000000003,
      "user": 0.016880749999999996,
      "system": 0.0084967,
      "min": 0.025150174,
      "max": 0.029451673,
      "times": [
        0.026767865000000002,
        0.025290417000000003,
        0.027637083000000003,
        0.025329689000000002,
        0.027178644000000002,
        0.02549001,
        0.027686075,
        0.027067255000000002,
        0.026699296,
        0.027355585,
        0.025150174,
        0.027578133,
        0.026180524,
        0.026415134000000003,
        0.029451673,
        0.028719261000000003,
        0.026832345,
        0.027796471000000003,
        0.026429711,
        0.028782279
      ],
      "exit_codes": [
        0,
        0,
        0,
        0,
        0,
        0,
        0,
        0,
        0,
        0,
        0,
        0,
        0,
        0,
        0,
        0,
        0,
        0,
        0,
        0
      ]
    }
  ]
}
