{
  "results": [
    {
      "command": "info_picorv32",
      "mean": 0.041039578300000004,
      "stddev": 0.004324464753664315,
      "median": 0.0399375645,
      "user": 0.023334200000000003,
      "system": 0.015084899999999998,
      "min": 0.038606063,
      "max": 0.058989976000000006,
      "times": [
        0.041681214,
        0.039690802000000004,
        0.039425882,
        0.040492659,
        0.040721852,
        0.040714067,
        0.041426242,
        0.039295726,
        0.040667017,
        0.038933922,
        0.039204564000000004,
        0.038910749,
        0.039886022,
        0.038606063,
        0.039877586,
        0.058989976000000006,
        0.039861555,
        0.041896692,
        0.039989107,
        0.040519869
      ],
      "exit_codes": [
        0,
        0,
        0,
        0,
        0,
        0,
        0,
        0,
        0,
        0,
        0,
        0,
        0,
        0,
        0,
        0,
        0,
        0,
        0,
        0
      ]
    }
  ]
}
