{
  "results": [
    {
      "command": "property_chipyard_clusteredrocketconfig_dhrystone_window_2us_match_posedge_clk",
      "mean": 0.24948407220000002,
      "stddev": 0.023578677995592625,
      "median": 0.23900456800000003,
      "user": 0.1629612,
      "system": 0.0763384,
      "min": 0.23834733300000002,
      "max": 0.29165551700000003,
      "times": [
        0.29165551700000003,
        0.238832074,
        0.23834733300000002,
        0.23900456800000003,
        0.239580869
      ],
      "exit_codes": [
        0,
        0,
        0,
        0,
        0
      ]
    }
  ]
}
