{
  "results": [
    {
      "command": "scope_clustered_all_depth13_json",
      "mean": 0.1892245998333333,
      "stddev": 0.00047718521116791484,
      "median": 0.189193088,
      "user": 0.08530083333333333,
      "system": 0.08928733333333333,
      "min": 0.188634571,
      "max": 0.190007745,
      "times": [
        0.188634571,
        0.188879708,
        0.189439399,
        0.18912236600000001,
        0.190007745,
        0.18926381
      ],
      "exit_codes": [
        0,
        0,
        0,
        0,
        0,
        0
      ]
    }
  ]
}
