{
  "results": [
    {
      "command": "scope_scr1_all_depth7_json",
      "mean": 0.0338285216,
      "stddev": 0.003315938354644316,
      "median": 0.032991478000000005,
      "user": 0.020879133333333334,
      "system": 0.011672466666666666,
      "min": 0.030921681000000003,
      "max": 0.045126697,
      "times": [
        0.032991478000000005,
        0.032555154,
        0.033570035000000005,
        0.033401301,
        0.032420814,
        0.030921681000000003,
        0.031573596,
        0.035233545000000005,
        0.03329311,
        0.032236541,
        0.03285328,
        0.032894156,
        0.034995571,
        0.045126697,
        0.033360865
      ],
      "exit_codes": [
        0,
        0,
        0,
        0,
        0,
        0,
        0,
        0,
        0,
        0,
        0,
        0,
        0,
        0,
        0
      ]
    }
  ]
}
