{
  "results": [
    {
      "command": "scope_clustered_all_depth13_json",
      "mean": 0.1906567726666667,
      "stddev": 0.0029638249002751586,
      "median": 0.19013512999999999,
      "user": 0.08213649999999999,
      "system": 0.095705,
      "min": 0.187846952,
      "max": 0.196345132,
      "times": [
        0.187846952,
        0.190573663,
        0.18998081,
        0.18890462900000002,
        0.196345132,
        0.19028945
      ],
      "exit_codes": [
        0,
        0,
        0,
        0,
        0,
        0
      ]
    }
  ]
}
