{
  "results": [
    {
      "command": "scope_dualrocket_filter_frontend_depth12_json",
      "mean": 0.08903419060000001,
      "stddev": 0.0013560252403938353,
      "median": 0.0888109135,
      "user": 0.03956359999999999,
      "system": 0.030821400000000006,
      "min": 0.08738024300000001,
      "max": 0.09249198700000001,
      "times": [
        0.08889543600000001,
        0.088173702,
        0.09249198700000001,
        0.089612963,
        0.088726391,
        0.088334331,
        0.08909974600000001,
        0.08738024300000001,
        0.089009088,
        0.088618019
      ],
      "exit_codes": [
        0,
        0,
        0,
        0,
        0,
        0,
        0,
        0,
        0,
        0
      ]
    }
  ]
}
