{
  "results": [
    {
      "command": "scope_scr1_all_depth7_json",
      "mean": 0.039226686133333334,
      "stddev": 0.005006603197514357,
      "median": 0.040525728000000004,
      "user": 0.02239826666666667,
      "system": 0.0111568,
      "min": 0.030969742,
      "max": 0.047202337000000004,
      "times": [
        0.041271289,
        0.040479312,
        0.040879352,
        0.030969742,
        0.042129741000000005,
        0.041789793000000006,
        0.033043126,
        0.031690486000000004,
        0.032406921000000005,
        0.040525728000000004,
        0.046191589000000005,
        0.047202337000000004,
        0.038980456000000004,
        0.041131536,
        0.039708884
      ],
      "exit_codes": [
        0,
        0,
        0,
        0,
        0,
        0,
        0,
        0,
        0,
        0,
        0,
        0,
        0,
        0,
        0
      ]
    }
  ]
}
