{
  "results": [
    {
      "command": "scope_dualrocket_filter_frontend_depth12_json",
      "mean": 0.08910102370000002,
      "stddev": 0.0014763069958400377,
      "median": 0.08864669150000001,
      "user": 0.037601300000000004,
      "system": 0.0344555,
      "min": 0.08724623100000001,
      "max": 0.091730553,
      "times": [
        0.09017886900000001,
        0.08886260700000001,
        0.087559941,
        0.08724623100000001,
        0.08954431700000001,
        0.08834396300000001,
        0.08813639300000001,
        0.09097658700000001,
        0.091730553,
        0.088430776
      ],
      "exit_codes": [
        0,
        0,
        0,
        0,
        0,
        0,
        0,
        0,
        0,
        0
      ]
    }
  ]
}
