{
  "results": [
    {
      "command": "signal_scr1_top_recursive_all_json",
      "mean": 0.041619549900000004,
      "stddev": 0.00205529908604906,
      "median": 0.040978844,
      "user": 0.0207289,
      "system": 0.013752699999999998,
      "min": 0.039068407,
      "max": 0.045017178000000005,
      "times": [
        0.042271129000000005,
        0.042782826,
        0.039068407,
        0.040745106,
        0.045017178000000005,
        0.040222309000000005,
        0.039651514000000006,
        0.040437162000000006,
        0.041212582000000005,
        0.044787286
      ],
      "exit_codes": [
        0,
        0,
        0,
        0,
        0,
        0,
        0,
        0,
        0,
        0
      ]
    }
  ]
}
