{
  "results": [
    {
      "command": "signal_scr1_top_recursive_depth2_json",
      "mean": 0.0369682893,
      "stddev": 0.00447945331777784,
      "median": 0.0350256905,
      "user": 0.023781899999999995,
      "system": 0.010297700000000002,
      "min": 0.031426103000000004,
      "max": 0.043075,
      "times": [
        0.040512336,
        0.033349288000000005,
        0.035320443,
        0.033092597,
        0.043075,
        0.041754194,
        0.042580704000000004,
        0.034730938,
        0.031426103000000004,
        0.03384129
      ],
      "exit_codes": [
        0,
        0,
        0,
        0,
        0,
        0,
        0,
        0,
        0,
        0
      ]
    }
  ]
}
