{
  "results": [
    {
      "command": "signal_scr1_top_recursive_filter_valid_json",
      "mean": 0.037560608300000006,
      "stddev": 0.005040150269838172,
      "median": 0.040160465000000006,
      "user": 0.020972499999999995,
      "system": 0.012089200000000001,
      "min": 0.030822368000000003,
      "max": 0.043325151,
      "times": [
        0.032186673,
        0.042527327000000004,
        0.040811084000000004,
        0.033490514,
        0.030822368000000003,
        0.040704684000000005,
        0.043325151,
        0.039616246,
        0.031025789,
        0.041096247
      ],
      "exit_codes": [
        0,
        0,
        0,
        0,
        0,
        0,
        0,
        0,
        0,
        0
      ]
    }
  ]
}
