{
  "results": [
    {
      "command": "signal_scr1_top_recursive_depth2_json",
      "mean": 0.038028413,
      "stddev": 0.004751877305592251,
      "median": 0.0401148875,
      "user": 0.021978099999999993,
      "system": 0.0107597,
      "min": 0.029747327,
      "max": 0.042171325,
      "times": [
        0.032134149,
        0.040089805,
        0.029747327,
        0.031964702000000005,
        0.040139970000000004,
        0.040042046000000005,
        0.042171325,
        0.041842028,
        0.041282901000000004,
        0.040869877000000006
      ],
      "exit_codes": [
        0,
        0,
        0,
        0,
        0,
        0,
        0,
        0,
        0,
        0
      ]
    }
  ]
}
