{
  "results": [
    {
      "command": "signal_scr1_top_recursive_filter_valid_json",
      "mean": 0.0367751694,
      "stddev": 0.004848447364930464,
      "median": 0.03722022950000001,
      "user": 0.0228636,
      "system": 0.010072000000000001,
      "min": 0.03041086,
      "max": 0.0417466,
      "times": [
        0.034020957000000004,
        0.041722555,
        0.040904241,
        0.041638627000000004,
        0.040419502,
        0.032565479,
        0.032220352,
        0.03041086,
        0.0417466,
        0.032102521
      ],
      "exit_codes": [
        0,
        0,
        0,
        0,
        0,
        0,
        0,
        0,
        0,
        0
      ]
    }
  ]
}
