{
  "results": [
    {
      "command": "signal_scr1_top_recursive_all_json",
      "mean": 0.03932822509999999,
      "stddev": 0.002662020487914332,
      "median": 0.0398267915,
      "user": 0.0215937,
      "system": 0.011231599999999998,
      "min": 0.032561009,
      "max": 0.0418048,
      "times": [
        0.041691235,
        0.039522897,
        0.040338679,
        0.040119835,
        0.038563844,
        0.038188776,
        0.040957428000000004,
        0.032561009,
        0.0418048,
        0.039533748
      ],
      "exit_codes": [
        0,
        0,
        0,
        0,
        0,
        0,
        0,
        0,
        0,
        0
      ]
    }
  ]
}
