{
  "results": [
    {
      "command": "signal_scr1_top_recursive_depth2_json",
      "mean": 0.0372203133,
      "stddev": 0.00472870187375657,
      "median": 0.039372339000000006,
      "user": 0.019171399999999998,
      "system": 0.013359199999999998,
      "min": 0.030826205000000002,
      "max": 0.042543708,
      "times": [
        0.039106731000000006,
        0.039991709,
        0.030826205000000002,
        0.042543708,
        0.031983964000000004,
        0.032015833,
        0.032756992,
        0.039637947,
        0.042345026,
        0.040995018
      ],
      "exit_codes": [
        0,
        0,
        0,
        0,
        0,
        0,
        0,
        0,
        0,
        0
      ]
    }
  ]
}
