{
  "results": [
    {
      "command": "signal_scr1_top_recursive_filter_valid_json",
      "mean": 0.035870255000000004,
      "stddev": 0.004447140745688229,
      "median": 0.03589279200000001,
      "user": 0.021422,
      "system": 0.010591300000000001,
      "min": 0.031085651000000002,
      "max": 0.041188115000000004,
      "times": [
        0.039179659000000006,
        0.031189206,
        0.032605925,
        0.039662090000000004,
        0.031085651000000002,
        0.031810431,
        0.031849826000000005,
        0.03933383,
        0.040797817,
        0.041188115000000004
      ],
      "exit_codes": [
        0,
        0,
        0,
        0,
        0,
        0,
        0,
        0,
        0,
        0
      ]
    }
  ]
}
