{
  "results": [
    {
      "command": "signal_scr1_top_recursive_depth2_json",
      "mean": 0.034688518700000004,
      "stddev": 0.0043224780993774865,
      "median": 0.0333187225,
      "user": 0.0208255,
      "system": 0.011024299999999997,
      "min": 0.028883469000000002,
      "max": 0.043022035,
      "times": [
        0.032369682000000004,
        0.032232512000000005,
        0.038475331,
        0.043022035,
        0.039443773,
        0.028883469000000002,
        0.034631753,
        0.032750539,
        0.031189187000000004,
        0.033886906
      ],
      "exit_codes": [
        0,
        0,
        0,
        0,
        0,
        0,
        0,
        0,
        0,
        0
      ]
    }
  ]
}
