{
  "results": [
    {
      "command": "signal_scr1_top_recursive_all_json",
      "mean": 0.041753973800000004,
      "stddev": 0.0013573216571696385,
      "median": 0.041976718,
      "user": 0.023247699999999996,
      "system": 0.011193999999999999,
      "min": 0.040208252,
      "max": 0.044033596,
      "times": [
        0.042216834,
        0.044033596,
        0.043393274,
        0.040606279,
        0.042182289000000005,
        0.042471252,
        0.040208252,
        0.040410572000000006,
        0.040246243,
        0.041771147
      ],
      "exit_codes": [
        0,
        0,
        0,
        0,
        0,
        0,
        0,
        0,
        0,
        0
      ]
    }
  ]
}
