{
  "results": [
    {
      "command": "signal_scr1_top_recursive_filter_valid_json",
      "mean": 0.0370996107,
      "stddev": 0.0046215515564600905,
      "median": 0.0398570165,
      "user": 0.0209759,
      "system": 0.0119066,
      "min": 0.030800021,
      "max": 0.042337506000000004,
      "times": [
        0.03225697,
        0.039710313000000004,
        0.042337506000000004,
        0.041171881,
        0.040133298000000005,
        0.032712323,
        0.031538443,
        0.04000372,
        0.040331632,
        0.030800021
      ],
      "exit_codes": [
        0,
        0,
        0,
        0,
        0,
        0,
        0,
        0,
        0,
        0
      ]
    }
  ]
}
