{
  "results": [
    {
      "command": "signal_scr1_top_recursive_all_json",
      "mean": 0.039849762,
      "stddev": 0.0031000334812338187,
      "median": 0.0404081835,
      "user": 0.0214595,
      "system": 0.011911099999999999,
      "min": 0.031593703,
      "max": 0.043347032,
      "times": [
        0.041235218000000004,
        0.043347032,
        0.039416362,
        0.040012067000000005,
        0.040632178000000005,
        0.031593703,
        0.040817234,
        0.039892323,
        0.040184189,
        0.041367314
      ],
      "exit_codes": [
        0,
        0,
        0,
        0,
        0,
        0,
        0,
        0,
        0,
        0
      ]
    }
  ]
}
