{
  "results": [
    {
      "command": "signal_scr1_top_recursive_filter_valid_json",
      "mean": 0.038683826,
      "stddev": 0.003732303922055979,
      "median": 0.0401148675,
      "user": 0.022919699999999998,
      "system": 0.009581099999999999,
      "min": 0.031667324000000004,
      "max": 0.041517991000000004,
      "times": [
        0.041448371000000005,
        0.040235598000000004,
        0.031865095,
        0.039059695000000005,
        0.041517991000000004,
        0.040414534,
        0.031667324000000004,
        0.039490643000000006,
        0.041144872000000006,
        0.039994137
      ],
      "exit_codes": [
        0,
        0,
        0,
        0,
        0,
        0,
        0,
        0,
        0,
        0
      ]
    }
  ]
}
