{
  "results": [
    {
      "command": "signal_scr1_top_recursive_depth2_json",
      "mean": 0.031901519600000004,
      "stddev": 0.0010607810000654342,
      "median": 0.031760722000000005,
      "user": 0.020170100000000003,
      "system": 0.010936099999999999,
      "min": 0.029730780000000002,
      "max": 0.033489874,
      "times": [
        0.033489874,
        0.031370649,
        0.032427206,
        0.032008345,
        0.031447164,
        0.031429240000000004,
        0.033054311,
        0.031513099,
        0.029730780000000002,
        0.032544528
      ],
      "exit_codes": [
        0,
        0,
        0,
        0,
        0,
        0,
        0,
        0,
        0,
        0
      ]
    }
  ]
}
