{
  "results": [
    {
      "command": "signal_scr1_top_recursive_depth2_json",
      "mean": 0.037059457000000004,
      "stddev": 0.005000280228420403,
      "median": 0.036877562,
      "user": 0.020590900000000002,
      "system": 0.0123912,
      "min": 0.030438805000000003,
      "max": 0.044036843000000006,
      "times": [
        0.034631599,
        0.03350832,
        0.041281348,
        0.039123525,
        0.030796807000000002,
        0.041001272000000005,
        0.044036843000000006,
        0.030438805000000003,
        0.033657971,
        0.04211808
      ],
      "exit_codes": [
        0,
        0,
        0,
        0,
        0,
        0,
        0,
        0,
        0,
        0
      ]
    }
  ]
}
