{
  "results": [
    {
      "command": "signal_scr1_top_recursive_all_json",
      "mean": 0.038757181700000004,
      "stddev": 0.0026259650514629663,
      "median": 0.0394918405,
      "user": 0.0188415,
      "system": 0.013098299999999998,
      "min": 0.031586093,
      "max": 0.040463896,
      "times": [
        0.039519387,
        0.039067841,
        0.038093956000000005,
        0.031586093,
        0.038888194,
        0.040463896,
        0.040390469000000005,
        0.039842772000000005,
        0.039464294000000004,
        0.040254915
      ],
      "exit_codes": [
        0,
        0,
        0,
        0,
        0,
        0,
        0,
        0,
        0,
        0
      ]
    }
  ]
}
