{
  "results": [
    {
      "command": "signal_scr1_top_recursive_filter_valid_json",
      "mean": 0.039730101399999995,
      "stddev": 0.004532680004080692,
      "median": 0.0415321085,
      "user": 0.0229454,
      "system": 0.0109117,
      "min": 0.030880414000000002,
      "max": 0.043241600000000005,
      "times": [
        0.043241600000000005,
        0.041851849,
        0.030880414000000002,
        0.042698689000000005,
        0.03185801,
        0.041212368,
        0.042496139,
        0.04262959,
        0.039864537000000005,
        0.040567818000000005
      ],
      "exit_codes": [
        0,
        0,
        0,
        0,
        0,
        0,
        0,
        0,
        0,
        0
      ]
    }
  ]
}
