{
  "results": [
    {
      "command": "signal_scr1_top_recursive_all_json",
      "mean": 0.0409097372,
      "stddev": 0.00157232603662202,
      "median": 0.04069847,
      "user": 0.022890599999999997,
      "system": 0.0108196,
      "min": 0.039222067,
      "max": 0.044731726,
      "times": [
        0.040670523,
        0.040983639,
        0.042166728,
        0.039222067,
        0.040726417,
        0.039691909000000004,
        0.039778992,
        0.040322731,
        0.04080264,
        0.044731726
      ],
      "exit_codes": [
        0,
        0,
        0,
        0,
        0,
        0,
        0,
        0,
        0,
        0
      ]
    }
  ]
}
