{
  "results": [
    {
      "command": "value_scr1_signals_100",
      "mean": 0.05688708870000001,
      "stddev": 0.0010649106031385448,
      "median": 0.056646831,
      "user": 0.029586399999999995,
      "system": 0.0149413,
      "min": 0.055195558000000006,
      "max": 0.058493173,
      "times": [
        0.055585745000000006,
        0.05654913600000001,
        0.058493173,
        0.057199156,
        0.056562291,
        0.057731222000000006,
        0.056731371,
        0.056554917,
        0.055195558000000006,
        0.058268318000000006
      ],
      "exit_codes": [
        0,
        0,
        0,
        0,
        0,
        0,
        0,
        0,
        0,
        0
      ]
    }
  ]
}
