{
  "results": [
    {
      "command": "value_picorv32_signals_10",
      "mean": 0.19014822373333334,
      "stddev": 0.0013733683258331567,
      "median": 0.19046895500000002,
      "user": 0.13154359999999998,
      "system": 0.030400933333333335,
      "min": 0.187663449,
      "max": 0.192370027,
      "times": [
        0.190812219,
        0.189990138,
        0.192370027,
        0.191139001,
        0.189981372,
        0.18906776,
        0.19046895500000002,
        0.18823793500000002,
        0.18794595800000002,
        0.19082195700000001,
        0.191820928,
        0.190778215,
        0.190392011,
        0.187663449,
        0.190733431
      ],
      "exit_codes": [
        0,
        0,
        0,
        0,
        0,
        0,
        0,
        0,
        0,
        0,
        0,
        0,
        0,
        0,
        0
      ]
    }
  ]
}
