{
  "results": [
    {
      "command": "value_scr1_signals_1000",
      "mean": 0.3991998825,
      "stddev": 0.020958736907365546,
      "median": 0.390949797,
      "user": 0.3368466666666667,
      "system": 0.04213916666666667,
      "min": 0.388860678,
      "max": 0.441843123,
      "times": [
        0.38914691500000004,
        0.39344898500000003,
        0.390343433,
        0.388860678,
        0.441843123,
        0.391556161
      ],
      "exit_codes": [
        0,
        0,
        0,
        0,
        0,
        0
      ]
    }
  ]
}
