{
  "results": [
    {
      "command": "value_scr1_signals_1",
      "mean": 0.05689117325,
      "stddev": 0.0012113171784508786,
      "median": 0.056731550500000005,
      "user": 0.029345,
      "system": 0.015051100000000001,
      "min": 0.054650727,
      "max": 0.059095901000000006,
      "times": [
        0.058003345000000005,
        0.056739856000000005,
        0.059062517,
        0.059095901000000006,
        0.056282040000000005,
        0.055961645000000004,
        0.056939032,
        0.05639509400000001,
        0.057896513000000004,
        0.056317848000000004,
        0.055179035,
        0.057041216000000006,
        0.055951556000000006,
        0.055583189000000005,
        0.058519270000000005,
        0.057583902000000006,
        0.057442536,
        0.056454998000000006,
        0.054650727,
        0.056723245000000005
      ],
      "exit_codes": [
        0,
        0,
        0,
        0,
        0,
        0,
        0,
        0,
        0,
        0,
        0,
        0,
        0,
        0,
        0,
        0,
        0,
        0,
        0,
        0
      ]
    }
  ]
}
