{
  "results": [
    {
      "command": "value_chipyard_clusteredrocketconfig_dhrystone_signals_1",
      "mean": 0.2230918613,
      "stddev": 0.024984866581154112,
      "median": 0.23978228350000003,
      "user": 0.1320188,
      "system": 0.0625507,
      "min": 0.189005589,
      "max": 0.24323287000000002,
      "times": [
        0.239386655,
        0.239200396,
        0.191397641,
        0.241627324,
        0.189593603,
        0.240589876,
        0.242962491,
        0.24017791200000002,
        0.19069207600000002,
        0.23929306,
        0.24323287000000002,
        0.18955918800000002,
        0.240577593,
        0.189260127,
        0.24242971100000002,
        0.24145555200000002,
        0.24049519800000002,
        0.189005589,
        0.24081813400000002,
        0.19008223000000002
      ],
      "exit_codes": [
        0,
        0,
        0,
        0,
        0,
        0,
        0,
        0,
        0,
        0,
        0,
        0,
        0,
        0,
        0,
        0,
        0,
        0,
        0,
        0
      ]
    }
  ]
}
