{
  "results": [
    {
      "command": "value_picorv32_signals_1000",
      "mean": 2.0622776565000005,
      "stddev": 0.02552943889754867,
      "median": 2.046453513,
      "user": 1.8454091666666665,
      "system": 0.19544799999999998,
      "min": 2.04464937,
      "max": 2.095351495,
      "times": [
        2.046165694,
        2.046741332,
        2.045661733,
        2.095351495,
        2.04464937,
        2.095096315
      ],
      "exit_codes": [
        0,
        0,
        0,
        0,
        0,
        0
      ]
    }
  ]
}
