{
  "results": [
    {
      "command": "value_scr1_signals_100",
      "mean": 0.1408354932,
      "stddev": 0.0022360710562966306,
      "median": 0.13988694150000003,
      "user": 0.08385830000000001,
      "system": 0.020943700000000003,
      "min": 0.138237429,
      "max": 0.14439911500000002,
      "times": [
        0.14294446600000002,
        0.144244431,
        0.138608278,
        0.138237429,
        0.13988984200000001,
        0.13988404100000001,
        0.13954713200000002,
        0.139805635,
        0.14439911500000002,
        0.140794563
      ],
      "exit_codes": [
        0,
        0,
        0,
        0,
        0,
        0,
        0,
        0,
        0,
        0
      ]
    }
  ]
}
