{
  "results": [
    {
      "command": "value_scr1_signals_1000",
      "mean": 0.3924048713333333,
      "stddev": 0.0014271497512147223,
      "median": 0.3923850105,
      "user": 0.31991716666666664,
      "system": 0.04249783333333334,
      "min": 0.39074340100000005,
      "max": 0.394172154,
      "times": [
        0.394172154,
        0.39074340100000005,
        0.390938485,
        0.392078331,
        0.393805167,
        0.39269169000000004
      ],
      "exit_codes": [
        0,
        0,
        0,
        0,
        0,
        0
      ]
    }
  ]
}
