{
  "results": [
    {
      "command": "value_chipyard_clusteredrocketconfig_dhrystone_signals_100",
      "mean": 0.5365452394,
      "stddev": 0.016208963028492968,
      "median": 0.5417808725,
      "user": 0.4263192,
      "system": 0.07260230000000001,
      "min": 0.49055623400000004,
      "max": 0.543900794,
      "times": [
        0.5421904900000001,
        0.542204035,
        0.542004041,
        0.542811543,
        0.543900794,
        0.54009836,
        0.541557704,
        0.5401116450000001,
        0.49055623400000004,
        0.540017548
      ],
      "exit_codes": [
        0,
        0,
        0,
        0,
        0,
        0,
        0,
        0,
        0,
        0
      ]
    }
  ]
}
