{
  "results": [
    {
      "command": "value_chipyard_clusteredrocketconfig_dhrystone_signals_10",
      "mean": 0.24055885326666665,
      "stddev": 0.0015622048457009379,
      "median": 0.24049176100000003,
      "user": 0.13993386666666666,
      "system": 0.05879299999999999,
      "min": 0.23828273400000002,
      "max": 0.24399381900000003,
      "times": [
        0.24133827100000002,
        0.241156961,
        0.23865671500000002,
        0.23828273400000002,
        0.24061415200000003,
        0.24049176100000003,
        0.24045935100000002,
        0.240396033,
        0.24078570400000002,
        0.23882291800000002,
        0.23891245600000002,
        0.24399381900000003,
        0.243102956,
        0.241058757,
        0.24031021100000002
      ],
      "exit_codes": [
        0,
        0,
        0,
        0,
        0,
        0,
        0,
        0,
        0,
        0,
        0,
        0,
        0,
        0,
        0
      ]
    }
  ]
}
