{
  "results": [
    {
      "command": "value_scr1_signals_100",
      "mean": 0.057485350600000006,
      "stddev": 0.0011139069291526418,
      "median": 0.0573727605,
      "user": 0.0296954,
      "system": 0.0167462,
      "min": 0.056102775,
      "max": 0.05923037900000001,
      "times": [
        0.057364916,
        0.056746374,
        0.0589329,
        0.056102775,
        0.05769756,
        0.056583348000000006,
        0.05923037900000001,
        0.056251323000000006,
        0.057380605,
        0.058563326000000006
      ],
      "exit_codes": [
        0,
        0,
        0,
        0,
        0,
        0,
        0,
        0,
        0,
        0
      ]
    }
  ]
}
