{
  "results": [
    {
      "command": "value_chipyard_clusteredrocketconfig_dhrystone_signals_1",
      "mean": 0.20421528649999998,
      "stddev": 0.02354703469089073,
      "median": 0.190303608,
      "user": 0.13282915,
      "system": 0.05494665,
      "min": 0.187115775,
      "max": 0.239766376,
      "times": [
        0.188597331,
        0.187970767,
        0.239659956,
        0.189479915,
        0.239474088,
        0.19020610500000001,
        0.238294217,
        0.190404707,
        0.23927341200000002,
        0.190401111,
        0.187115775,
        0.188871394,
        0.188057309,
        0.238937543,
        0.19082031600000002,
        0.18922850300000002,
        0.187610131,
        0.239766376,
        0.19141571100000002,
        0.18872106300000002
      ],
      "exit_codes": [
        0,
        0,
        0,
        0,
        0,
        0,
        0,
        0,
        0,
        0,
        0,
        0,
        0,
        0,
        0,
        0,
        0,
        0,
        0,
        0
      ]
    }
  ]
}
