{
  "results": [
    {
      "command": "value_chipyard_dualrocketconfig_dhrystone_signals_1",
      "mean": 0.18883961970000004,
      "stddev": 0.0008548019278485453,
      "median": 0.18861318400000002,
      "user": 0.12600355,
      "system": 0.05468115,
      "min": 0.18765567600000002,
      "max": 0.191003413,
      "times": [
        0.189417204,
        0.18885226300000002,
        0.18975830400000002,
        0.187982319,
        0.188409461,
        0.188250583,
        0.18929277,
        0.18765567600000002,
        0.189711116,
        0.18861122000000002,
        0.18811349600000002,
        0.188018347,
        0.18864850000000002,
        0.18848060500000002,
        0.188048674,
        0.18924127400000001,
        0.188615148,
        0.190243876,
        0.191003413,
        0.188438145
      ],
      "exit_codes": [
        0,
        0,
        0,
        0,
        0,
        0,
        0,
        0,
        0,
        0,
        0,
        0,
        0,
        0,
        0,
        0,
        0,
        0,
        0,
        0
      ]
    }
  ]
}
