{
  "results": [
    {
      "command": "value_scr1_signals_1000",
      "mean": 0.5995247380000001,
      "stddev": 0.020220719246761776,
      "median": 0.5922914495,
      "user": 0.5183528333333334,
      "system": 0.06123466666666666,
      "min": 0.5889732040000001,
      "max": 0.640686352,
      "times": [
        0.592557122,
        0.5900954770000001,
        0.592025777,
        0.5889732040000001,
        0.592810496,
        0.640686352
      ],
      "exit_codes": [
        0,
        0,
        0,
        0,
        0,
        0
      ]
    }
  ]
}
