{
  "results": [
    {
      "command": "value_chipyard_dualrocketconfig_dhrystone_signals_1",
      "mean": 0.19002253099999997,
      "stddev": 0.0013595066876559904,
      "median": 0.190144153,
      "user": 0.12307105,
      "system": 0.04933404999999999,
      "min": 0.18744374800000002,
      "max": 0.193140952,
      "times": [
        0.191103726,
        0.188492874,
        0.18845814900000002,
        0.190348071,
        0.19101031100000002,
        0.193140952,
        0.190150029,
        0.1918639,
        0.19074432200000002,
        0.18744374800000002,
        0.18912868600000002,
        0.19093031100000002,
        0.188812433,
        0.189930708,
        0.190941672,
        0.18882247100000002,
        0.19006087200000002,
        0.19013827700000002,
        0.190402171,
        0.188526937
      ],
      "exit_codes": [
        0,
        0,
        0,
        0,
        0,
        0,
        0,
        0,
        0,
        0,
        0,
        0,
        0,
        0,
        0,
        0,
        0,
        0,
        0,
        0
      ]
    }
  ]
}
