{
  "results": [
    {
      "command": "value_chipyard_dualrocketconfig_dhrystone_signals_1000",
      "mean": 0.9422815715000001,
      "stddev": 0.0011658795401820396,
      "median": 0.9422239460000001,
      "user": 0.8209274999999999,
      "system": 0.10295616666666667,
      "min": 0.9406464550000001,
      "max": 0.9442581480000001,
      "times": [
        0.9424428060000001,
        0.9420951740000001,
        0.9423527180000001,
        0.941894128,
        0.9406464550000001,
        0.9442581480000001
      ],
      "exit_codes": [
        0,
        0,
        0,
        0,
        0,
        0
      ]
    }
  ]
}
