{
  "results": [
    {
      "command": "value_scr1_signals_1000",
      "mean": 0.3912621486666667,
      "stddev": 0.0015424649001267658,
      "median": 0.3914695575,
      "user": 0.32237350000000004,
      "system": 0.040288833333333336,
      "min": 0.388637412,
      "max": 0.393044602,
      "times": [
        0.391983332,
        0.392225641,
        0.390955783,
        0.393044602,
        0.388637412,
        0.390726122
      ],
      "exit_codes": [
        0,
        0,
        0,
        0,
        0,
        0
      ]
    }
  ]
}
