{
  "results": [
    {
      "command": "value_scr1_signals_10",
      "mean": 0.05679677286666667,
      "stddev": 0.0012099641679358503,
      "median": 0.05677238800000001,
      "user": 0.02964113333333333,
      "system": 0.01524073333333333,
      "min": 0.055250809000000005,
      "max": 0.060016269000000004,
      "times": [
        0.057156905,
        0.057133321,
        0.055587948000000005,
        0.056164893,
        0.055381332000000005,
        0.055250809000000005,
        0.060016269000000004,
        0.057108745,
        0.056843089000000006,
        0.05645726,
        0.05677238800000001,
        0.058505533000000005,
        0.056923411,
        0.056188100000000005,
        0.056461590000000006
      ],
      "exit_codes": [
        0,
        0,
        0,
        0,
        0,
        0,
        0,
        0,
        0,
        0,
        0,
        0,
        0,
        0,
        0
      ]
    }
  ]
}
