{
  "results": [
    {
      "command": "value_picorv32_signals_1",
      "mean": 0.08932850134999999,
      "stddev": 0.0013925253925430926,
      "median": 0.0891813025,
      "user": 0.051430550000000005,
      "system": 0.0221829,
      "min": 0.08732624400000001,
      "max": 0.09193925700000001,
      "times": [
        0.09193925700000001,
        0.091666866,
        0.087716266,
        0.087366869,
        0.08732624400000001,
        0.08813907,
        0.089940193,
        0.09008178800000001,
        0.08934478400000001,
        0.089171599,
        0.089191006,
        0.087353575,
        0.08848315600000001,
        0.089147845,
        0.09142138400000001,
        0.090595383,
        0.089705001,
        0.089122537,
        0.090086628,
        0.088770576
      ],
      "exit_codes": [
        0,
        0,
        0,
        0,
        0,
        0,
        0,
        0,
        0,
        0,
        0,
        0,
        0,
        0,
        0,
        0,
        0,
        0,
        0,
        0
      ]
    }
  ]
}
