{
  "results": [
    {
      "command": "value_scr1_signals_1",
      "mean": 0.05733852375,
      "stddev": 0.0009974181119901456,
      "median": 0.0572658215,
      "user": 0.029194899999999996,
      "system": 0.01618195,
      "min": 0.054689479000000006,
      "max": 0.059136732000000004,
      "times": [
        0.059136732000000004,
        0.056650324,
        0.057297736,
        0.057720939000000006,
        0.056611871,
        0.05810668200000001,
        0.058461597000000004,
        0.058311976,
        0.056639453000000006,
        0.056535088000000004,
        0.056593737000000005,
        0.057501097,
        0.057618908,
        0.057043991,
        0.058687049000000005,
        0.054689479000000006,
        0.058078870000000005,
        0.057233907,
        0.056698504000000004,
        0.057152535000000004
      ],
      "exit_codes": [
        0,
        0,
        0,
        0,
        0,
        0,
        0,
        0,
        0,
        0,
        0,
        0,
        0,
        0,
        0,
        0,
        0,
        0,
        0,
        0
      ]
    }
  ]
}
