{
  "results": [
    {
      "command": "value_chipyard_dualrocketconfig_dhrystone_signals_10",
      "mean": 0.19046147533333332,
      "stddev": 0.0012447672569976184,
      "median": 0.190254676,
      "user": 0.12247719999999998,
      "system": 0.05383846666666667,
      "min": 0.18824649100000002,
      "max": 0.19344601700000003,
      "times": [
        0.18934197600000002,
        0.191208444,
        0.18914956300000002,
        0.18975539000000002,
        0.19344601700000003,
        0.19012103100000002,
        0.19008401200000002,
        0.191075255,
        0.18992208600000002,
        0.191767926,
        0.190254676,
        0.190512232,
        0.19049464000000002,
        0.191542391,
        0.18824649100000002
      ],
      "exit_codes": [
        0,
        0,
        0,
        0,
        0,
        0,
        0,
        0,
        0,
        0,
        0,
        0,
        0,
        0,
        0
      ]
    }
  ]
}
