{
  "results": [
    {
      "command": "value_chipyard_dualrocketconfig_dhrystone_signals_100",
      "mean": 0.5420499496000001,
      "stddev": 0.0035749762266894386,
      "median": 0.541112611,
      "user": 0.4451156,
      "system": 0.0754767,
      "min": 0.539773091,
      "max": 0.552029969,
      "times": [
        0.552029969,
        0.5411891200000001,
        0.542420132,
        0.541294538,
        0.541069785,
        0.539773091,
        0.540635701,
        0.540392143,
        0.541155437,
        0.54053958
      ],
      "exit_codes": [
        0,
        0,
        0,
        0,
        0,
        0,
        0,
        0,
        0,
        0
      ]
    }
  ]
}
