{
  "results": [
    {
      "command": "value_scr1_signals_10",
      "mean": 0.05726945159999999,
      "stddev": 0.0009897515400182,
      "median": 0.057334165000000006,
      "user": 0.029988133333333333,
      "system": 0.015229999999999999,
      "min": 0.055352672000000006,
      "max": 0.058656062,
      "times": [
        0.057839682,
        0.057037809,
        0.0555966,
        0.057984733000000004,
        0.055928631000000006,
        0.055352672000000006,
        0.057738122,
        0.057226504000000004,
        0.058656062,
        0.056940407000000005,
        0.058048363000000006,
        0.057878755000000004,
        0.057334165000000006,
        0.058401846,
        0.057077423
      ],
      "exit_codes": [
        0,
        0,
        0,
        0,
        0,
        0,
        0,
        0,
        0,
        0,
        0,
        0,
        0,
        0,
        0
      ]
    }
  ]
}
