{
  "results": [
    {
      "command": "value_picorv32_signals_1000",
      "mean": 2.043652580166667,
      "stddev": 0.0007790398724721509,
      "median": 2.04369748,
      "user": 1.8526866666666664,
      "system": 0.181698,
      "min": 2.042319157,
      "max": 2.044469503,
      "times": [
        2.043569502,
        2.0443461960000002,
        2.042319157,
        2.043385665,
        2.043825458,
        2.044469503
      ],
      "exit_codes": [
        0,
        0,
        0,
        0,
        0,
        0
      ]
    }
  ]
}
