{
  "results": [
    {
      "command": "value_chipyard_dualrocketconfig_dhrystone_signals_1",
      "mean": 0.18974492005000004,
      "stddev": 0.0011311453569527825,
      "median": 0.189601266,
      "user": 0.12252109999999997,
      "system": 0.05008680000000001,
      "min": 0.18789650800000002,
      "max": 0.191694147,
      "times": [
        0.189587541,
        0.190640883,
        0.19140748200000002,
        0.18911593100000001,
        0.190473898,
        0.190803461,
        0.18840555,
        0.18789650800000002,
        0.191694147,
        0.189066901,
        0.18885053100000002,
        0.190788426,
        0.18824522900000001,
        0.189580734,
        0.18842550000000002,
        0.18863647900000002,
        0.19046226100000002,
        0.189614991,
        0.19041402100000002,
        0.19078792700000002
      ],
      "exit_codes": [
        0,
        0,
        0,
        0,
        0,
        0,
        0,
        0,
        0,
        0,
        0,
        0,
        0,
        0,
        0,
        0,
        0,
        0,
        0,
        0
      ]
    }
  ]
}
