{
  "results": [
    {
      "command": "value_scr1_signals_10",
      "mean": 0.05695045806666667,
      "stddev": 0.0011070933457365778,
      "median": 0.056658212000000006,
      "user": 0.030068133333333327,
      "system": 0.014461999999999997,
      "min": 0.055226986000000006,
      "max": 0.059141749,
      "times": [
        0.056594001000000005,
        0.055826169,
        0.056658212000000006,
        0.057227137000000004,
        0.056826139000000005,
        0.05838866400000001,
        0.057256934,
        0.056322998000000006,
        0.056539898000000005,
        0.055226986000000006,
        0.059141749,
        0.056785433,
        0.05895819100000001,
        0.056078216,
        0.056426144000000004
      ],
      "exit_codes": [
        0,
        0,
        0,
        0,
        0,
        0,
        0,
        0,
        0,
        0,
        0,
        0,
        0,
        0,
        0
      ]
    }
  ]
}
