{
  "results": [
    {
      "command": "value_chipyard_clusteredrocketconfig_dhrystone_signals_100",
      "mean": 0.5419174023,
      "stddev": 0.0012912310191546409,
      "median": 0.5420312895,
      "user": 0.4266735,
      "system": 0.07595589999999999,
      "min": 0.539086229,
      "max": 0.54343701,
      "times": [
        0.539086229,
        0.541752111,
        0.540935319,
        0.5432581550000001,
        0.542872016,
        0.541549572,
        0.54343701,
        0.541403191,
        0.542310468,
        0.542569952
      ],
      "exit_codes": [
        0,
        0,
        0,
        0,
        0,
        0,
        0,
        0,
        0,
        0
      ]
    }
  ]
}
