{
  "results": [
    {
      "command": "value_picorv32_signals_100",
      "mean": 0.4401676795,
      "stddev": 0.001473283303373965,
      "median": 0.44000667800000004,
      "user": 0.37063129999999994,
      "system": 0.053124099999999994,
      "min": 0.438537979,
      "max": 0.44372684500000004,
      "times": [
        0.439540362,
        0.44372684500000004,
        0.440938007,
        0.440075839,
        0.44033986500000005,
        0.439937517,
        0.44055593000000004,
        0.438537979,
        0.43861686800000005,
        0.43940758300000005
      ],
      "exit_codes": [
        0,
        0,
        0,
        0,
        0,
        0,
        0,
        0,
        0,
        0
      ]
    }
  ]
}
