{
  "results": [
    {
      "command": "value_scr1_signals_1",
      "mean": 0.05679183445,
      "stddev": 0.0010996687579617813,
      "median": 0.0566111745,
      "user": 0.03061,
      "system": 0.014863899999999996,
      "min": 0.055144495,
      "max": 0.058955883,
      "times": [
        0.056231667000000006,
        0.056715105,
        0.056826554,
        0.058339726,
        0.055472701000000006,
        0.05790333600000001,
        0.055934709000000006,
        0.056578608,
        0.058955883,
        0.055144495,
        0.055963152,
        0.056914490000000005,
        0.056476036,
        0.057370355000000005,
        0.056643741000000004,
        0.058040103,
        0.055780430000000006,
        0.058717416,
        0.056157859000000004,
        0.055670323
      ],
      "exit_codes": [
        0,
        0,
        0,
        0,
        0,
        0,
        0,
        0,
        0,
        0,
        0,
        0,
        0,
        0,
        0,
        0,
        0,
        0,
        0,
        0
      ]
    }
  ]
}
