{
  "results": [
    {
      "command": "value_chipyard_clusteredrocketconfig_dhrystone_signals_1000",
      "mean": 0.9007370691666666,
      "stddev": 0.02068304636257376,
      "median": 0.892452902,
      "user": 0.7914659999999999,
      "system": 0.09432533333333333,
      "min": 0.890073675,
      "max": 0.942812155,
      "times": [
        0.942812155,
        0.8930372790000001,
        0.891468672,
        0.890073675,
        0.891868525,
        0.895162109
      ],
      "exit_codes": [
        0,
        0,
        0,
        0,
        0,
        0
      ]
    }
  ]
}
