{
  "results": [
    {
      "command": "value_chipyard_clusteredrocketconfig_dhrystone_signals_100",
      "mean": 0.5510403368000001,
      "stddev": 0.020699248477058643,
      "median": 0.5414992465,
      "user": 0.45619820000000005,
      "system": 0.0769008,
      "min": 0.539463142,
      "max": 0.5905342560000001,
      "times": [
        0.5899968760000001,
        0.540596591,
        0.5416025600000001,
        0.539463142,
        0.543102647,
        0.5905342560000001,
        0.5423098590000001,
        0.541209071,
        0.541395933,
        0.5401924330000001
      ],
      "exit_codes": [
        0,
        0,
        0,
        0,
        0,
        0,
        0,
        0,
        0,
        0
      ]
    }
  ]
}
