{
  "results": [
    {
      "command": "value_chipyard_clusteredrocketconfig_dhrystone_signals_10",
      "mean": 0.19881896926666665,
      "stddev": 0.02148650547149052,
      "median": 0.18842086000000002,
      "user": 0.1310851333333333,
      "system": 0.056069600000000004,
      "min": 0.187026878,
      "max": 0.241281704,
      "times": [
        0.18814592500000002,
        0.187026878,
        0.18851631900000002,
        0.18823810800000002,
        0.189565494,
        0.188251612,
        0.188282471,
        0.18842086000000002,
        0.188299783,
        0.18809777400000002,
        0.18889324500000002,
        0.241281704,
        0.240175451,
        0.23948174200000003,
        0.18960717300000002
      ],
      "exit_codes": [
        0,
        0,
        0,
        0,
        0,
        0,
        0,
        0,
        0,
        0,
        0,
        0,
        0,
        0,
        0
      ]
    }
  ]
}
