{
  "results": [
    {
      "command": "value_chipyard_dualrocketconfig_dhrystone_signals_10",
      "mean": 0.18957318526666667,
      "stddev": 0.0015858768723394235,
      "median": 0.18943931700000002,
      "user": 0.11905133333333334,
      "system": 0.05332339999999999,
      "min": 0.188020088,
      "max": 0.194178226,
      "times": [
        0.189523666,
        0.188026791,
        0.18812009500000001,
        0.189436622,
        0.189054055,
        0.19031752300000002,
        0.188020088,
        0.188190928,
        0.19000129000000002,
        0.18943931700000002,
        0.189574871,
        0.19096010600000002,
        0.18834466600000002,
        0.19040953500000002,
        0.194178226
      ],
      "exit_codes": [
        0,
        0,
        0,
        0,
        0,
        0,
        0,
        0,
        0,
        0,
        0,
        0,
        0,
        0,
        0
      ]
    }
  ]
}
