{
  "results": [
    {
      "command": "value_scr1_signals_100",
      "mean": 0.058020077200000006,
      "stddev": 0.001119315564846145,
      "median": 0.0578354395,
      "user": 0.030678800000000006,
      "system": 0.015224300000000001,
      "min": 0.056319935,
      "max": 0.059647439000000003,
      "times": [
        0.057053439000000004,
        0.058751671000000005,
        0.056319935,
        0.057379019,
        0.057876882000000004,
        0.05779399700000001,
        0.059287735,
        0.059088542,
        0.059647439000000003,
        0.057002113
      ],
      "exit_codes": [
        0,
        0,
        0,
        0,
        0,
        0,
        0,
        0,
        0,
        0
      ]
    }
  ]
}
