{
  "results": [
    {
      "command": "value_picorv32_signals_1",
      "mean": 0.09002193320000001,
      "stddev": 0.0010736313305502562,
      "median": 0.090087438,
      "user": 0.04850725,
      "system": 0.022950499999999995,
      "min": 0.087863037,
      "max": 0.091724577,
      "times": [
        0.089342473,
        0.08832806600000001,
        0.087863037,
        0.08810759900000001,
        0.09005532200000001,
        0.089573861,
        0.091724577,
        0.090971463,
        0.090423267,
        0.08937072800000001,
        0.09003853,
        0.090549746,
        0.08936513700000001,
        0.090132348,
        0.09102763100000001,
        0.09116466000000001,
        0.091383243,
        0.09089050100000001,
        0.090006921,
        0.090119554
      ],
      "exit_codes": [
        0,
        0,
        0,
        0,
        0,
        0,
        0,
        0,
        0,
        0,
        0,
        0,
        0,
        0,
        0,
        0,
        0,
        0,
        0,
        0
      ]
    }
  ]
}
