{
  "results": [
    {
      "command": "value_chipyard_clusteredrocketconfig_dhrystone_signals_1000",
      "mean": 0.9005813215000001,
      "stddev": 0.02119601037853222,
      "median": 0.8921805765,
      "user": 0.7886928333333333,
      "system": 0.09730533333333334,
      "min": 0.890878006,
      "max": 0.943808469,
      "times": [
        0.892759371,
        0.890878006,
        0.8932152050000001,
        0.8916017820000001,
        0.8912250960000001,
        0.943808469
      ],
      "exit_codes": [
        0,
        0,
        0,
        0,
        0,
        0
      ]
    }
  ]
}
