{
  "results": [
    {
      "command": "value_picorv32_signals_100",
      "mean": 0.4417326635,
      "stddev": 0.0005887185522424933,
      "median": 0.44177310550000004,
      "user": 0.3502964,
      "system": 0.0466901,
      "min": 0.440717858,
      "max": 0.44293427,
      "times": [
        0.44136855700000005,
        0.44173029500000005,
        0.441419763,
        0.442125937,
        0.44193019,
        0.44181591600000003,
        0.44293427,
        0.440717858,
        0.44132724,
        0.441956609
      ],
      "exit_codes": [
        0,
        0,
        0,
        0,
        0,
        0,
        0,
        0,
        0,
        0
      ]
    }
  ]
}
