{
  "results": [
    {
      "command": "value_scr1_signals_10",
      "mean": 0.0565142296,
      "stddev": 0.0007618539271622489,
      "median": 0.05632337900000001,
      "user": 0.030217400000000002,
      "system": 0.014942333333333332,
      "min": 0.055356984000000005,
      "max": 0.058092522,
      "times": [
        0.056986625000000006,
        0.056793502,
        0.056076005000000005,
        0.055557220000000004,
        0.057160912,
        0.05632337900000001,
        0.05745248,
        0.058092522,
        0.05592483,
        0.056088148000000004,
        0.056283775,
        0.055356984000000005,
        0.057077365000000005,
        0.056786118000000003,
        0.055753579000000004
      ],
      "exit_codes": [
        0,
        0,
        0,
        0,
        0,
        0,
        0,
        0,
        0,
        0,
        0,
        0,
        0,
        0,
        0
      ]
    }
  ]
}
