{
  "results": [
    {
      "command": "value_chipyard_clusteredrocketconfig_dhrystone_signals_1000",
      "mean": 0.9598730353333332,
      "stddev": 0.026623900383826744,
      "median": 0.9429957765000001,
      "user": 0.8300986666666668,
      "system": 0.11249966666666666,
      "min": 0.9423628470000001,
      "max": 0.99456299,
      "times": [
        0.942400828,
        0.9423628470000001,
        0.99456299,
        0.943037925,
        0.9939199940000001,
        0.942953628
      ],
      "exit_codes": [
        0,
        0,
        0,
        0,
        0,
        0
      ]
    }
  ]
}
