{
  "results": [
    {
      "command": "value_chipyard_dualrocketconfig_dhrystone_signals_1000",
      "mean": 0.9094832531666667,
      "stddev": 0.026191233131110252,
      "median": 0.8936147115,
      "user": 0.7877106666666666,
      "system": 0.0962135,
      "min": 0.8914779110000001,
      "max": 0.944321744,
      "times": [
        0.893667658,
        0.942206748,
        0.8935617650000001,
        0.944321744,
        0.891663693,
        0.8914779110000001
      ],
      "exit_codes": [
        0,
        0,
        0,
        0,
        0,
        0
      ]
    }
  ]
}
