{
  "results": [
    {
      "command": "value_picorv32_signals_100",
      "mean": 0.44151432380000005,
      "stddev": 0.0010187308154453517,
      "median": 0.44170379400000004,
      "user": 0.3529162,
      "system": 0.05173029999999999,
      "min": 0.438983465,
      "max": 0.442654376,
      "times": [
        0.438983465,
        0.441815143,
        0.442328253,
        0.44112484100000005,
        0.44211057600000003,
        0.442654376,
        0.44140015800000004,
        0.441985605,
        0.441592445,
        0.441148376
      ],
      "exit_codes": [
        0,
        0,
        0,
        0,
        0,
        0,
        0,
        0,
        0,
        0
      ]
    }
  ]
}
