{
  "results": [
    {
      "command": "value_chipyard_dualrocketconfig_dhrystone_signals_100",
      "mean": 0.4895807702,
      "stddev": 0.001271084813568825,
      "median": 0.48959106750000003,
      "user": 0.4169181,
      "system": 0.0652362,
      "min": 0.487749943,
      "max": 0.49132716600000004,
      "times": [
        0.48907646800000004,
        0.488312988,
        0.49062739400000005,
        0.48804918300000005,
        0.49132716600000004,
        0.487749943,
        0.489600721,
        0.491008288,
        0.48958141400000005,
        0.49047413700000003
      ],
      "exit_codes": [
        0,
        0,
        0,
        0,
        0,
        0,
        0,
        0,
        0,
        0
      ]
    }
  ]
}
