{
  "results": [
    {
      "command": "value_picorv32_signals_1000",
      "mean": 2.1952460418333333,
      "stddev": 0.03254760710651005,
      "median": 2.1956216645,
      "user": 1.970281333333333,
      "system": 0.19269916666666664,
      "min": 2.143136229,
      "max": 2.245950454,
      "times": [
        2.193369496,
        2.195900571,
        2.143136229,
        2.195342758,
        2.245950454,
        2.197776743
      ],
      "exit_codes": [
        0,
        0,
        0,
        0,
        0,
        0
      ]
    }
  ]
}
