{
  "results": [
    {
      "command": "value_chipyard_clusteredrocketconfig_dhrystone_signals_1",
      "mean": 0.21801902465,
      "stddev": 0.02644466733419897,
      "median": 0.23903870500000002,
      "user": 0.1328361,
      "system": 0.059556949999999984,
      "min": 0.18830442900000002,
      "max": 0.243062565,
      "times": [
        0.19049300100000002,
        0.24238841300000002,
        0.24251134400000002,
        0.190728637,
        0.188427178,
        0.239469498,
        0.190328081,
        0.24213641900000002,
        0.188888672,
        0.18830442900000002,
        0.238607912,
        0.24021903800000002,
        0.24299467500000002,
        0.189348323,
        0.24118076800000002,
        0.243062565,
        0.19052228200000002,
        0.240266412,
        0.18895872900000002,
        0.241544117
      ],
      "exit_codes": [
        0,
        0,
        0,
        0,
        0,
        0,
        0,
        0,
        0,
        0,
        0,
        0,
        0,
        0,
        0,
        0,
        0,
        0,
        0,
        0
      ]
    }
  ]
}
