{
  "results": [
    {
      "command": "value_picorv32_signals_10",
      "mean": 0.19011286366666671,
      "stddev": 0.001853125432671349,
      "median": 0.189894438,
      "user": 0.1345005333333333,
      "system": 0.028615866666666663,
      "min": 0.18726957200000002,
      "max": 0.19394319000000002,
      "times": [
        0.18726957200000002,
        0.18770893200000002,
        0.18845741700000002,
        0.190385933,
        0.19394319000000002,
        0.192265869,
        0.191838271,
        0.190967765,
        0.188579189,
        0.189246312,
        0.19168949100000002,
        0.189894438,
        0.18930413100000001,
        0.191093475,
        0.18904897
      ],
      "exit_codes": [
        0,
        0,
        0,
        0,
        0,
        0,
        0,
        0,
        0,
        0,
        0,
        0,
        0,
        0,
        0
      ]
    }
  ]
}
