{
  "results": [
    {
      "command": "value_picorv32_signals_1",
      "mean": 0.09025821495000001,
      "stddev": 0.0013903361165530982,
      "median": 0.090551724,
      "user": 0.0504271,
      "system": 0.02170285,
      "min": 0.086944856,
      "max": 0.09243578400000001,
      "times": [
        0.09104719300000001,
        0.090232145,
        0.090981239,
        0.09129904400000001,
        0.08993384600000001,
        0.089747136,
        0.091560704,
        0.090594804,
        0.09059211,
        0.088977495,
        0.088268867,
        0.086944856,
        0.09051133800000001,
        0.09183079000000001,
        0.09243578400000001,
        0.09033627000000001,
        0.090372879,
        0.09091313100000001,
        0.087554267,
        0.09103040100000001
      ],
      "exit_codes": [
        0,
        0,
        0,
        0,
        0,
        0,
        0,
        0,
        0,
        0,
        0,
        0,
        0,
        0,
        0,
        0,
        0,
        0,
        0,
        0
      ]
    }
  ]
}
