{
  "results": [
    {
      "command": "value_chipyard_dualrocketconfig_dhrystone_signals_100",
      "mean": 0.5048915514000001,
      "stddev": 0.024359210175412576,
      "median": 0.491033728,
      "user": 0.41503679999999993,
      "system": 0.0714609,
      "min": 0.48772448500000004,
      "max": 0.5422030360000001,
      "times": [
        0.49012508800000004,
        0.48813291200000003,
        0.49124336700000004,
        0.5387941460000001,
        0.5422030360000001,
        0.48911915600000005,
        0.49136967600000003,
        0.48772448500000004,
        0.539379559,
        0.490824089
      ],
      "exit_codes": [
        0,
        0,
        0,
        0,
        0,
        0,
        0,
        0,
        0,
        0
      ]
    }
  ]
}
