{
  "results": [
    {
      "command": "value_chipyard_dualrocketconfig_dhrystone_signals_10",
      "mean": 0.1898849506666667,
      "stddev": 0.0010826737883301866,
      "median": 0.18976352400000002,
      "user": 0.126939,
      "system": 0.05614193333333333,
      "min": 0.18840626500000002,
      "max": 0.192365061,
      "times": [
        0.1893088,
        0.189913416,
        0.19052042700000002,
        0.190476103,
        0.19066000900000002,
        0.19135780800000002,
        0.192365061,
        0.188948314,
        0.18840626500000002,
        0.18848267900000001,
        0.190191829,
        0.188959124,
        0.18930732800000002,
        0.189613573,
        0.18976352400000002
      ],
      "exit_codes": [
        0,
        0,
        0,
        0,
        0,
        0,
        0,
        0,
        0,
        0,
        0,
        0,
        0,
        0,
        0
      ]
    }
  ]
}
