{
  "results": [
    {
      "command": "value_chipyard_clusteredrocketconfig_dhrystone_signals_10",
      "mean": 0.2097934836666667,
      "stddev": 0.02632883657235722,
      "median": 0.190379763,
      "user": 0.13285546666666667,
      "system": 0.05642099999999999,
      "min": 0.187930012,
      "max": 0.24540704700000002,
      "times": [
        0.239296322,
        0.24205849200000001,
        0.24105710100000002,
        0.23837143600000002,
        0.18913891300000002,
        0.187969894,
        0.188331408,
        0.189370472,
        0.24540704700000002,
        0.18903066100000002,
        0.23905693400000003,
        0.191291504,
        0.187930012,
        0.190379763,
        0.188212296
      ],
      "exit_codes": [
        0,
        0,
        0,
        0,
        0,
        0,
        0,
        0,
        0,
        0,
        0,
        0,
        0,
        0,
        0
      ]
    }
  ]
}
