{
  "results": [
    {
      "command": "value_chipyard_dualrocketconfig_dhrystone_signals_1000",
      "mean": 0.894140605,
      "stddev": 0.0007900060922086644,
      "median": 0.894300954,
      "user": 0.771919,
      "system": 0.095341,
      "min": 0.892982763,
      "max": 0.895132142,
      "times": [
        0.894082445,
        0.895132142,
        0.8945194630000001,
        0.892982763,
        0.8934986210000001,
        0.8946281960000001
      ],
      "exit_codes": [
        0,
        0,
        0,
        0,
        0,
        0
      ]
    }
  ]
}
