{
  "results": [
    {
      "command": "value_picorv32_signals_10",
      "mean": 0.18969804226666667,
      "stddev": 0.000994241682155047,
      "median": 0.18980348200000002,
      "user": 0.1407619333333333,
      "system": 0.031133933333333332,
      "min": 0.188589532,
      "max": 0.192037006,
      "times": [
        0.18986823300000003,
        0.190342794,
        0.18865215000000002,
        0.18863175100000001,
        0.188589532,
        0.189839539,
        0.19033497900000002,
        0.188847026,
        0.18977333500000002,
        0.18980348200000002,
        0.18882425300000003,
        0.192037006,
        0.19034647100000002,
        0.188766194,
        0.19081388900000001
      ],
      "exit_codes": [
        0,
        0,
        0,
        0,
        0,
        0,
        0,
        0,
        0,
        0,
        0,
        0,
        0,
        0,
        0
      ]
    }
  ]
}
