{
  "results": [
    {
      "command": "change_scr1_coremark_imem_axi_1sig_to_1000ps",
      "mean": 0.9873586403333334,
      "stddev": 0.009948690748251611,
      "median": 0.985020031,
      "user": 0.9399895555555555,
      "system": 0.04511822222222222,
      "min": 0.975078784,
      "max": 1.003605554,
      "times": [
        0.982294705,
        0.9820987750000001,
        0.985020031,
        0.998605587,
        0.991396813,
        1.003605554,
        0.975078784,
        0.9928319560000001,
        0.975295558
      ],
      "exit_codes": [
        0,
        0,
        0,
        0,
        0,
        0,
        0,
        0,
        0
      ]
    }
  ]
}
