{
  "results": [
    {
      "command": "change_scr1_coremark_imem_axi_2sig_to_1000ps",
      "mean": 1.919037422,
      "stddev": 0.016788436812015896,
      "median": 1.919613312,
      "user": 1.8533954444444447,
      "system": 0.06386077777777778,
      "min": 1.894800794,
      "max": 1.9449330960000002,
      "times": [
        1.9449330960000002,
        1.919613312,
        1.931718448,
        1.898092729,
        1.910516184,
        1.894800794,
        1.912852052,
        1.923440817,
        1.9353693660000002
      ],
      "exit_codes": [
        0,
        0,
        0,
        0,
        0,
        0,
        0,
        0,
        0
      ]
    }
  ]
}
