{
  "results": [
    {
      "command": "change_scr1_coremark_imem_axi_2sig_to_1000ps",
      "mean": 0.03339555044444444,
      "stddev": 0.0007885743732088791,
      "median": 0.033323244,
      "user": 0.017886,
      "system": 0.015338777777777778,
      "min": 0.032304903,
      "max": 0.034902573,
      "times": [
        0.033323244,
        0.032631154,
        0.033141738000000004,
        0.032906632000000005,
        0.032304903,
        0.033609053,
        0.033620565000000005,
        0.034902573,
        0.034120092000000005
      ],
      "exit_codes": [
        0,
        0,
        0,
        0,
        0,
        0,
        0,
        0,
        0
      ]
    }
  ]
}
