{
  "results": [
    {
      "command": "change_scr1_coremark_imem_axi_1sig_to_1000ps",
      "mean": 0.032316034666666674,
      "stddev": 0.0011562206732646228,
      "median": 0.032292232000000004,
      "user": 0.014662777777777778,
      "system": 0.01741822222222222,
      "min": 0.030684356000000003,
      "max": 0.034562111,
      "times": [
        0.030932326000000003,
        0.032283636000000004,
        0.031806181,
        0.030684356000000003,
        0.03278207,
        0.034562111,
        0.032421867,
        0.032292232000000004,
        0.033079533
      ],
      "exit_codes": [
        0,
        0,
        0,
        0,
        0,
        0,
        0,
        0,
        0
      ]
    }
  ]
}
